/*
 Navicat MySQL Data Transfer

 Source Server         : 腾讯云
 Source Server Type    : MySQL
 Source Server Version : 50738
 Source Host           : 124.223.18.221:3306
 Source Schema         : auth

 Target Server Type    : MySQL
 Target Server Version : 50738
 File Encoding         : 65001

 Date: 29/01/2023 23:16:01
*/

SET NAMES utf8mb4;
SET FOREIGN_KEY_CHECKS = 0;

-- ----------------------------
-- Table structure for form
-- ----------------------------
DROP TABLE IF EXISTS `form`;
CREATE TABLE `form`  (
  `id` varchar(50) CHARACTER SET utf8mb4 COLLATE utf8mb4_general_ci NOT NULL,
  `create_date` datetime(6) NULL DEFAULT NULL,
  `create_id` varchar(255) CHARACTER SET utf8mb4 COLLATE utf8mb4_general_ci NULL DEFAULT NULL,
  `modify_date` datetime(6) NULL DEFAULT NULL,
  `modify_id` varchar(255) CHARACTER SET utf8mb4 COLLATE utf8mb4_general_ci NULL DEFAULT NULL,
  `status` varchar(2) CHARACTER SET utf8mb4 COLLATE utf8mb4_general_ci NULL DEFAULT NULL,
  `entity_type` varchar(255) CHARACTER SET utf8mb4 COLLATE utf8mb4_general_ci NULL DEFAULT NULL,
  `item_type` varchar(255) CHARACTER SET utf8mb4 COLLATE utf8mb4_general_ci NULL DEFAULT NULL,
  `title` varchar(255) CHARACTER SET utf8mb4 COLLATE utf8mb4_general_ci NULL DEFAULT NULL,
  `type` varchar(255) CHARACTER SET utf8mb4 COLLATE utf8mb4_general_ci NULL DEFAULT NULL,
  `ui_type` varchar(255) CHARACTER SET utf8mb4 COLLATE utf8mb4_general_ci NULL DEFAULT NULL,
  `grid_span` int(11) NULL DEFAULT NULL,
  `name` varchar(255) CHARACTER SET utf8mb4 COLLATE utf8mb4_general_ci NULL DEFAULT NULL,
  PRIMARY KEY (`id`) USING BTREE
) ENGINE = InnoDB CHARACTER SET = utf8mb4 COLLATE = utf8mb4_general_ci ROW_FORMAT = DYNAMIC;

-- ----------------------------
-- Records of form
-- ----------------------------
INSERT INTO `form` VALUES ('4028b881857568ed0185756c7d960000', '2023-01-03 10:18:42.451000', '40288a8182a656740182a659f4d10001', '2023-01-04 21:47:50.146000', '40288a8182a656740182a659f4d10001', '1', 'sysUser', 'entity', '用户表', 'sysUser', 'save', 2, '用户管理');
INSERT INTO `form` VALUES ('4028b881857568ed0185757479b60018', '2023-01-03 10:27:25.750000', '40288a8182a656740182a659f4d10001', '2023-01-03 10:30:38.947000', '40288a8182a656740182a659f4d10001', '1', 'sysUser', 'req', '用户列表查询', 'sysUserPageReq', 'req', 1, '用户查询条件');
INSERT INTO `form` VALUES ('4028b881857568ed01857577fc260021', '2023-01-03 10:31:15.750000', '40288a8182a656740182a659f4d10001', '2023-01-04 21:52:49.555000', '40288a8182a656740182a659f4d10001', '1', 'sysOrg', 'entity', '机构', 'sysOrg', 'save', 2, '机构管理');
INSERT INTO `form` VALUES ('4028b881857568ed0185757b9bf20032', '2023-01-03 10:35:13.265000', '40288a8182a656740182a659f4d10001', '2023-01-03 10:37:04.869000', '40288a8182a656740182a659f4d10001', '1', 'sysOrg', 'req', '机构查询条件', 'sysOrgPageReq', 'req', 1, '机构管理查询条件');
INSERT INTO `form` VALUES ('4028b881857568ed0185758ab327003a', '2023-01-03 10:51:42.247000', '40288a8182a656740182a659f4d10001', '2023-01-03 10:54:15.777000', '40288a8182a656740182a659f4d10001', '1', 'sysArea', 'req', '地区查询条件', 'sysAreaPageReq', 'req', 1, '地区查询条件');
INSERT INTO `form` VALUES ('4028b881857568ed0185758d6f660040', '2023-01-03 10:54:41.510000', '40288a8182a656740182a659f4d10001', '2023-01-04 21:49:35.985000', '40288a8182a656740182a659f4d10001', '1', 'sysArea', 'entity', '行政区划', 'sysArea', 'save', 2, '地区管理');
INSERT INTO `form` VALUES ('4028b881857568ed01857591dff40055', '2023-01-03 10:59:32.468000', '40288a8182a656740182a659f4d10001', '2023-01-04 21:53:45.493000', '40288a8182a656740182a659f4d10001', '1', 'sysDept', 'entity', '科室部门', 'sysDept', 'save', 2, '部门管理');
INSERT INTO `form` VALUES ('4028b881857568ed01857592e0930060', '2023-01-03 11:00:38.162000', '40288a8182a656740182a659f4d10001', '2023-01-03 11:12:46.541000', '40288a8182a656740182a659f4d10001', '1', 'sysDept', 'req', '部门查询条件', 'sysDeptPageReq', 'req', 1, '部门查询条件');
INSERT INTO `form` VALUES ('4028b8818575989b018575a277a50009', '2023-01-03 11:17:39.877000', '4028b881857568ed01857593efa20065', '2023-01-04 21:39:25.377000', '40288a8182a656740182a659f4d10001', '1', 'sysRole', 'save', '角色dto', 'roleDto', 'save', 2, '角色管理');
INSERT INTO `form` VALUES ('4028b8818575989b01857611303e000f', '2023-01-03 13:18:36.094000', '4028b881857568ed01857593efa20065', '2023-01-03 13:18:48.817000', '4028b881857568ed01857593efa20065', '1', 'sysRole', 'req', '角色查询', 'sysRolePageReq', 'req', 1, '角色查询条件');
INSERT INTO `form` VALUES ('4028b8818575989b01857615aead0012', '2023-01-03 13:23:30.605000', '4028b881857568ed01857593efa20065', '2023-01-03 13:23:41.342000', '4028b881857568ed01857593efa20065', '1', 'sysRole', 'entity', '用户角色', 'sysRole', 'save', 2, '角色实体');
INSERT INTO `form` VALUES ('4028b8818575989b0185761c7689001b', '2023-01-03 13:30:54.985000', '40288a8182a656740182a659f4d10001', '2023-01-03 13:31:45.548000', '40288a8182a656740182a659f4d10001', '1', 'sysGroup', 'entity', '权限组', 'sysGroup', 'save', 2, '权限组实体');
INSERT INTO `form` VALUES ('4028b8818575989b0185761e00a30026', '2023-01-03 13:32:35.875000', '40288a8182a656740182a659f4d10001', '2023-01-03 13:33:07.640000', '40288a8182a656740182a659f4d10001', '1', 'sysGroup', 'save', '角色组dto', 'groupDto', 'save', 2, '权限组维护');
INSERT INTO `form` VALUES ('4028b8818575989b0185761f6f64002d', '2023-01-03 13:34:09.764000', '40288a8182a656740182a659f4d10001', NULL, NULL, '1', 'sysFilterGroup', 'entity', '查询权限绑定', 'sysFilterGroup', 'save', 2, '查询权限设置');
INSERT INTO `form` VALUES ('4028b8818575989b0185762161960036', '2023-01-03 13:36:17.302000', '40288a8182a656740182a659f4d10001', '2023-01-03 13:38:09.605000', '40288a8182a656740182a659f4d10001', '1', 'sysGroup', 'save', '权限组与查询条件绑定saveBean', 'groupFilterDto', 'save', 2, '权限组与查询权限绑定');
INSERT INTO `form` VALUES ('4028b8818575989b01857623e556003c', '2023-01-03 13:39:02.102000', '40288a8182a656740182a659f4d10001', '2023-01-03 13:39:10.486000', '40288a8182a656740182a659f4d10001', '1', 'sysGroup', 'req', '角色组分页查询条件', 'sysGroupPageReq', 'req', 1, '权限组查询条件');
INSERT INTO `form` VALUES ('4028b8818575989b01857648302d004e', '2023-01-03 14:18:40.557000', '40288a8182a656740182a659f4d10001', '2023-01-03 14:20:33.290000', '40288a8182a656740182a659f4d10001', '1', 'sysResources', 'req', '资源页面', 'sysResourcesPageReq', 'req', 1, '权限资源查询条件');
INSERT INTO `form` VALUES ('4028b8818575989b0185764a78b40053', '2023-01-03 14:21:10.196000', '40288a8182a656740182a659f4d10001', '2023-01-04 22:31:52.942000', '40288a8182a656740182a659f4d10001', '1', 'sysResources', 'entity', '权限资源', 'sysResources', 'save', 2, '权限资源实体');
INSERT INTO `form` VALUES ('4028b8818575989b0185765623bf0067', '2023-01-03 14:33:54.879000', '40288a8182a656740182a659f4d10001', NULL, NULL, '1', 'formEvent', 'entity', '触发事件', 'formEvent', 'save', 1, '触发事件');
INSERT INTO `form` VALUES ('4028b8818575989b0185765636f90074', '2023-01-03 14:33:59.800000', '40288a8182a656740182a659f4d10001', NULL, NULL, '1', 'formEvent', 'entity', '触发事件', 'formEvent', 'save', 1, '触发事件');
INSERT INTO `form` VALUES ('4028b8818575989b0185765648d30081', '2023-01-03 14:34:04.371000', '40288a8182a656740182a659f4d10001', '2023-01-03 14:35:51.359000', '40288a8182a656740182a659f4d10001', '1', 'formEvent', 'entity', '触发事件', 'formEvent', 'save', 2, '触发事件');
INSERT INTO `form` VALUES ('4028b8818576b48b018576bba36f0000', '2023-01-03 16:24:46.698000', '40288a8182a656740182a659f4d10001', '2023-01-04 23:41:15.761000', '40288a8182a656740182a659f4d10001', '1', 'project', 'entity', '项目管理', 'project', 'save', 2, '项目管理');
INSERT INTO `form` VALUES ('4028b8818576b48b018576bc89790012', '2023-01-03 16:25:45.593000', '40288a8182a656740182a659f4d10001', '2023-01-03 16:27:05.609000', '40288a8182a656740182a659f4d10001', '1', 'project', 'req', '项目管理查询条件', 'projectPageReq', 'req', 1, '项目管理查询条件');
INSERT INTO `form` VALUES ('4028b8818576b48b018576d94ddd0025', '2023-01-03 16:57:10.877000', '40288a8182a656740182a659f4d10001', '2023-01-03 19:14:55.443000', '40288a8182a656740182a659f4d10001', '1', 'formCondition', 'entity', '查询过滤条件', 'formCondition', 'save', 2, '数据过滤条件');
INSERT INTO `form` VALUES ('4028b8818576b48b018576db2dd4002f', '2023-01-03 16:59:13.748000', '40288a8182a656740182a659f4d10001', NULL, NULL, '1', 'form', 'entity', '模型在页面里的信息设置保存实体', 'form', 'save', 2, '实体模型');
INSERT INTO `form` VALUES ('4028b8818576b48b018576df077f0041', '2023-01-03 17:03:26.079000', '40288a8182a656740182a659f4d10001', '2023-01-03 23:22:39.886000', '40288a8182a656740182a659f4d10001', '1', 'formCondition', 'req', '过滤条件的分页查询模型', 'formConditionPageReq', 'req', 1, '过滤器过滤条件');
INSERT INTO `form` VALUES ('4028b8818576b48b01857747a11a0045', '2023-01-03 18:57:41.146000', '40288a8182a656740182a659f4d10001', '2023-01-03 22:30:43.383000', '40288a8182a656740182a659f4d10001', '1', 'reportItem', 'entity', '报表统计项', 'reportItem', 'save', 2, '统计项实体');
INSERT INTO `form` VALUES ('4028b8818576b48b01857749f9530055', '2023-01-03 19:00:14.803000', '40288a8182a656740182a659f4d10001', NULL, NULL, '1', 'formField', 'entity', '列表字段', 'formField', 'save', 2, '实体字段');
INSERT INTO `form` VALUES ('4028b8818576b48b0185775882cd0089', '2023-01-03 19:16:07.501000', '40288a8182a656740182a659f4d10001', '2023-01-03 19:16:40.414000', '40288a8182a656740182a659f4d10001', '1', 'reportItem', 'req', '统计项目查询条件', 'reportItemPageReq', 'req', 1, '统计项查询条件');
INSERT INTO `form` VALUES ('4028b881857760750185780cfe80000a', '2023-01-03 22:33:15.648000', '40288a8182a656740182a659f4d10001', '2023-01-04 23:58:31.175000', '40288a8182a656740182a659f4d10001', '1', 'reportKpi', 'entity', '关键指标', 'reportKpi', 'save', 2, '指标管理');
INSERT INTO `form` VALUES ('4028b881857760750185781153620020', '2023-01-03 22:37:59.522000', '40288a8182a656740182a659f4d10001', '2023-01-03 22:38:24.681000', '40288a8182a656740182a659f4d10001', '1', 'reportKpi', 'req', 'kpi指标项查询条件', 'reportKpiPageReq', 'req', 1, '指标查询条件');
INSERT INTO `form` VALUES ('4028b8818577607501857812bb6e0024', '2023-01-03 22:39:31.693000', '40288a8182a656740182a659f4d10001', NULL, NULL, '1', 'reportTable', 'entity', '报表', 'reportTable', 'save', 2, '报表管理');
INSERT INTO `form` VALUES ('4028b88185776075018578134bdc002f', '2023-01-03 22:40:08.668000', '40288a8182a656740182a659f4d10001', '2023-01-03 22:42:21.440000', '40288a8182a656740182a659f4d10001', '1', 'reportTable', 'save', '报表及关联统计项和指标传输的dto', 'reportTableDto', 'save', 2, '报表管理dto');
INSERT INTO `form` VALUES ('4028b881857b04b801857d0faa060004', '2023-01-04 21:54:16.709000', '40288a8182a656740182a659f4d10001', '2023-01-04 21:55:54.230000', '40288a8182a656740182a659f4d10001', '1', 'sysDict', 'entity', '字典表', 'sysDict', 'save', 2, '字典管理');
INSERT INTO `form` VALUES ('4028b881857b04b801857d34683b005a', '2023-01-04 22:34:24.699000', '40288a8182a656740182a659f4d10001', '2023-01-04 22:47:08.865000', '40288a8182a656740182a659f4d10001', '1', 'project', 'save', '项目dto', 'projectDto', 'save', 2, '项目管理(涵子表)');
INSERT INTO `form` VALUES ('4028b881857b04b801857d34eecf0065', '2023-01-04 22:34:59.151000', '40288a8182a656740182a659f4d10001', '2023-01-04 22:38:36.591000', '40288a8182a656740182a659f4d10001', '1', 'projectTask', 'entity', '项目任务表', 'projectTask', 'save', 2, '项目任务管理(子表)');
INSERT INTO `form` VALUES ('4028b881858ce4ef01858cf892f90004', '2023-01-08 00:02:58.933000', '40288a8182a656740182a659f4d10001', '2023-01-08 00:09:26.810000', '40288a8182a656740182a659f4d10001', '1', 'pageLayout', 'entity', '页面布局', 'pageLayout', 'save', 2, '页面设置');
INSERT INTO `form` VALUES ('4028b88185babe200185bb301adc0008', '2023-01-16 23:26:10.139000', '40288a8182a656740182a659f4d10001', '2023-01-16 23:27:21.681000', '40288a8182a656740182a659f4d10001', '1', 'oaNews', 'entity', NULL, 'oaNews', 'save', 2, 'CMS新闻');
INSERT INTO `form` VALUES ('4028b88185babe200185bb3237760018', '2023-01-16 23:28:28.534000', '40288a8182a656740182a659f4d10001', '2023-01-16 23:29:20.325000', '40288a8182a656740182a659f4d10001', '1', 'oaNews', 'req', 'null(视图)', 'oaNewsPageReq', 'req', 1, '新闻cms查询条件');

-- ----------------------------
-- Table structure for form_api
-- ----------------------------
DROP TABLE IF EXISTS `form_api`;
CREATE TABLE `form_api`  (
  `id` varchar(50) CHARACTER SET utf8mb4 COLLATE utf8mb4_general_ci NOT NULL,
  `create_date` datetime(6) NULL DEFAULT NULL,
  `create_id` varchar(255) CHARACTER SET utf8mb4 COLLATE utf8mb4_general_ci NULL DEFAULT NULL,
  `modify_date` datetime(6) NULL DEFAULT NULL,
  `modify_id` varchar(255) CHARACTER SET utf8mb4 COLLATE utf8mb4_general_ci NULL DEFAULT NULL,
  `status` varchar(2) CHARACTER SET utf8mb4 COLLATE utf8mb4_general_ci NULL DEFAULT NULL,
  `form_id` varchar(255) CHARACTER SET utf8mb4 COLLATE utf8mb4_general_ci NULL DEFAULT NULL,
  `is_list` bit(1) NULL DEFAULT NULL,
  `name` varchar(255) CHARACTER SET utf8mb4 COLLATE utf8mb4_general_ci NULL DEFAULT NULL,
  `params` varchar(255) CHARACTER SET utf8mb4 COLLATE utf8mb4_general_ci NULL DEFAULT NULL,
  `return_type` varchar(255) CHARACTER SET utf8mb4 COLLATE utf8mb4_general_ci NULL DEFAULT NULL,
  `url` varchar(255) CHARACTER SET utf8mb4 COLLATE utf8mb4_general_ci NULL DEFAULT NULL,
  PRIMARY KEY (`id`) USING BTREE
) ENGINE = InnoDB CHARACTER SET = utf8mb4 COLLATE = utf8mb4_general_ci ROW_FORMAT = DYNAMIC;

-- ----------------------------
-- Records of form_api
-- ----------------------------

-- ----------------------------
-- Table structure for form_condition
-- ----------------------------
DROP TABLE IF EXISTS `form_condition`;
CREATE TABLE `form_condition`  (
  `id` varchar(50) CHARACTER SET utf8mb4 COLLATE utf8mb4_general_ci NOT NULL,
  `create_date` datetime(6) NULL DEFAULT NULL,
  `create_id` varchar(255) CHARACTER SET utf8mb4 COLLATE utf8mb4_general_ci NULL DEFAULT NULL,
  `modify_date` datetime(6) NULL DEFAULT NULL,
  `modify_id` varchar(255) CHARACTER SET utf8mb4 COLLATE utf8mb4_general_ci NULL DEFAULT NULL,
  `status` varchar(2) CHARACTER SET utf8mb4 COLLATE utf8mb4_general_ci NULL DEFAULT NULL,
  `condition_json` varchar(255) CHARACTER SET utf8mb4 COLLATE utf8mb4_general_ci NULL DEFAULT NULL,
  `entity_type` varchar(255) CHARACTER SET utf8mb4 COLLATE utf8mb4_general_ci NULL DEFAULT NULL,
  `form_id` varchar(255) CHARACTER SET utf8mb4 COLLATE utf8mb4_general_ci NULL DEFAULT NULL,
  `name` varchar(255) CHARACTER SET utf8mb4 COLLATE utf8mb4_general_ci NULL DEFAULT NULL,
  PRIMARY KEY (`id`) USING BTREE
) ENGINE = InnoDB CHARACTER SET = utf8mb4 COLLATE = utf8mb4_general_ci ROW_FORMAT = DYNAMIC;

-- ----------------------------
-- Records of form_condition
-- ----------------------------
INSERT INTO `form_condition` VALUES ('4028b8818576b48b0185774e4d070082', '2023-01-03 19:04:58.375000', NULL, '2023-01-03 19:15:14.243000', NULL, '1', '{}', NULL, '4028b8818576b48b018576bba36f0000', '今年的项目数据');

-- ----------------------------
-- Table structure for form_event
-- ----------------------------
DROP TABLE IF EXISTS `form_event`;
CREATE TABLE `form_event`  (
  `id` varchar(50) CHARACTER SET utf8mb4 COLLATE utf8mb4_general_ci NOT NULL,
  `create_date` datetime(6) NULL DEFAULT NULL,
  `create_id` varchar(255) CHARACTER SET utf8mb4 COLLATE utf8mb4_general_ci NULL DEFAULT NULL,
  `modify_date` datetime(6) NULL DEFAULT NULL,
  `modify_id` varchar(255) CHARACTER SET utf8mb4 COLLATE utf8mb4_general_ci NULL DEFAULT NULL,
  `status` varchar(2) CHARACTER SET utf8mb4 COLLATE utf8mb4_general_ci NULL DEFAULT NULL,
  `attr` varchar(255) CHARACTER SET utf8mb4 COLLATE utf8mb4_general_ci NULL DEFAULT NULL,
  `event_type` varchar(255) CHARACTER SET utf8mb4 COLLATE utf8mb4_general_ci NULL DEFAULT NULL,
  `form_field_id` varchar(255) CHARACTER SET utf8mb4 COLLATE utf8mb4_general_ci NULL DEFAULT NULL,
  `form_id` varchar(255) CHARACTER SET utf8mb4 COLLATE utf8mb4_general_ci NULL DEFAULT NULL,
  `name` varchar(255) CHARACTER SET utf8mb4 COLLATE utf8mb4_general_ci NULL DEFAULT NULL,
  `val` varchar(255) CHARACTER SET utf8mb4 COLLATE utf8mb4_general_ci NULL DEFAULT NULL,
  PRIMARY KEY (`id`) USING BTREE
) ENGINE = InnoDB CHARACTER SET = utf8mb4 COLLATE = utf8mb4_general_ci ROW_FORMAT = DYNAMIC;

-- ----------------------------
-- Records of form_event
-- ----------------------------
INSERT INTO `form_event` VALUES ('4028b8818575989b0185764bf20e0063', '2023-01-03 14:22:46.798000', '40288a8182a656740182a659f4d10001', '2023-01-03 14:39:56.006000', '40288a8182a656740182a659f4d10001', '0', 'value', 'equals', '4028b8818575989b0185764a78b50055', '4028b8818575989b0185764a78b40053', '当\'资源类型\'的\'值属性为\'等于接口时，归属角色的显示等于true;依赖资源的显示等于true;归属菜单的显示等于true;资源编码的只读等于true;接口地址的显示等于true;', '2');
INSERT INTO `form_event` VALUES ('4028b8818575989b01857674a61d0095', '2023-01-03 15:07:14.332000', '40288a8182a656740182a659f4d10001', NULL, NULL, '1', 'value', 'change', '4028b8818575989b0185764a78b50056', '4028b8818575989b0185764a78b40053', '当\'接口地址\'的\'值属性为\'变化时资源编码的值等于\'{{($self.value.startsWith(\"/\")?$self.value.substring(1):$self.value).split(\"/\").join(\":\")}}\';', NULL);
INSERT INTO `form_event` VALUES ('4028b881857b04b801857d189b5b0053', '2023-01-04 22:04:02.779000', '40288a8182a656740182a659f4d10001', NULL, NULL, '1', 'value', 'equals', '4028b881857695d2018576ab6adf0003', '4028b8818575989b0185764a78b40053', '当\'资源类型\'的\'值属性为\'等于菜单时，接口地址的隐藏等于true;归属角色的隐藏等于true;归属菜单的隐藏等于true;依赖资源的隐藏等于true;', '1');
INSERT INTO `form_event` VALUES ('4028b881857b04b801857d19db910058', '2023-01-04 22:05:24.753000', '40288a8182a656740182a659f4d10001', NULL, NULL, '1', 'value', 'equals', '4028b881857695d2018576ab6adf0003', '4028b8818575989b0185764a78b40053', '当\'资源类型\'的\'值属性为\'等于接口时，资源编码的只读等于true;', '2');
INSERT INTO `form_event` VALUES ('4028b881858ce4ef01858cfdfb770010', '2023-01-08 00:08:53.367000', '40288a8182a656740182a659f4d10001', NULL, NULL, '1', 'value', 'equals', '4028b881858ce4ef01858cf892fe0008', '4028b881858ce4ef01858cf892f90004', '当\'页面/模块\'的\'值属性为\'等于否时，路由地址的隐藏等于true;', 'false');

-- ----------------------------
-- Table structure for form_field
-- ----------------------------
DROP TABLE IF EXISTS `form_field`;
CREATE TABLE `form_field`  (
  `id` varchar(50) CHARACTER SET utf8mb4 COLLATE utf8mb4_general_ci NOT NULL,
  `create_date` datetime(6) NULL DEFAULT NULL,
  `create_id` varchar(255) CHARACTER SET utf8mb4 COLLATE utf8mb4_general_ci NULL DEFAULT NULL,
  `modify_date` datetime(6) NULL DEFAULT NULL,
  `modify_id` varchar(255) CHARACTER SET utf8mb4 COLLATE utf8mb4_general_ci NULL DEFAULT NULL,
  `status` varchar(2) CHARACTER SET utf8mb4 COLLATE utf8mb4_general_ci NULL DEFAULT NULL,
  `api_key` varchar(255) CHARACTER SET utf8mb4 COLLATE utf8mb4_general_ci NULL DEFAULT NULL,
  `data_index` varchar(255) CHARACTER SET utf8mb4 COLLATE utf8mb4_general_ci NULL DEFAULT NULL,
  `description` varchar(255) CHARACTER SET utf8mb4 COLLATE utf8mb4_general_ci NULL DEFAULT NULL,
  `dict_code` varchar(255) CHARACTER SET utf8mb4 COLLATE utf8mb4_general_ci NULL DEFAULT NULL,
  `disabled` bit(1) NULL DEFAULT NULL,
  `field_name` varchar(255) CHARACTER SET utf8mb4 COLLATE utf8mb4_general_ci NULL DEFAULT NULL,
  `field_type` varchar(255) CHARACTER SET utf8mb4 COLLATE utf8mb4_general_ci NULL DEFAULT NULL,
  `form_id` varchar(255) CHARACTER SET utf8mb4 COLLATE utf8mb4_general_ci NULL DEFAULT NULL,
  `initial_values` varchar(255) CHARACTER SET utf8mb4 COLLATE utf8mb4_general_ci NULL DEFAULT NULL,
  `path_name` varchar(255) CHARACTER SET utf8mb4 COLLATE utf8mb4_general_ci NULL DEFAULT NULL,
  `read_only` bit(1) NULL DEFAULT NULL,
  `required` bit(1) NOT NULL,
  `sort` int(11) NULL DEFAULT NULL,
  `title` varchar(255) CHARACTER SET utf8mb4 COLLATE utf8mb4_general_ci NULL DEFAULT NULL,
  `type` varchar(255) CHARACTER SET utf8mb4 COLLATE utf8mb4_general_ci NULL DEFAULT NULL,
  `x_component` varchar(255) CHARACTER SET utf8mb4 COLLATE utf8mb4_general_ci NULL DEFAULT NULL,
  `x_decorator` varchar(255) CHARACTER SET utf8mb4 COLLATE utf8mb4_general_ci NULL DEFAULT NULL,
  `x_decorator_props$grid_span` int(11) NULL DEFAULT NULL,
  `x_hidden` bit(1) NOT NULL,
  `validator` varchar(255) CHARACTER SET utf8mb4 COLLATE utf8mb4_general_ci NULL DEFAULT NULL,
  `x_validator` varchar(255) CHARACTER SET utf8mb4 COLLATE utf8mb4_general_ci NULL DEFAULT NULL,
  `x_component_props$placeholder` varchar(255) CHARACTER SET utf8mb4 COLLATE utf8mb4_general_ci NULL DEFAULT NULL,
  `x_decorator_props$label_align` varchar(255) CHARACTER SET utf8mb4 COLLATE utf8mb4_general_ci NULL DEFAULT NULL,
  `x_decorator_props$layout` varchar(255) CHARACTER SET utf8mb4 COLLATE utf8mb4_general_ci NULL DEFAULT NULL,
  `message` varchar(255) CHARACTER SET utf8mb4 COLLATE utf8mb4_general_ci NULL DEFAULT NULL,
  `pattern` varchar(255) CHARACTER SET utf8mb4 COLLATE utf8mb4_general_ci NULL DEFAULT NULL,
  `vlife_message` varchar(255) CHARACTER SET utf8mb4 COLLATE utf8mb4_general_ci NULL DEFAULT NULL,
  `vlife_pattern` varchar(255) CHARACTER SET utf8mb4 COLLATE utf8mb4_general_ci NULL DEFAULT NULL,
  `form_group_code` varchar(255) CHARACTER SET utf8mb4 COLLATE utf8mb4_general_ci NULL DEFAULT NULL,
  `entity_type` varchar(255) CHARACTER SET utf8mb4 COLLATE utf8mb4_general_ci NULL DEFAULT NULL,
  `component_type` varchar(255) CHARACTER SET utf8mb4 COLLATE utf8mb4_general_ci NULL DEFAULT NULL,
  `entity_field_name` varchar(255) CHARACTER SET utf8mb4 COLLATE utf8mb4_general_ci NULL DEFAULT NULL,
  `list_show` bit(1) NULL DEFAULT NULL,
  `component_setting_json` varchar(255) CHARACTER SET utf8mb4 COLLATE utf8mb4_general_ci NULL DEFAULT NULL,
  `name` varchar(255) CHARACTER SET utf8mb4 COLLATE utf8mb4_general_ci NULL DEFAULT NULL,
  PRIMARY KEY (`id`) USING BTREE
) ENGINE = InnoDB CHARACTER SET = utf8mb4 COLLATE = utf8mb4_general_ci ROW_FORMAT = DYNAMIC;

-- ----------------------------
-- Records of form_field
-- ----------------------------
INSERT INTO `form_field` VALUES ('4028b881857568ed0185756c7d9c0001', '2023-01-03 10:18:42.459000', '40288a8182a656740182a659f4d10001', '2023-01-04 21:47:50.264000', '40288a8182a656740182a659f4d10001', '1', NULL, NULL, NULL, NULL, NULL, 'avatar', 'basic', '4028b881857568ed0185756c7d960000', NULL, 'avatar', NULL, b'0', 10, '头像', 'string', 'VfImage', NULL, 1, b'0', NULL, NULL, NULL, NULL, NULL, NULL, NULL, NULL, NULL, NULL, 'sysUser', 'basic', 'avatar', NULL, NULL, NULL);
INSERT INTO `form_field` VALUES ('4028b881857568ed0185756c7d9e0002', '2023-01-03 10:18:42.462000', '40288a8182a656740182a659f4d10001', '2023-01-04 21:47:50.154000', '40288a8182a656740182a659f4d10001', '1', NULL, NULL, NULL, NULL, NULL, 'name', 'basic', '4028b881857568ed0185756c7d960000', NULL, 'name', NULL, b'1', 0, '姓名', 'string', 'Input', NULL, 1, b'0', NULL, NULL, NULL, NULL, NULL, NULL, NULL, NULL, NULL, NULL, 'sysUser', 'basic', 'name', NULL, NULL, NULL);
INSERT INTO `form_field` VALUES ('4028b881857568ed0185756c7d9f0003', '2023-01-03 10:18:42.462000', '40288a8182a656740182a659f4d10001', '2023-01-04 21:47:50.203000', '40288a8182a656740182a659f4d10001', '1', NULL, NULL, NULL, NULL, NULL, 'username', 'basic', '4028b881857568ed0185756c7d960000', NULL, 'username', NULL, b'1', 1, '用户名', 'string', 'Input', NULL, 1, b'0', NULL, NULL, NULL, NULL, NULL, NULL, NULL, NULL, NULL, NULL, 'sysUser', 'basic', 'username', NULL, NULL, NULL);
INSERT INTO `form_field` VALUES ('4028b881857568ed0185756c7d9f0004', '2023-01-03 10:18:42.463000', '40288a8182a656740182a659f4d10001', '2023-01-04 21:47:50.209000', '40288a8182a656740182a659f4d10001', '1', NULL, NULL, NULL, NULL, NULL, 'password', 'basic', '4028b881857568ed0185756c7d960000', NULL, 'password', NULL, b'0', 2, '密码', 'string', 'Input', NULL, 1, b'1', NULL, NULL, NULL, NULL, NULL, NULL, NULL, NULL, NULL, NULL, 'sysUser', 'basic', 'password', NULL, NULL, NULL);
INSERT INTO `form_field` VALUES ('4028b881857568ed0185756c7da00005', '2023-01-03 10:18:42.463000', '40288a8182a656740182a659f4d10001', '2023-01-04 21:47:50.212000', '40288a8182a656740182a659f4d10001', '1', NULL, NULL, NULL, NULL, NULL, 'sysGroupId', 'basic', '4028b881857568ed0185756c7d960000', NULL, 'sysGroupId', NULL, b'0', 3, '权限组', 'string', 'RelationTagInput', NULL, 1, b'0', NULL, NULL, NULL, NULL, NULL, NULL, NULL, NULL, NULL, NULL, 'sysGroup', NULL, 'id', NULL, NULL, NULL);
INSERT INTO `form_field` VALUES ('4028b881857568ed0185756c7da00006', '2023-01-03 10:18:42.464000', '40288a8182a656740182a659f4d10001', '2023-01-04 21:47:50.216000', '40288a8182a656740182a659f4d10001', '1', NULL, NULL, NULL, NULL, NULL, 'idno', 'basic', '4028b881857568ed0185756c7d960000', NULL, 'idno', NULL, b'0', 4, '证件号', 'string', 'Input', NULL, 1, b'0', NULL, 'idcard', NULL, NULL, NULL, NULL, NULL, NULL, NULL, NULL, 'sysUser', 'basic', 'idno', NULL, NULL, NULL);
INSERT INTO `form_field` VALUES ('4028b881857568ed0185756c7da00007', '2023-01-03 10:18:42.464000', '40288a8182a656740182a659f4d10001', '2023-01-04 21:47:50.223000', '40288a8182a656740182a659f4d10001', '1', NULL, NULL, NULL, NULL, NULL, 'tel', 'basic', '4028b881857568ed0185756c7d960000', NULL, 'tel', NULL, b'0', 5, '电话', 'string', 'Input', NULL, 1, b'0', NULL, 'phone', NULL, NULL, NULL, NULL, NULL, NULL, NULL, NULL, 'sysUser', 'basic', 'tel', NULL, NULL, NULL);
INSERT INTO `form_field` VALUES ('4028b881857568ed0185756c7da10008', '2023-01-03 10:18:42.464000', '40288a8182a656740182a659f4d10001', '2023-01-04 21:47:50.227000', '40288a8182a656740182a659f4d10001', '1', NULL, NULL, NULL, 'USER_TYPE', NULL, 'usetype', 'basic', '4028b881857568ed0185756c7d960000', NULL, 'usetype', NULL, b'0', 6, '用户类型', 'string', 'VfSelect_DICT', NULL, 1, b'0', NULL, NULL, NULL, NULL, NULL, NULL, NULL, NULL, NULL, NULL, 'sysUser', NULL, 'usetype', NULL, NULL, NULL);
INSERT INTO `form_field` VALUES ('4028b881857568ed0185756c7da10009', '2023-01-03 10:18:42.465000', '40288a8182a656740182a659f4d10001', '2023-01-04 21:47:50.240000', '40288a8182a656740182a659f4d10001', '1', NULL, NULL, NULL, 'STATE', NULL, 'state', 'basic', '4028b881857568ed0185756c7d960000', NULL, 'state', NULL, b'0', 7, '启用状态', 'string', 'VfSelect_DICT', NULL, 1, b'1', NULL, NULL, NULL, NULL, NULL, NULL, NULL, NULL, NULL, NULL, 'sysUser', NULL, 'state', NULL, NULL, NULL);
INSERT INTO `form_field` VALUES ('4028b881857568ed0185756c7da1000a', '2023-01-03 10:18:42.465000', '40288a8182a656740182a659f4d10001', '2023-01-04 21:47:50.247000', '40288a8182a656740182a659f4d10001', '1', NULL, NULL, NULL, NULL, NULL, 'sysOrgId', 'basic', '4028b881857568ed0185756c7d960000', NULL, 'sysOrgId', NULL, b'0', 8, '单位', 'string', 'VfTreeInput', NULL, 1, b'0', NULL, NULL, NULL, NULL, NULL, NULL, NULL, NULL, NULL, NULL, 'sysOrg', NULL, 'id', NULL, NULL, NULL);
INSERT INTO `form_field` VALUES ('4028b881857568ed0185756c7da1000b', '2023-01-03 10:18:42.465000', '40288a8182a656740182a659f4d10001', '2023-01-04 21:47:50.257000', '40288a8182a656740182a659f4d10001', '1', NULL, NULL, NULL, NULL, NULL, 'sysDeptId', 'basic', '4028b881857568ed0185756c7d960000', NULL, 'sysDeptId', NULL, b'0', 9, '部门', 'string', 'VfTreeInput', NULL, 1, b'0', NULL, NULL, NULL, NULL, NULL, NULL, NULL, NULL, NULL, NULL, 'sysDept', NULL, 'id', NULL, NULL, NULL);
INSERT INTO `form_field` VALUES ('4028b881857568ed0185756c7da1000c', '2023-01-03 10:18:42.465000', '40288a8182a656740182a659f4d10001', '2023-01-04 21:47:50.271000', '40288a8182a656740182a659f4d10001', '1', NULL, NULL, NULL, NULL, NULL, 'loginNum', 'basic', '4028b881857568ed0185756c7d960000', NULL, 'loginNum', NULL, b'0', 11, '登录次数', 'integer', NULL, NULL, 1, b'1', NULL, NULL, NULL, NULL, NULL, NULL, NULL, NULL, NULL, NULL, 'sysUser', NULL, 'loginNum', NULL, NULL, NULL);
INSERT INTO `form_field` VALUES ('4028b881857568ed0185756c7da2000d', '2023-01-03 10:18:42.466000', '40288a8182a656740182a659f4d10001', '2023-01-04 21:47:50.277000', '40288a8182a656740182a659f4d10001', '1', NULL, NULL, NULL, NULL, NULL, 'source', 'basic', '4028b881857568ed0185756c7d960000', NULL, 'source', NULL, b'0', 12, '用户来源', 'string', 'Input', NULL, 1, b'1', NULL, NULL, NULL, NULL, NULL, NULL, NULL, NULL, NULL, NULL, 'sysUser', 'basic', 'source', NULL, NULL, NULL);
INSERT INTO `form_field` VALUES ('4028b881857568ed0185756c7da2000e', '2023-01-03 10:18:42.466000', '40288a8182a656740182a659f4d10001', '2023-01-04 21:47:50.280000', '40288a8182a656740182a659f4d10001', '1', NULL, NULL, NULL, NULL, NULL, 'id', 'basic', '4028b881857568ed0185756c7d960000', NULL, 'id', NULL, b'0', 13, '主键id', 'string', 'Input', NULL, 1, b'1', NULL, NULL, NULL, NULL, NULL, NULL, NULL, NULL, NULL, NULL, 'sysUser', 'basic', 'id', NULL, NULL, NULL);
INSERT INTO `form_field` VALUES ('4028b881857568ed0185756c7da2000f', '2023-01-03 10:18:42.466000', '40288a8182a656740182a659f4d10001', '2023-01-04 21:47:50.283000', '40288a8182a656740182a659f4d10001', '1', NULL, NULL, NULL, 'STATUS', NULL, 'status', 'basic', '4028b881857568ed0185756c7d960000', NULL, 'status', NULL, b'0', 14, '删除状态', 'string', 'VfSelect_DICT', NULL, 1, b'1', NULL, NULL, NULL, NULL, NULL, NULL, NULL, NULL, NULL, NULL, 'sysUser', NULL, 'status', NULL, NULL, NULL);
INSERT INTO `form_field` VALUES ('4028b881857568ed0185756c7da30010', '2023-01-03 10:18:42.467000', '40288a8182a656740182a659f4d10001', '2023-01-04 21:47:50.287000', '40288a8182a656740182a659f4d10001', '1', NULL, NULL, NULL, NULL, NULL, 'createId', 'basic', '4028b881857568ed0185756c7d960000', NULL, 'createId', NULL, b'0', 15, '创建人', 'string', 'RelationTagInput', NULL, 1, b'1', NULL, NULL, NULL, NULL, NULL, NULL, NULL, NULL, NULL, NULL, 'sysUser', NULL, 'createId', NULL, NULL, NULL);
INSERT INTO `form_field` VALUES ('4028b881857568ed0185756c7da60011', '2023-01-03 10:18:42.470000', '40288a8182a656740182a659f4d10001', '2023-01-04 21:47:50.291000', '40288a8182a656740182a659f4d10001', '1', NULL, NULL, NULL, NULL, NULL, 'modifyId', 'basic', '4028b881857568ed0185756c7d960000', NULL, 'modifyId', NULL, b'0', 16, '修订人', 'string', 'RelationTagInput', NULL, 1, b'1', NULL, NULL, NULL, NULL, NULL, NULL, NULL, NULL, NULL, NULL, 'sysUser', NULL, 'modifyId', NULL, NULL, NULL);
INSERT INTO `form_field` VALUES ('4028b881857568ed0185756c7da70012', '2023-01-03 10:18:42.471000', '40288a8182a656740182a659f4d10001', '2023-01-04 21:47:50.294000', '40288a8182a656740182a659f4d10001', '1', NULL, NULL, NULL, NULL, NULL, 'createDate', 'basic', '4028b881857568ed0185756c7d960000', NULL, 'createDate', NULL, b'0', 17, '创建时间', 'date', 'DatePicker', NULL, 1, b'1', NULL, NULL, NULL, NULL, NULL, NULL, NULL, NULL, NULL, NULL, 'sysUser', 'basic', 'createDate', NULL, NULL, NULL);
INSERT INTO `form_field` VALUES ('4028b881857568ed0185756c7da70013', '2023-01-03 10:18:42.471000', '40288a8182a656740182a659f4d10001', '2023-01-04 21:47:50.296000', '40288a8182a656740182a659f4d10001', '1', NULL, NULL, NULL, NULL, NULL, 'modifyDate', 'basic', '4028b881857568ed0185756c7d960000', NULL, 'modifyDate', NULL, b'0', 18, '修改时间', 'date', 'DatePicker', NULL, 1, b'1', NULL, NULL, NULL, NULL, NULL, NULL, NULL, NULL, NULL, NULL, 'sysUser', 'basic', 'modifyDate', NULL, NULL, NULL);
INSERT INTO `form_field` VALUES ('4028b881857568ed0185757479b70019', '2023-01-03 10:27:25.751000', '40288a8182a656740182a659f4d10001', '2023-01-03 10:30:38.949000', '40288a8182a656740182a659f4d10001', '1', NULL, NULL, NULL, NULL, NULL, 'search', 'basic', '4028b881857568ed0185757479b60018', NULL, 'name', NULL, b'0', 0, '姓名/手机/证件', 'string', 'SearchInput', NULL, 1, b'0', NULL, NULL, NULL, 'left', 'vertical', NULL, NULL, NULL, NULL, NULL, 'sysUser', 'business', 'name', NULL, NULL, NULL);
INSERT INTO `form_field` VALUES ('4028b881857568ed0185757479b7001a', '2023-01-03 10:27:25.751000', '40288a8182a656740182a659f4d10001', '2023-01-03 10:30:38.956000', '40288a8182a656740182a659f4d10001', '1', NULL, NULL, NULL, 'USER_TYPE', NULL, 'usetype', 'basic', '4028b881857568ed0185757479b60018', NULL, 'usetype', NULL, b'0', 1, '用户类型', 'string', 'SelectTag', NULL, 1, b'0', NULL, NULL, NULL, 'left', 'vertical', NULL, NULL, NULL, NULL, NULL, 'sysUser', 'business', 'usetype', NULL, NULL, NULL);
INSERT INTO `form_field` VALUES ('4028b881857568ed0185757479b7001b', '2023-01-03 10:27:25.751000', '40288a8182a656740182a659f4d10001', '2023-01-03 10:30:38.972000', '40288a8182a656740182a659f4d10001', '1', NULL, NULL, NULL, NULL, NULL, 'sysGroupId', 'basic', '4028b881857568ed0185757479b60018', NULL, 'sysGroupId', NULL, b'0', 2, '权限组', 'string', 'RelationTagInput', NULL, 1, b'0', NULL, NULL, NULL, 'left', 'vertical', NULL, NULL, NULL, NULL, NULL, 'sysUser', 'business', 'sysGroupId', NULL, NULL, NULL);
INSERT INTO `form_field` VALUES ('4028b881857568ed0185757479b8001c', '2023-01-03 10:27:25.752000', '40288a8182a656740182a659f4d10001', '2023-01-03 10:30:38.975000', '40288a8182a656740182a659f4d10001', '1', NULL, NULL, NULL, NULL, NULL, 'sysOrg_code', 'basic', '4028b881857568ed0185757479b60018', NULL, 'sysOrg_code', NULL, b'0', 3, '机构', 'string', 'VfTreeSelect', NULL, 1, b'0', NULL, NULL, NULL, 'left', 'vertical', NULL, NULL, NULL, NULL, NULL, 'sysOrg', 'business', 'code', NULL, NULL, NULL);
INSERT INTO `form_field` VALUES ('4028b881857568ed0185757479b8001d', '2023-01-03 10:27:25.752000', '40288a8182a656740182a659f4d10001', '2023-01-03 10:30:38.978000', '40288a8182a656740182a659f4d10001', '1', NULL, NULL, NULL, NULL, NULL, 'sysDept_code', 'basic', '4028b881857568ed0185757479b60018', NULL, 'sysDept_code', NULL, b'0', 4, '部门', 'string', 'VfTreeSelect', NULL, 1, b'0', NULL, NULL, NULL, 'left', 'vertical', NULL, NULL, NULL, NULL, NULL, 'sysDept', 'business', 'code', NULL, NULL, NULL);
INSERT INTO `form_field` VALUES ('4028b881857568ed01857577fc260022', '2023-01-03 10:31:15.750000', '40288a8182a656740182a659f4d10001', '2023-01-04 21:52:49.560000', '40288a8182a656740182a659f4d10001', '1', NULL, NULL, NULL, NULL, NULL, 'name', 'basic', '4028b881857568ed01857577fc260021', NULL, 'name', NULL, b'1', 0, '机构名称', 'string', 'Input', NULL, 1, b'0', NULL, NULL, NULL, NULL, NULL, NULL, NULL, NULL, NULL, NULL, 'sysOrg', 'basic', 'name', NULL, NULL, NULL);
INSERT INTO `form_field` VALUES ('4028b881857568ed01857577fc260023', '2023-01-03 10:31:15.750000', '40288a8182a656740182a659f4d10001', '2023-01-04 21:52:49.577000', '40288a8182a656740182a659f4d10001', '1', NULL, NULL, NULL, NULL, NULL, 'orgcode', 'basic', '4028b881857568ed01857577fc260021', NULL, 'orgcode', NULL, b'1', 1, '机构代码', 'string', 'Input', NULL, 1, b'0', NULL, NULL, NULL, NULL, NULL, NULL, NULL, NULL, NULL, NULL, 'sysOrg', 'basic', 'orgcode', NULL, NULL, NULL);
INSERT INTO `form_field` VALUES ('4028b881857568ed01857577fc260024', '2023-01-03 10:31:15.750000', '40288a8182a656740182a659f4d10001', '2023-01-04 21:52:49.581000', '40288a8182a656740182a659f4d10001', '1', NULL, NULL, NULL, NULL, NULL, 'code', 'basic', '4028b881857568ed01857577fc260021', NULL, 'code', NULL, b'1', 2, '编码', 'string', 'Input', NULL, 1, b'1', NULL, NULL, NULL, NULL, NULL, NULL, NULL, NULL, NULL, NULL, 'sysOrg', 'basic', 'code', NULL, NULL, NULL);
INSERT INTO `form_field` VALUES ('4028b881857568ed01857577fc270025', '2023-01-03 10:31:15.751000', '40288a8182a656740182a659f4d10001', '2023-01-04 21:52:49.584000', '40288a8182a656740182a659f4d10001', '1', NULL, NULL, NULL, NULL, NULL, 'pcode', 'basic', '4028b881857568ed01857577fc260021', NULL, 'pcode', NULL, b'0', 3, '上级机构', 'string', 'VfTreeInput', NULL, 1, b'0', NULL, NULL, NULL, NULL, NULL, NULL, NULL, NULL, NULL, NULL, 'sysOrg', 'basic', 'pcode', NULL, NULL, NULL);
INSERT INTO `form_field` VALUES ('4028b881857568ed01857577fc270026', '2023-01-03 10:31:15.751000', '40288a8182a656740182a659f4d10001', '2023-01-04 21:52:49.590000', '40288a8182a656740182a659f4d10001', '1', NULL, NULL, NULL, 'ORG_TYPE', NULL, 'type', 'basic', '4028b881857568ed01857577fc260021', NULL, 'type', NULL, b'0', 4, '机构分类', 'string', 'VfSelect_DICT', NULL, 1, b'0', NULL, NULL, NULL, NULL, NULL, NULL, NULL, NULL, NULL, NULL, 'sysOrg', NULL, 'type', NULL, NULL, NULL);
INSERT INTO `form_field` VALUES ('4028b881857568ed01857577fc270027', '2023-01-03 10:31:15.751000', '40288a8182a656740182a659f4d10001', '2023-01-04 21:52:49.596000', '40288a8182a656740182a659f4d10001', '1', NULL, NULL, NULL, NULL, NULL, 'sysAreaId', 'basic', '4028b881857568ed01857577fc260021', NULL, 'sysAreaId', NULL, b'0', 5, '地区', 'string', 'VfTreeInput', NULL, 1, b'0', NULL, NULL, NULL, NULL, NULL, NULL, NULL, NULL, NULL, NULL, 'sysArea', NULL, 'id', NULL, NULL, NULL);
INSERT INTO `form_field` VALUES ('4028b881857568ed01857577fc270028', '2023-01-03 10:31:15.751000', '40288a8182a656740182a659f4d10001', '2023-01-04 21:52:49.601000', '40288a8182a656740182a659f4d10001', '1', NULL, NULL, NULL, NULL, NULL, 'enableDate', 'basic', '4028b881857568ed01857577fc260021', NULL, 'enableDate', NULL, b'0', 6, '启用日期', 'date', 'DatePicker', NULL, 1, b'0', NULL, NULL, NULL, NULL, NULL, NULL, NULL, NULL, NULL, NULL, 'sysOrg', 'basic', 'enableDate', NULL, NULL, NULL);
INSERT INTO `form_field` VALUES ('4028b881857568ed01857577fc270029', '2023-01-03 10:31:15.751000', '40288a8182a656740182a659f4d10001', '2023-01-04 21:52:49.603000', '40288a8182a656740182a659f4d10001', '1', NULL, NULL, NULL, NULL, NULL, 'id', 'basic', '4028b881857568ed01857577fc260021', NULL, 'id', NULL, b'0', 7, '主键id', 'string', 'Input', NULL, 1, b'1', NULL, NULL, NULL, NULL, NULL, NULL, NULL, NULL, NULL, NULL, 'sysOrg', 'basic', 'id', NULL, NULL, NULL);
INSERT INTO `form_field` VALUES ('4028b881857568ed01857577fc27002a', '2023-01-03 10:31:15.751000', '40288a8182a656740182a659f4d10001', '2023-01-04 21:52:49.605000', '40288a8182a656740182a659f4d10001', '1', NULL, NULL, NULL, 'STATUS', NULL, 'status', 'basic', '4028b881857568ed01857577fc260021', NULL, 'status', NULL, b'0', 8, '删除状态', 'string', 'VfSelect_DICT', NULL, 1, b'1', NULL, NULL, NULL, NULL, NULL, NULL, NULL, NULL, NULL, NULL, 'sysOrg', NULL, 'status', NULL, NULL, NULL);
INSERT INTO `form_field` VALUES ('4028b881857568ed01857577fc27002b', '2023-01-03 10:31:15.751000', '40288a8182a656740182a659f4d10001', '2023-01-04 21:52:49.607000', '40288a8182a656740182a659f4d10001', '1', NULL, NULL, NULL, NULL, NULL, 'createId', 'basic', '4028b881857568ed01857577fc260021', NULL, 'createId', NULL, b'0', 9, '创建人', 'string', 'RelationTagInput', NULL, 1, b'1', NULL, NULL, NULL, NULL, NULL, NULL, NULL, NULL, NULL, NULL, 'sysOrg', NULL, 'createId', NULL, NULL, NULL);
INSERT INTO `form_field` VALUES ('4028b881857568ed01857577fc27002c', '2023-01-03 10:31:15.751000', '40288a8182a656740182a659f4d10001', '2023-01-04 21:52:49.610000', '40288a8182a656740182a659f4d10001', '1', NULL, NULL, NULL, NULL, NULL, 'modifyId', 'basic', '4028b881857568ed01857577fc260021', NULL, 'modifyId', NULL, b'0', 10, '修订人', 'string', 'RelationTagInput', NULL, 1, b'1', NULL, NULL, NULL, NULL, NULL, NULL, NULL, NULL, NULL, NULL, 'sysOrg', NULL, 'modifyId', NULL, NULL, NULL);
INSERT INTO `form_field` VALUES ('4028b881857568ed01857577fc27002d', '2023-01-03 10:31:15.751000', '40288a8182a656740182a659f4d10001', '2023-01-04 21:52:49.613000', '40288a8182a656740182a659f4d10001', '1', NULL, NULL, NULL, NULL, NULL, 'createDate', 'basic', '4028b881857568ed01857577fc260021', NULL, 'createDate', NULL, b'0', 11, '创建时间', 'date', 'DatePicker', NULL, 1, b'1', NULL, NULL, NULL, NULL, NULL, NULL, NULL, NULL, NULL, NULL, 'sysOrg', 'basic', 'createDate', NULL, NULL, NULL);
INSERT INTO `form_field` VALUES ('4028b881857568ed01857577fc27002e', '2023-01-03 10:31:15.751000', '40288a8182a656740182a659f4d10001', '2023-01-04 21:52:49.616000', '40288a8182a656740182a659f4d10001', '1', NULL, NULL, NULL, NULL, NULL, 'modifyDate', 'basic', '4028b881857568ed01857577fc260021', NULL, 'modifyDate', NULL, b'0', 12, '修改时间', 'date', 'DatePicker', NULL, 1, b'1', NULL, NULL, NULL, NULL, NULL, NULL, NULL, NULL, NULL, NULL, 'sysOrg', 'basic', 'modifyDate', NULL, NULL, NULL);
INSERT INTO `form_field` VALUES ('4028b881857568ed0185757b9bf20033', '2023-01-03 10:35:13.266000', '40288a8182a656740182a659f4d10001', '2023-01-03 10:37:04.871000', '40288a8182a656740182a659f4d10001', '1', NULL, NULL, NULL, NULL, NULL, 'name', 'basic', '4028b881857568ed0185757b9bf20032', NULL, 'name', NULL, b'0', 0, '机构名称/代码', 'string', 'SearchInput', NULL, 1, b'0', NULL, NULL, NULL, 'left', 'vertical', NULL, NULL, NULL, NULL, NULL, 'sysOrg', 'business', 'name', NULL, NULL, NULL);
INSERT INTO `form_field` VALUES ('4028b881857568ed0185757b9bf20034', '2023-01-03 10:35:13.266000', '40288a8182a656740182a659f4d10001', '2023-01-03 10:37:04.873000', '40288a8182a656740182a659f4d10001', '1', NULL, NULL, NULL, 'ORG_TYPE', NULL, 'type', 'basic', '4028b881857568ed0185757b9bf20032', NULL, 'type', NULL, b'0', 1, '机构类型', 'string', 'SelectTag', NULL, 1, b'0', NULL, NULL, NULL, 'left', 'vertical', NULL, NULL, NULL, NULL, NULL, 'sysOrg', 'business', 'type', NULL, NULL, NULL);
INSERT INTO `form_field` VALUES ('4028b881857568ed0185757b9bf20035', '2023-01-03 10:35:13.266000', '40288a8182a656740182a659f4d10001', '2023-01-03 10:37:04.875000', '40288a8182a656740182a659f4d10001', '1', NULL, NULL, NULL, NULL, NULL, 'sysArea_code', 'basic', '4028b881857568ed0185757b9bf20032', NULL, 'sysArea_code', NULL, b'0', 2, '区划地区', 'string', 'VfTreeSelect', NULL, 1, b'0', NULL, NULL, NULL, 'left', 'vertical', NULL, NULL, NULL, NULL, NULL, 'sysArea', 'business', 'code', NULL, NULL, NULL);
INSERT INTO `form_field` VALUES ('4028b881857568ed0185757b9bf20036', '2023-01-03 10:35:13.266000', '40288a8182a656740182a659f4d10001', '2023-01-03 10:37:04.878000', '40288a8182a656740182a659f4d10001', '1', NULL, NULL, NULL, NULL, NULL, 'code', 'basic', '4028b881857568ed0185757b9bf20032', NULL, 'code', NULL, b'0', 3, '机构信息', 'string', 'VfTreeSelect', NULL, 1, b'0', NULL, NULL, NULL, 'left', 'vertical', NULL, NULL, NULL, NULL, NULL, 'sysOrg', 'business', 'code', NULL, NULL, NULL);
INSERT INTO `form_field` VALUES ('4028b881857568ed0185758ab327003b', '2023-01-03 10:51:42.247000', '40288a8182a656740182a659f4d10001', '2023-01-03 10:54:15.780000', '40288a8182a656740182a659f4d10001', '1', NULL, NULL, NULL, NULL, NULL, 'name', 'basic', '4028b881857568ed0185758ab327003a', NULL, 'name', NULL, b'0', 0, '地区名称/区划编码', 'string', 'SearchInput', NULL, 1, b'0', NULL, NULL, NULL, 'left', 'vertical', NULL, NULL, NULL, NULL, NULL, 'sysArea', 'business', 'name', NULL, NULL, NULL);
INSERT INTO `form_field` VALUES ('4028b881857568ed0185758ab327003c', '2023-01-03 10:51:42.247000', '40288a8182a656740182a659f4d10001', '2023-01-03 10:54:15.783000', '40288a8182a656740182a659f4d10001', '1', NULL, NULL, NULL, 'AREA_LEVEL', NULL, 'level', 'list', '4028b881857568ed0185758ab327003a', NULL, 'level', NULL, b'0', 1, '地区类型', 'string', 'SelectTag', NULL, 1, b'0', NULL, NULL, NULL, 'left', 'vertical', NULL, NULL, NULL, NULL, NULL, 'sysArea', 'business', 'level', NULL, NULL, NULL);
INSERT INTO `form_field` VALUES ('4028b881857568ed0185758ab327003d', '2023-01-03 10:51:42.247000', '40288a8182a656740182a659f4d10001', '2023-01-03 10:54:15.787000', '40288a8182a656740182a659f4d10001', '1', NULL, NULL, NULL, NULL, NULL, 'code', 'basic', '4028b881857568ed0185758ab327003a', NULL, 'code', NULL, b'0', 2, '行政区划', 'string', 'VfTreeSelect', NULL, 1, b'0', NULL, NULL, NULL, 'left', 'vertical', NULL, NULL, NULL, NULL, NULL, 'sysArea', 'business', 'code', NULL, NULL, NULL);
INSERT INTO `form_field` VALUES ('4028b881857568ed0185758d6f660041', '2023-01-03 10:54:41.510000', '40288a8182a656740182a659f4d10001', '2023-01-04 21:49:35.990000', '40288a8182a656740182a659f4d10001', '1', NULL, NULL, NULL, NULL, NULL, 'name', 'basic', '4028b881857568ed0185758d6f660040', NULL, 'name', NULL, b'1', 0, '区划名称', 'string', 'Input', NULL, 1, b'0', NULL, NULL, NULL, NULL, NULL, NULL, NULL, NULL, NULL, NULL, 'sysArea', 'basic', 'name', NULL, NULL, NULL);
INSERT INTO `form_field` VALUES ('4028b881857568ed0185758d6f660042', '2023-01-03 10:54:41.510000', '40288a8182a656740182a659f4d10001', '2023-01-04 21:49:36.008000', '40288a8182a656740182a659f4d10001', '1', NULL, NULL, NULL, NULL, NULL, 'areacode', 'basic', '4028b881857568ed0185758d6f660040', NULL, 'areacode', NULL, b'1', 1, '地区编码', 'string', 'Input', NULL, 1, b'0', NULL, 'pattern', NULL, NULL, NULL, NULL, NULL, NULL, NULL, NULL, 'sysArea', 'basic', 'areacode', NULL, NULL, NULL);
INSERT INTO `form_field` VALUES ('4028b881857568ed0185758d6f660043', '2023-01-03 10:54:41.510000', '40288a8182a656740182a659f4d10001', '2023-01-04 21:49:36.015000', '40288a8182a656740182a659f4d10001', '1', NULL, NULL, NULL, NULL, NULL, 'code', 'basic', '4028b881857568ed0185758d6f660040', NULL, 'code', NULL, b'1', 2, '编码', 'string', 'VfTreeInput', NULL, 1, b'1', NULL, NULL, NULL, NULL, NULL, NULL, NULL, NULL, NULL, NULL, 'sysArea', NULL, 'code', NULL, NULL, NULL);
INSERT INTO `form_field` VALUES ('4028b881857568ed0185758d6f660044', '2023-01-03 10:54:41.510000', '40288a8182a656740182a659f4d10001', '2023-01-04 21:49:36.022000', '40288a8182a656740182a659f4d10001', '1', NULL, NULL, NULL, NULL, NULL, 'pcode', 'basic', '4028b881857568ed0185758d6f660040', NULL, 'pcode', NULL, b'0', 3, '上级地区', 'string', 'VfTreeInput', NULL, 1, b'0', NULL, NULL, NULL, NULL, NULL, NULL, NULL, NULL, NULL, NULL, 'sysArea', NULL, 'pcode', NULL, NULL, NULL);
INSERT INTO `form_field` VALUES ('4028b881857568ed0185758d6f660045', '2023-01-03 10:54:41.510000', '40288a8182a656740182a659f4d10001', '2023-01-04 21:49:36.034000', '40288a8182a656740182a659f4d10001', '1', NULL, NULL, NULL, 'AREA_LEVEL', NULL, 'level', 'basic', '4028b881857568ed0185758d6f660040', NULL, 'level', NULL, b'0', 4, '地区类型', 'string', 'VfSelect_DICT', NULL, 1, b'0', NULL, NULL, NULL, NULL, NULL, NULL, NULL, NULL, NULL, NULL, 'sysArea', NULL, 'level', NULL, NULL, NULL);
INSERT INTO `form_field` VALUES ('4028b881857568ed0185758d6f660046', '2023-01-03 10:54:41.510000', '40288a8182a656740182a659f4d10001', '2023-01-04 21:49:36.045000', '40288a8182a656740182a659f4d10001', '1', NULL, NULL, NULL, NULL, NULL, 'id', 'basic', '4028b881857568ed0185758d6f660040', NULL, 'id', NULL, b'0', 5, '主键id', 'string', 'Input', NULL, 1, b'1', NULL, NULL, NULL, NULL, NULL, NULL, NULL, NULL, NULL, NULL, 'sysArea', 'basic', 'id', NULL, NULL, NULL);
INSERT INTO `form_field` VALUES ('4028b881857568ed0185758d6f670047', '2023-01-03 10:54:41.511000', '40288a8182a656740182a659f4d10001', '2023-01-04 21:49:36.049000', '40288a8182a656740182a659f4d10001', '1', NULL, NULL, NULL, 'STATUS', NULL, 'status', 'basic', '4028b881857568ed0185758d6f660040', NULL, 'status', NULL, b'0', 6, '删除状态', 'string', 'VfSelect_DICT', NULL, 1, b'1', NULL, NULL, NULL, NULL, NULL, NULL, NULL, NULL, NULL, NULL, 'sysArea', NULL, 'status', NULL, NULL, NULL);
INSERT INTO `form_field` VALUES ('4028b881857568ed0185758d6f670048', '2023-01-03 10:54:41.511000', '40288a8182a656740182a659f4d10001', '2023-01-04 21:49:36.054000', '40288a8182a656740182a659f4d10001', '1', NULL, NULL, NULL, NULL, NULL, 'createId', 'basic', '4028b881857568ed0185758d6f660040', NULL, 'createId', NULL, b'0', 7, '创建人', 'string', 'RelationTagInput', NULL, 1, b'1', NULL, NULL, NULL, NULL, NULL, NULL, NULL, NULL, NULL, NULL, 'sysArea', NULL, 'createId', NULL, NULL, NULL);
INSERT INTO `form_field` VALUES ('4028b881857568ed0185758d6f670049', '2023-01-03 10:54:41.511000', '40288a8182a656740182a659f4d10001', '2023-01-04 21:49:36.060000', '40288a8182a656740182a659f4d10001', '1', NULL, NULL, NULL, NULL, NULL, 'modifyId', 'basic', '4028b881857568ed0185758d6f660040', NULL, 'modifyId', NULL, b'0', 8, '修订人', 'string', 'RelationTagInput', NULL, 1, b'1', NULL, NULL, NULL, NULL, NULL, NULL, NULL, NULL, NULL, NULL, 'sysArea', NULL, 'modifyId', NULL, NULL, NULL);
INSERT INTO `form_field` VALUES ('4028b881857568ed0185758d6f67004a', '2023-01-03 10:54:41.511000', '40288a8182a656740182a659f4d10001', '2023-01-04 21:49:36.064000', '40288a8182a656740182a659f4d10001', '1', NULL, NULL, NULL, NULL, NULL, 'createDate', 'basic', '4028b881857568ed0185758d6f660040', NULL, 'createDate', NULL, b'0', 9, '创建时间', 'date', 'DatePicker', NULL, 1, b'1', NULL, NULL, NULL, NULL, NULL, NULL, NULL, NULL, NULL, NULL, 'sysArea', 'basic', 'createDate', NULL, NULL, NULL);
INSERT INTO `form_field` VALUES ('4028b881857568ed0185758d6f67004b', '2023-01-03 10:54:41.511000', '40288a8182a656740182a659f4d10001', '2023-01-04 21:49:36.070000', '40288a8182a656740182a659f4d10001', '1', NULL, NULL, NULL, NULL, NULL, 'modifyDate', 'basic', '4028b881857568ed0185758d6f660040', NULL, 'modifyDate', NULL, b'0', 10, '修改时间', 'date', 'DatePicker', NULL, 1, b'1', NULL, NULL, NULL, NULL, NULL, NULL, NULL, NULL, NULL, NULL, 'sysArea', 'basic', 'modifyDate', NULL, NULL, NULL);
INSERT INTO `form_field` VALUES ('4028b881857568ed01857591dff40056', '2023-01-03 10:59:32.468000', '40288a8182a656740182a659f4d10001', '2023-01-04 21:53:45.498000', '40288a8182a656740182a659f4d10001', '1', NULL, NULL, NULL, NULL, NULL, 'name', 'basic', '4028b881857568ed01857591dff40055', NULL, 'name', NULL, b'1', 0, '部门名称', 'string', 'Input', NULL, 1, b'0', NULL, NULL, NULL, NULL, NULL, NULL, NULL, NULL, NULL, NULL, 'sysDept', 'basic', 'name', NULL, NULL, NULL);
INSERT INTO `form_field` VALUES ('4028b881857568ed01857591dff40057', '2023-01-03 10:59:32.468000', '40288a8182a656740182a659f4d10001', '2023-01-04 21:53:45.511000', '40288a8182a656740182a659f4d10001', '1', NULL, NULL, NULL, NULL, NULL, 'code', 'basic', '4028b881857568ed01857591dff40055', NULL, 'code', NULL, b'1', 1, '编码', 'string', 'VfTreeInput', NULL, 1, b'1', NULL, NULL, NULL, NULL, NULL, NULL, NULL, NULL, NULL, NULL, 'sysDept', NULL, 'code', NULL, NULL, NULL);
INSERT INTO `form_field` VALUES ('4028b881857568ed01857591dff40058', '2023-01-03 10:59:32.468000', '40288a8182a656740182a659f4d10001', '2023-01-04 21:53:45.515000', '40288a8182a656740182a659f4d10001', '1', NULL, NULL, NULL, NULL, NULL, 'pcode', 'basic', '4028b881857568ed01857591dff40055', NULL, 'pcode', NULL, b'0', 2, '上级部门', 'string', 'VfTreeInput', NULL, 1, b'0', NULL, NULL, NULL, NULL, NULL, NULL, NULL, NULL, NULL, NULL, 'sysDept', NULL, 'pcode', NULL, NULL, NULL);
INSERT INTO `form_field` VALUES ('4028b881857568ed01857591dff40059', '2023-01-03 10:59:32.468000', '40288a8182a656740182a659f4d10001', '2023-01-04 21:53:45.520000', '40288a8182a656740182a659f4d10001', '1', NULL, NULL, NULL, NULL, NULL, 'sysOrgId', 'basic', '4028b881857568ed01857591dff40055', NULL, 'sysOrgId', NULL, b'0', 3, '机构', 'string', 'RelationTagInput', NULL, 1, b'1', NULL, NULL, NULL, NULL, NULL, NULL, NULL, NULL, NULL, NULL, 'sysOrg', NULL, 'id', NULL, NULL, NULL);
INSERT INTO `form_field` VALUES ('4028b881857568ed01857591dff4005a', '2023-01-03 10:59:32.468000', '40288a8182a656740182a659f4d10001', '2023-01-04 21:53:45.523000', '40288a8182a656740182a659f4d10001', '1', NULL, NULL, NULL, NULL, NULL, 'id', 'basic', '4028b881857568ed01857591dff40055', NULL, 'id', NULL, b'0', 4, '主键id', 'string', 'Input', NULL, 1, b'1', NULL, NULL, NULL, NULL, NULL, NULL, NULL, NULL, NULL, NULL, 'sysDept', 'basic', 'id', NULL, NULL, NULL);
INSERT INTO `form_field` VALUES ('4028b881857568ed01857591dff4005b', '2023-01-03 10:59:32.468000', '40288a8182a656740182a659f4d10001', '2023-01-04 21:53:45.527000', '40288a8182a656740182a659f4d10001', '1', NULL, NULL, NULL, 'STATUS', NULL, 'status', 'basic', '4028b881857568ed01857591dff40055', NULL, 'status', NULL, b'0', 5, '删除状态', 'string', 'VfSelect_DICT', NULL, 1, b'1', NULL, NULL, NULL, NULL, NULL, NULL, NULL, NULL, NULL, NULL, 'sysDept', NULL, 'status', NULL, NULL, NULL);
INSERT INTO `form_field` VALUES ('4028b881857568ed01857591dff5005c', '2023-01-03 10:59:32.469000', '40288a8182a656740182a659f4d10001', '2023-01-04 21:53:45.529000', '40288a8182a656740182a659f4d10001', '1', NULL, NULL, NULL, NULL, NULL, 'createId', 'basic', '4028b881857568ed01857591dff40055', NULL, 'createId', NULL, b'0', 6, '创建人', 'string', 'RelationTagInput', NULL, 1, b'1', NULL, NULL, NULL, NULL, NULL, NULL, NULL, NULL, NULL, NULL, 'sysDept', NULL, 'createId', NULL, NULL, NULL);
INSERT INTO `form_field` VALUES ('4028b881857568ed01857591dff5005d', '2023-01-03 10:59:32.469000', '40288a8182a656740182a659f4d10001', '2023-01-04 21:53:45.532000', '40288a8182a656740182a659f4d10001', '1', NULL, NULL, NULL, NULL, NULL, 'modifyId', 'basic', '4028b881857568ed01857591dff40055', NULL, 'modifyId', NULL, b'0', 7, '修订人', 'string', 'RelationTagInput', NULL, 1, b'1', NULL, NULL, NULL, NULL, NULL, NULL, NULL, NULL, NULL, NULL, 'sysDept', NULL, 'modifyId', NULL, NULL, NULL);
INSERT INTO `form_field` VALUES ('4028b881857568ed01857591dff5005e', '2023-01-03 10:59:32.469000', '40288a8182a656740182a659f4d10001', '2023-01-04 21:53:45.535000', '40288a8182a656740182a659f4d10001', '1', NULL, NULL, NULL, NULL, NULL, 'createDate', 'basic', '4028b881857568ed01857591dff40055', NULL, 'createDate', NULL, b'0', 8, '创建时间', 'date', 'DatePicker', NULL, 1, b'1', NULL, NULL, NULL, NULL, NULL, NULL, NULL, NULL, NULL, NULL, 'sysDept', 'basic', 'createDate', NULL, NULL, NULL);
INSERT INTO `form_field` VALUES ('4028b881857568ed01857591dff5005f', '2023-01-03 10:59:32.469000', '40288a8182a656740182a659f4d10001', '2023-01-04 21:53:45.538000', '40288a8182a656740182a659f4d10001', '1', NULL, NULL, NULL, NULL, NULL, 'modifyDate', 'basic', '4028b881857568ed01857591dff40055', NULL, 'modifyDate', NULL, b'0', 9, '修改时间', 'date', 'DatePicker', NULL, 1, b'1', NULL, NULL, NULL, NULL, NULL, NULL, NULL, NULL, NULL, NULL, 'sysDept', 'basic', 'modifyDate', NULL, NULL, NULL);
INSERT INTO `form_field` VALUES ('4028b881857568ed01857592e0930061', '2023-01-03 11:00:38.163000', '40288a8182a656740182a659f4d10001', '2023-01-03 11:12:46.557000', '40288a8182a656740182a659f4d10001', '1', NULL, NULL, NULL, NULL, NULL, 'name', 'basic', '4028b881857568ed01857592e0930060', NULL, 'name', NULL, b'0', 0, '部门名称', 'string', 'SearchInput', NULL, 1, b'0', NULL, NULL, NULL, 'left', 'vertical', NULL, NULL, NULL, NULL, NULL, 'sysDept', 'business', 'name', NULL, NULL, NULL);
INSERT INTO `form_field` VALUES ('4028b881857568ed01857592e0930062', '2023-01-03 11:00:38.163000', '40288a8182a656740182a659f4d10001', '2023-01-03 11:12:46.603000', '40288a8182a656740182a659f4d10001', '1', NULL, NULL, NULL, NULL, NULL, 'code', 'basic', '4028b881857568ed01857592e0930060', NULL, 'code', NULL, b'0', 1, '部门信息', 'string', 'VfTreeSelect', NULL, 1, b'0', NULL, NULL, NULL, 'left', 'vertical', NULL, NULL, NULL, NULL, NULL, 'sysDept', NULL, 'code', NULL, NULL, NULL);
INSERT INTO `form_field` VALUES ('4028b8818575989b018575a277a5000a', '2023-01-03 11:17:39.877000', '4028b881857568ed01857593efa20065', '2023-01-04 21:39:25.397000', '40288a8182a656740182a659f4d10001', '1', NULL, NULL, NULL, NULL, NULL, 'id', 'basic', '4028b8818575989b018575a277a50009', NULL, 'id', NULL, b'0', 0, '主键id', 'string', 'Input', NULL, 1, b'1', NULL, NULL, NULL, NULL, NULL, NULL, NULL, NULL, NULL, NULL, 'sysRole', 'basic', 'id', NULL, NULL, NULL);
INSERT INTO `form_field` VALUES ('4028b8818575989b018575a277a6000b', '2023-01-03 11:17:39.878000', '4028b881857568ed01857593efa20065', '2023-01-04 21:39:25.492000', '40288a8182a656740182a659f4d10001', '1', NULL, NULL, NULL, NULL, NULL, 'name', 'basic', '4028b8818575989b018575a277a50009', NULL, 'name', NULL, b'1', 1, '角色名称', 'string', 'Input', NULL, 1, b'0', NULL, NULL, NULL, NULL, NULL, NULL, NULL, NULL, NULL, NULL, 'sysRole', 'basic', 'name', NULL, NULL, NULL);
INSERT INTO `form_field` VALUES ('4028b8818575989b018575a277a6000c', '2023-01-03 11:17:39.878000', '4028b881857568ed01857593efa20065', '2023-01-04 21:39:25.499000', '40288a8182a656740182a659f4d10001', '1', NULL, NULL, NULL, NULL, NULL, 'remark', 'basic', '4028b8818575989b018575a277a50009', NULL, 'remark', NULL, b'0', 2, '描述介绍', 'string', 'Input', NULL, 1, b'0', NULL, NULL, NULL, NULL, NULL, NULL, NULL, NULL, NULL, NULL, 'sysRole', 'basic', 'remark', NULL, NULL, NULL);
INSERT INTO `form_field` VALUES ('4028b8818575989b018575a277a6000d', '2023-01-03 11:17:39.878000', '4028b881857568ed01857593efa20065', '2023-01-04 21:39:25.506000', '40288a8182a656740182a659f4d10001', '1', NULL, NULL, NULL, NULL, NULL, 'sysResources_id', 'list', '4028b8818575989b018575a277a50009', NULL, 'sysResources_id', NULL, b'0', 3, '绑定权限资源', 'string', 'ResourcesSelect', NULL, 1, b'0', NULL, NULL, NULL, NULL, NULL, NULL, NULL, NULL, NULL, NULL, 'sysResources', NULL, 'id', NULL, NULL, NULL);
INSERT INTO `form_field` VALUES ('4028b8818575989b01857611303f0010', '2023-01-03 13:18:36.095000', '4028b881857568ed01857593efa20065', '2023-01-03 13:18:48.819000', '4028b881857568ed01857593efa20065', '1', NULL, NULL, NULL, NULL, NULL, 'name', 'basic', '4028b8818575989b01857611303e000f', NULL, 'name', NULL, b'0', 0, '角色名称', 'string', 'SearchInput', NULL, 1, b'0', NULL, NULL, NULL, 'left', 'vertical', NULL, NULL, NULL, NULL, NULL, 'sysRole', 'business', 'name', NULL, NULL, NULL);
INSERT INTO `form_field` VALUES ('4028b8818575989b0185761130400011', '2023-01-03 13:18:36.096000', '4028b881857568ed01857593efa20065', '2023-01-03 13:18:48.822000', '4028b881857568ed01857593efa20065', '1', NULL, NULL, NULL, NULL, NULL, 'vvv', 'basic', '4028b8818575989b01857611303e000f', NULL, 'sysRoleGroup_sysGroupId', NULL, b'0', 1, '权限组', 'string', 'RelationTagInput', NULL, 1, b'0', NULL, NULL, NULL, 'left', 'vertical', NULL, NULL, NULL, NULL, NULL, 'sysRoleGroup', NULL, 'sysGroupId', NULL, NULL, NULL);
INSERT INTO `form_field` VALUES ('4028b8818575989b01857615aead0013', '2023-01-03 13:23:30.605000', '4028b881857568ed01857593efa20065', '2023-01-03 13:23:41.345000', '4028b881857568ed01857593efa20065', '1', NULL, NULL, NULL, NULL, NULL, 'name', 'basic', '4028b8818575989b01857615aead0012', NULL, 'name', NULL, b'1', 0, '角色名称', 'string', 'Input', NULL, 1, b'0', NULL, NULL, NULL, NULL, NULL, NULL, NULL, NULL, NULL, NULL, 'sysRole', 'basic', 'name', NULL, NULL, NULL);
INSERT INTO `form_field` VALUES ('4028b8818575989b01857615aeae0014', '2023-01-03 13:23:30.606000', '4028b881857568ed01857593efa20065', '2023-01-03 13:23:41.347000', '4028b881857568ed01857593efa20065', '1', NULL, NULL, NULL, NULL, NULL, 'remark', 'basic', '4028b8818575989b01857615aead0012', NULL, 'remark', NULL, b'0', 1, '描述介绍', 'string', 'Input', NULL, 1, b'0', NULL, NULL, NULL, NULL, NULL, NULL, NULL, NULL, NULL, NULL, 'sysRole', 'basic', 'remark', NULL, NULL, NULL);
INSERT INTO `form_field` VALUES ('4028b8818575989b01857615aeae0015', '2023-01-03 13:23:30.606000', '4028b881857568ed01857593efa20065', '2023-01-03 13:23:41.351000', '4028b881857568ed01857593efa20065', '1', NULL, NULL, NULL, NULL, NULL, 'id', 'basic', '4028b8818575989b01857615aead0012', NULL, 'id', NULL, b'0', 2, '主键id', 'string', 'Input', NULL, 1, b'1', NULL, NULL, NULL, NULL, NULL, NULL, NULL, NULL, NULL, NULL, 'sysRole', 'basic', 'id', NULL, NULL, NULL);
INSERT INTO `form_field` VALUES ('4028b8818575989b01857615aeae0016', '2023-01-03 13:23:30.606000', '4028b881857568ed01857593efa20065', '2023-01-03 13:23:41.353000', '4028b881857568ed01857593efa20065', '1', NULL, NULL, NULL, 'STATUS', NULL, 'status', 'basic', '4028b8818575989b01857615aead0012', NULL, 'status', NULL, b'0', 3, '删除状态', 'string', 'VfSelect_DICT', NULL, 1, b'1', NULL, NULL, NULL, NULL, NULL, NULL, NULL, NULL, NULL, NULL, 'sysRole', NULL, 'status', NULL, NULL, NULL);
INSERT INTO `form_field` VALUES ('4028b8818575989b01857615aeae0017', '2023-01-03 13:23:30.606000', '4028b881857568ed01857593efa20065', '2023-01-03 13:23:41.356000', '4028b881857568ed01857593efa20065', '1', NULL, NULL, NULL, NULL, NULL, 'createId', 'basic', '4028b8818575989b01857615aead0012', NULL, 'createId', NULL, b'0', 4, '创建人', 'string', 'RelationTagInput', NULL, 1, b'1', NULL, NULL, NULL, NULL, NULL, NULL, NULL, NULL, NULL, NULL, 'sysRole', NULL, 'createId', NULL, NULL, NULL);
INSERT INTO `form_field` VALUES ('4028b8818575989b01857615aeae0018', '2023-01-03 13:23:30.606000', '4028b881857568ed01857593efa20065', '2023-01-03 13:23:41.358000', '4028b881857568ed01857593efa20065', '1', NULL, NULL, NULL, NULL, NULL, 'modifyId', 'basic', '4028b8818575989b01857615aead0012', NULL, 'modifyId', NULL, b'0', 5, '修订人', 'string', 'RelationTagInput', NULL, 1, b'1', NULL, NULL, NULL, NULL, NULL, NULL, NULL, NULL, NULL, NULL, 'sysRole', NULL, 'modifyId', NULL, NULL, NULL);
INSERT INTO `form_field` VALUES ('4028b8818575989b01857615aeae0019', '2023-01-03 13:23:30.606000', '4028b881857568ed01857593efa20065', '2023-01-03 13:23:41.360000', '4028b881857568ed01857593efa20065', '1', NULL, NULL, NULL, NULL, NULL, 'createDate', 'basic', '4028b8818575989b01857615aead0012', NULL, 'createDate', NULL, b'0', 6, '创建时间', 'date', 'DatePicker', NULL, 1, b'1', NULL, NULL, NULL, NULL, NULL, NULL, NULL, NULL, NULL, NULL, 'sysRole', 'basic', 'createDate', NULL, NULL, NULL);
INSERT INTO `form_field` VALUES ('4028b8818575989b01857615aeae001a', '2023-01-03 13:23:30.606000', '4028b881857568ed01857593efa20065', '2023-01-03 13:23:41.362000', '4028b881857568ed01857593efa20065', '1', NULL, NULL, NULL, NULL, NULL, 'modifyDate', 'basic', '4028b8818575989b01857615aead0012', NULL, 'modifyDate', NULL, b'0', 7, '修改时间', 'date', 'DatePicker', NULL, 1, b'1', NULL, NULL, NULL, NULL, NULL, NULL, NULL, NULL, NULL, NULL, 'sysRole', 'basic', 'modifyDate', NULL, NULL, NULL);
INSERT INTO `form_field` VALUES ('4028b8818575989b0185761c768a001c', '2023-01-03 13:30:54.986000', '40288a8182a656740182a659f4d10001', '2023-01-03 13:31:45.551000', '40288a8182a656740182a659f4d10001', '1', NULL, NULL, NULL, NULL, NULL, 'name', 'basic', '4028b8818575989b0185761c7689001b', NULL, 'name', NULL, b'1', 0, '角色组名称', 'string', 'Input', NULL, 1, b'0', NULL, NULL, NULL, NULL, NULL, NULL, NULL, NULL, NULL, NULL, 'sysGroup', 'basic', 'name', NULL, NULL, NULL);
INSERT INTO `form_field` VALUES ('4028b8818575989b0185761c768a001d', '2023-01-03 13:30:54.986000', '40288a8182a656740182a659f4d10001', '2023-01-03 13:31:45.556000', '40288a8182a656740182a659f4d10001', '1', NULL, NULL, NULL, NULL, NULL, 'remark', 'basic', '4028b8818575989b0185761c7689001b', NULL, 'remark', NULL, b'0', 2, '描述', 'string', 'Input', NULL, 2, b'0', NULL, NULL, NULL, NULL, NULL, NULL, NULL, NULL, NULL, NULL, 'sysGroup', 'basic', 'remark', NULL, NULL, NULL);
INSERT INTO `form_field` VALUES ('4028b8818575989b0185761c768a001e', '2023-01-03 13:30:54.986000', '40288a8182a656740182a659f4d10001', '2023-01-03 13:31:45.553000', '40288a8182a656740182a659f4d10001', '1', NULL, NULL, NULL, 'GROUP_SCOPE', NULL, 'scope', 'basic', '4028b8818575989b0185761c7689001b', NULL, 'scope', NULL, b'0', 1, '数据维度', 'integer', 'VfSelect_DICT', NULL, 1, b'0', NULL, NULL, NULL, NULL, NULL, NULL, NULL, NULL, NULL, NULL, 'sysGroup', NULL, 'scope', NULL, NULL, NULL);
INSERT INTO `form_field` VALUES ('4028b8818575989b0185761c768a001f', '2023-01-03 13:30:54.986000', '40288a8182a656740182a659f4d10001', '2023-01-03 13:31:45.561000', '40288a8182a656740182a659f4d10001', '1', NULL, NULL, NULL, NULL, NULL, 'id', 'basic', '4028b8818575989b0185761c7689001b', NULL, 'id', NULL, b'0', 3, '主键id', 'string', 'Input', NULL, 1, b'1', NULL, NULL, NULL, NULL, NULL, NULL, NULL, NULL, NULL, NULL, 'sysGroup', 'basic', 'id', NULL, NULL, NULL);
INSERT INTO `form_field` VALUES ('4028b8818575989b0185761c768a0020', '2023-01-03 13:30:54.986000', '40288a8182a656740182a659f4d10001', '2023-01-03 13:31:45.564000', '40288a8182a656740182a659f4d10001', '1', NULL, NULL, NULL, 'STATUS', NULL, 'status', 'basic', '4028b8818575989b0185761c7689001b', NULL, 'status', NULL, b'0', 4, '删除状态', 'string', 'VfSelect_DICT', NULL, 1, b'1', NULL, NULL, NULL, NULL, NULL, NULL, NULL, NULL, NULL, NULL, 'sysGroup', NULL, 'status', NULL, NULL, NULL);
INSERT INTO `form_field` VALUES ('4028b8818575989b0185761c768a0021', '2023-01-03 13:30:54.986000', '40288a8182a656740182a659f4d10001', '2023-01-03 13:31:45.567000', '40288a8182a656740182a659f4d10001', '1', NULL, NULL, NULL, NULL, NULL, 'createId', 'basic', '4028b8818575989b0185761c7689001b', NULL, 'createId', NULL, b'0', 5, '创建人', 'string', 'RelationTagInput', NULL, 1, b'1', NULL, NULL, NULL, NULL, NULL, NULL, NULL, NULL, NULL, NULL, 'sysGroup', NULL, 'createId', NULL, NULL, NULL);
INSERT INTO `form_field` VALUES ('4028b8818575989b0185761c768a0022', '2023-01-03 13:30:54.986000', '40288a8182a656740182a659f4d10001', '2023-01-03 13:31:45.569000', '40288a8182a656740182a659f4d10001', '1', NULL, NULL, NULL, NULL, NULL, 'modifyId', 'basic', '4028b8818575989b0185761c7689001b', NULL, 'modifyId', NULL, b'0', 6, '修订人', 'string', 'RelationTagInput', NULL, 1, b'1', NULL, NULL, NULL, NULL, NULL, NULL, NULL, NULL, NULL, NULL, 'sysGroup', NULL, 'modifyId', NULL, NULL, NULL);
INSERT INTO `form_field` VALUES ('4028b8818575989b0185761c768a0023', '2023-01-03 13:30:54.986000', '40288a8182a656740182a659f4d10001', '2023-01-03 13:31:45.571000', '40288a8182a656740182a659f4d10001', '1', NULL, NULL, NULL, NULL, NULL, 'createDate', 'basic', '4028b8818575989b0185761c7689001b', NULL, 'createDate', NULL, b'0', 7, '创建时间', 'date', 'DatePicker', NULL, 1, b'1', NULL, NULL, NULL, NULL, NULL, NULL, NULL, NULL, NULL, NULL, 'sysGroup', 'basic', 'createDate', NULL, NULL, NULL);
INSERT INTO `form_field` VALUES ('4028b8818575989b0185761c768b0024', '2023-01-03 13:30:54.986000', '40288a8182a656740182a659f4d10001', '2023-01-03 13:31:45.574000', '40288a8182a656740182a659f4d10001', '1', NULL, NULL, NULL, NULL, NULL, 'modifyDate', 'basic', '4028b8818575989b0185761c7689001b', NULL, 'modifyDate', NULL, b'0', 8, '修改时间', 'date', 'DatePicker', NULL, 1, b'1', NULL, NULL, NULL, NULL, NULL, NULL, NULL, NULL, NULL, NULL, 'sysGroup', 'basic', 'modifyDate', NULL, NULL, NULL);
INSERT INTO `form_field` VALUES ('4028b8818575989b0185761e00a30027', '2023-01-03 13:32:35.875000', '40288a8182a656740182a659f4d10001', '2023-01-03 13:33:07.643000', '40288a8182a656740182a659f4d10001', '1', NULL, NULL, NULL, NULL, NULL, 'id', 'basic', '4028b8818575989b0185761e00a30026', NULL, 'id', NULL, b'0', 0, '角色组id', 'string', 'Input', NULL, 1, b'1', NULL, NULL, NULL, NULL, NULL, NULL, NULL, NULL, NULL, NULL, 'sysGroup', 'basic', 'id', NULL, NULL, NULL);
INSERT INTO `form_field` VALUES ('4028b8818575989b0185761e00a30028', '2023-01-03 13:32:35.875000', '40288a8182a656740182a659f4d10001', '2023-01-03 13:33:07.645000', '40288a8182a656740182a659f4d10001', '1', NULL, NULL, NULL, NULL, NULL, 'name', 'basic', '4028b8818575989b0185761e00a30026', NULL, 'name', NULL, b'1', 1, '组名称', 'string', 'Input', NULL, 1, b'0', NULL, NULL, NULL, NULL, NULL, NULL, NULL, NULL, NULL, NULL, 'sysGroup', 'basic', 'name', NULL, NULL, NULL);
INSERT INTO `form_field` VALUES ('4028b8818575989b0185761e00a30029', '2023-01-03 13:32:35.875000', '40288a8182a656740182a659f4d10001', '2023-01-03 13:33:07.647000', '40288a8182a656740182a659f4d10001', '1', NULL, NULL, NULL, NULL, NULL, 'remark', 'basic', '4028b8818575989b0185761e00a30026', NULL, 'remark', NULL, b'0', 2, '组描述', 'string', 'Input', NULL, 1, b'0', NULL, NULL, NULL, NULL, NULL, NULL, NULL, NULL, NULL, NULL, 'sysGroup', 'basic', 'remark', NULL, NULL, NULL);
INSERT INTO `form_field` VALUES ('4028b8818575989b0185761e00a3002a', '2023-01-03 13:32:35.875000', '40288a8182a656740182a659f4d10001', '2023-01-03 13:33:07.649000', '40288a8182a656740182a659f4d10001', '1', NULL, NULL, NULL, NULL, NULL, 'sysRoleId', 'list', '4028b8818575989b0185761e00a30026', NULL, 'sysRoleGroup_sysRoleId', NULL, b'1', 3, '角色集合', 'string', 'RelationTagInput', NULL, 1, b'0', NULL, NULL, NULL, NULL, NULL, NULL, NULL, NULL, NULL, NULL, 'sysRoleGroup', NULL, 'sysRoleId', NULL, NULL, NULL);
INSERT INTO `form_field` VALUES ('4028b8818575989b0185761e00a4002b', '2023-01-03 13:32:35.876000', '40288a8182a656740182a659f4d10001', '2023-01-03 13:33:07.652000', '40288a8182a656740182a659f4d10001', '1', NULL, NULL, NULL, 'GROUP_SCOPE', NULL, 'scope', 'basic', '4028b8818575989b0185761e00a30026', NULL, 'scope', NULL, b'1', 4, '数据维度', 'integer', 'VfSelect_DICT', NULL, 1, b'0', NULL, NULL, NULL, NULL, NULL, NULL, NULL, NULL, NULL, NULL, 'sysGroup', NULL, 'scope', NULL, NULL, NULL);
INSERT INTO `form_field` VALUES ('4028b8818575989b0185761f6f65002e', '2023-01-03 13:34:09.765000', '40288a8182a656740182a659f4d10001', NULL, NULL, '1', NULL, NULL, NULL, NULL, NULL, 'sysGroupId', 'basic', '4028b8818575989b0185761f6f64002d', NULL, 'sysGroupId', NULL, b'0', 0, NULL, 'string', 'RelationTagInput', NULL, 1, b'0', NULL, NULL, NULL, NULL, NULL, NULL, NULL, NULL, NULL, NULL, 'sysGroup', NULL, 'id', NULL, NULL, NULL);
INSERT INTO `form_field` VALUES ('4028b8818575989b0185761f6f65002f', '2023-01-03 13:34:09.765000', '40288a8182a656740182a659f4d10001', NULL, NULL, '1', NULL, NULL, NULL, NULL, NULL, 'sysFilterDetailId', 'basic', '4028b8818575989b0185761f6f64002d', NULL, 'sysFilterDetailId', NULL, b'0', 1, NULL, 'string', 'RelationTagInput', NULL, 1, b'0', NULL, NULL, NULL, NULL, NULL, NULL, NULL, NULL, NULL, NULL, 'sysFilterDetail', NULL, 'id', NULL, NULL, NULL);
INSERT INTO `form_field` VALUES ('4028b8818575989b0185761f6f650030', '2023-01-03 13:34:09.765000', '40288a8182a656740182a659f4d10001', NULL, NULL, '1', NULL, NULL, NULL, NULL, NULL, 'id', 'basic', '4028b8818575989b0185761f6f64002d', NULL, 'id', NULL, b'0', 2, '主键id', 'string', 'Input', NULL, 1, b'1', NULL, NULL, NULL, NULL, NULL, NULL, NULL, NULL, NULL, NULL, 'sysFilterGroup', 'basic', 'id', NULL, NULL, '主键id');
INSERT INTO `form_field` VALUES ('4028b8818575989b0185761f6f650031', '2023-01-03 13:34:09.765000', '40288a8182a656740182a659f4d10001', NULL, NULL, '1', NULL, NULL, NULL, 'STATUS', NULL, 'status', 'basic', '4028b8818575989b0185761f6f64002d', NULL, 'status', NULL, b'0', 3, '删除状态', 'string', 'VfSelect_DICT', NULL, 1, b'1', NULL, NULL, NULL, NULL, NULL, NULL, NULL, NULL, NULL, NULL, 'sysFilterGroup', NULL, 'status', NULL, NULL, '删除状态');
INSERT INTO `form_field` VALUES ('4028b8818575989b0185761f6f650032', '2023-01-03 13:34:09.765000', '40288a8182a656740182a659f4d10001', NULL, NULL, '1', NULL, NULL, NULL, NULL, NULL, 'createId', 'basic', '4028b8818575989b0185761f6f64002d', NULL, 'createId', NULL, b'0', 4, '创建人', 'string', 'RelationTagInput', NULL, 1, b'1', NULL, NULL, NULL, NULL, NULL, NULL, NULL, NULL, NULL, NULL, 'sysFilterGroup', NULL, 'createId', NULL, NULL, '创建人');
INSERT INTO `form_field` VALUES ('4028b8818575989b0185761f6f650033', '2023-01-03 13:34:09.765000', '40288a8182a656740182a659f4d10001', NULL, NULL, '1', NULL, NULL, NULL, NULL, NULL, 'modifyId', 'basic', '4028b8818575989b0185761f6f64002d', NULL, 'modifyId', NULL, b'0', 5, '修订人', 'string', 'RelationTagInput', NULL, 1, b'1', NULL, NULL, NULL, NULL, NULL, NULL, NULL, NULL, NULL, NULL, 'sysFilterGroup', NULL, 'modifyId', NULL, NULL, '修订人');
INSERT INTO `form_field` VALUES ('4028b8818575989b0185761f6f650034', '2023-01-03 13:34:09.765000', '40288a8182a656740182a659f4d10001', NULL, NULL, '1', NULL, NULL, NULL, NULL, NULL, 'createDate', 'basic', '4028b8818575989b0185761f6f64002d', NULL, 'createDate', NULL, b'0', 6, '创建时间', 'date', 'DatePicker', NULL, 1, b'1', NULL, NULL, NULL, NULL, NULL, NULL, NULL, NULL, NULL, NULL, 'sysFilterGroup', 'basic', 'createDate', NULL, NULL, '创建时间');
INSERT INTO `form_field` VALUES ('4028b8818575989b0185761f6f650035', '2023-01-03 13:34:09.765000', '40288a8182a656740182a659f4d10001', NULL, NULL, '1', NULL, NULL, NULL, NULL, NULL, 'modifyDate', 'basic', '4028b8818575989b0185761f6f64002d', NULL, 'modifyDate', NULL, b'0', 7, '修改时间', 'date', 'DatePicker', NULL, 1, b'1', NULL, NULL, NULL, NULL, NULL, NULL, NULL, NULL, NULL, NULL, 'sysFilterGroup', 'basic', 'modifyDate', NULL, NULL, '修改时间');
INSERT INTO `form_field` VALUES ('4028b8818575989b0185762161960037', '2023-01-03 13:36:17.302000', '40288a8182a656740182a659f4d10001', '2023-01-03 13:38:09.608000', '40288a8182a656740182a659f4d10001', '1', NULL, NULL, NULL, NULL, NULL, 'id', 'basic', '4028b8818575989b0185762161960036', NULL, 'id', NULL, b'0', 0, '主键id', 'string', 'Input', NULL, 1, b'1', NULL, NULL, NULL, NULL, NULL, NULL, NULL, NULL, NULL, NULL, 'sysGroup', 'basic', 'id', NULL, NULL, NULL);
INSERT INTO `form_field` VALUES ('4028b8818575989b0185762161960038', '2023-01-03 13:36:17.302000', '40288a8182a656740182a659f4d10001', '2023-01-03 13:38:09.612000', '40288a8182a656740182a659f4d10001', '1', NULL, NULL, NULL, NULL, NULL, 'name', 'basic', '4028b8818575989b0185762161960036', NULL, 'name', b'1', b'1', 1, '角色组名称', 'string', 'Input', NULL, 2, b'0', NULL, NULL, NULL, NULL, NULL, NULL, NULL, NULL, NULL, NULL, 'sysGroup', 'basic', 'name', NULL, NULL, NULL);
INSERT INTO `form_field` VALUES ('4028b8818575989b0185762161960039', '2023-01-03 13:36:17.302000', '40288a8182a656740182a659f4d10001', '2023-01-03 13:38:09.614000', '40288a8182a656740182a659f4d10001', '1', NULL, NULL, NULL, NULL, NULL, 'filterDetailIds', 'list', '4028b8818575989b0185762161960036', NULL, 'sysFilterGroup_sysFilterDetailId', NULL, b'0', 2, '查询权限', 'string', 'GroupSelect', NULL, 2, b'0', NULL, NULL, NULL, 'left', 'vertical', NULL, NULL, NULL, NULL, NULL, 'sysFilterGroup', NULL, 'sysFilterDetailId', NULL, NULL, NULL);
INSERT INTO `form_field` VALUES ('4028b8818575989b01857623e557003d', '2023-01-03 13:39:02.102000', '40288a8182a656740182a659f4d10001', '2023-01-03 13:39:10.489000', '40288a8182a656740182a659f4d10001', '1', NULL, NULL, NULL, NULL, NULL, 'name', 'basic', '4028b8818575989b01857623e556003c', NULL, 'name', NULL, b'0', 0, '组名称', 'string', 'SearchInput', NULL, 1, b'0', NULL, NULL, NULL, 'left', 'vertical', NULL, NULL, NULL, NULL, NULL, 'sysGroup', 'business', 'name', NULL, NULL, NULL);
INSERT INTO `form_field` VALUES ('4028b8818575989b01857623e557003e', '2023-01-03 13:39:02.103000', '40288a8182a656740182a659f4d10001', '2023-01-03 13:39:10.493000', '40288a8182a656740182a659f4d10001', '1', NULL, NULL, NULL, NULL, NULL, 'sysRoleId', 'list', '4028b8818575989b01857623e556003c', NULL, 'sysRoleGroup_sysRoleId', NULL, b'0', 1, '关联角色', 'string', 'RelationTagInput', NULL, 1, b'0', NULL, NULL, NULL, 'left', 'vertical', NULL, NULL, NULL, NULL, NULL, 'sysRoleGroup', NULL, 'sysRoleId', NULL, NULL, NULL);
INSERT INTO `form_field` VALUES ('4028b8818575989b01857648302e004f', '2023-01-03 14:18:40.557000', '40288a8182a656740182a659f4d10001', '2023-01-03 14:20:33.293000', '40288a8182a656740182a659f4d10001', '1', NULL, NULL, NULL, NULL, NULL, 'search', 'basic', '4028b8818575989b01857648302d004e', NULL, 'name', NULL, b'0', 0, '名称/编码/地址', 'string', 'SearchInput', NULL, 1, b'0', NULL, NULL, NULL, 'left', 'vertical', NULL, NULL, NULL, NULL, NULL, 'sysResources', 'business', 'name', NULL, NULL, NULL);
INSERT INTO `form_field` VALUES ('4028b8818575989b01857648302e0050', '2023-01-03 14:18:40.558000', '40288a8182a656740182a659f4d10001', '2023-01-03 14:20:33.296000', '40288a8182a656740182a659f4d10001', '1', NULL, NULL, NULL, 'SYSRESOURCES_TYPE', NULL, 'resourcesType', 'basic', '4028b8818575989b01857648302d004e', NULL, 'resourcesType', NULL, b'0', 1, '资源类型', 'string', 'SelectTag', NULL, 1, b'0', NULL, NULL, NULL, 'left', 'vertical', NULL, NULL, NULL, NULL, NULL, 'sysResources', 'business', 'resourcesType', NULL, NULL, NULL);
INSERT INTO `form_field` VALUES ('4028b8818575989b01857648302e0051', '2023-01-03 14:18:40.558000', '40288a8182a656740182a659f4d10001', '2023-01-03 14:20:33.299000', '40288a8182a656740182a659f4d10001', '1', NULL, NULL, NULL, NULL, NULL, 'sysRoleId', 'basic', '4028b8818575989b01857648302d004e', NULL, 'sysRoleId', NULL, b'0', 2, '接口角色', 'string', 'RelationTagInput', NULL, 1, b'0', NULL, NULL, NULL, 'left', 'vertical', NULL, NULL, NULL, NULL, NULL, 'sysResources', 'business', 'sysRoleId', NULL, NULL, NULL);
INSERT INTO `form_field` VALUES ('4028b8818575989b0185764a78b40054', '2023-01-03 14:21:10.196000', '40288a8182a656740182a659f4d10001', '2023-01-04 22:31:52.945000', '40288a8182a656740182a659f4d10001', '1', NULL, NULL, NULL, NULL, NULL, 'name', 'basic', '4028b8818575989b0185764a78b40053', NULL, 'name', NULL, b'1', 0, '资源名称', 'string', 'Input', NULL, 1, b'0', NULL, NULL, NULL, NULL, NULL, NULL, NULL, NULL, NULL, NULL, 'sysResources', 'basic', 'name', NULL, NULL, NULL);
INSERT INTO `form_field` VALUES ('4028b8818575989b0185764a78b50055', '2023-01-03 14:21:10.196000', '40288a8182a656740182a659f4d10001', '2023-01-03 16:05:46.906000', '40288a8182a656740182a659f4d10001', '0', NULL, NULL, NULL, 'SYSRESOURCES_TYPE', NULL, 'resourcesType', 'basic', '4028b8818575989b0185764a78b40053', NULL, 'resourcesType', b'1', b'0', 1, '资源类型', 'string', 'VfSelect_DICT', NULL, 1, b'0', NULL, NULL, NULL, NULL, NULL, NULL, NULL, NULL, NULL, NULL, 'sysResources', NULL, 'resourcesType', NULL, NULL, '资源类型');
INSERT INTO `form_field` VALUES ('4028b8818575989b0185764a78b50056', '2023-01-03 14:21:10.197000', '40288a8182a656740182a659f4d10001', '2023-01-04 22:31:52.959000', '40288a8182a656740182a659f4d10001', '1', NULL, NULL, NULL, NULL, NULL, 'url', 'basic', '4028b8818575989b0185764a78b40053', NULL, 'url', NULL, b'0', 2, '接口地址', 'string', 'Input', NULL, 1, b'0', NULL, NULL, NULL, NULL, NULL, NULL, NULL, NULL, NULL, NULL, 'sysResources', 'basic', 'url', NULL, NULL, NULL);
INSERT INTO `form_field` VALUES ('4028b8818575989b0185764a78b50057', '2023-01-03 14:21:10.197000', '40288a8182a656740182a659f4d10001', '2023-01-04 22:31:52.961000', '40288a8182a656740182a659f4d10001', '1', NULL, NULL, NULL, NULL, NULL, 'resourcesCode', 'basic', '4028b8818575989b0185764a78b40053', NULL, 'resourcesCode', b'1', b'0', 3, '资源编码', 'string', 'Input', NULL, 1, b'0', NULL, NULL, NULL, NULL, NULL, NULL, NULL, NULL, NULL, NULL, 'sysResources', 'basic', 'resourcesCode', NULL, NULL, NULL);
INSERT INTO `form_field` VALUES ('4028b8818575989b0185764a78b50058', '2023-01-03 14:21:10.197000', '40288a8182a656740182a659f4d10001', '2023-01-04 22:31:52.962000', '40288a8182a656740182a659f4d10001', '1', NULL, NULL, NULL, NULL, NULL, 'icon', 'basic', '4028b8818575989b0185764a78b40053', NULL, 'icon', NULL, b'0', 4, '图标', 'string', 'SelectIcon', NULL, 1, b'0', NULL, NULL, NULL, NULL, NULL, NULL, NULL, NULL, NULL, NULL, 'sysResources', 'basic', 'icon', NULL, NULL, NULL);
INSERT INTO `form_field` VALUES ('4028b8818575989b0185764a78b50059', '2023-01-03 14:21:10.197000', '40288a8182a656740182a659f4d10001', '2023-01-04 22:31:52.964000', '40288a8182a656740182a659f4d10001', '1', NULL, NULL, NULL, NULL, NULL, 'sysRoleId', 'basic', '4028b8818575989b0185764a78b40053', NULL, 'sysRoleId', NULL, b'0', 5, '归属角色', 'string', 'RelationTagInput', NULL, 1, b'0', NULL, NULL, NULL, NULL, NULL, NULL, NULL, NULL, NULL, NULL, 'sysRole', NULL, 'id', NULL, NULL, NULL);
INSERT INTO `form_field` VALUES ('4028b8818575989b0185764a78b5005a', '2023-01-03 14:21:10.197000', '40288a8182a656740182a659f4d10001', '2023-01-04 22:31:52.969000', '40288a8182a656740182a659f4d10001', '1', NULL, NULL, NULL, NULL, NULL, 'resourcesPcode', 'basic', '4028b8818575989b0185764a78b40053', NULL, 'resourcesPcode', NULL, b'0', 7, '依赖资源', 'string', 'VfSelect', NULL, 1, b'0', NULL, NULL, NULL, NULL, NULL, NULL, NULL, NULL, NULL, NULL, 'sysResources', 'basic', 'resourcesPcode', NULL, NULL, NULL);
INSERT INTO `form_field` VALUES ('4028b8818575989b0185764a78b5005b', '2023-01-03 14:21:10.197000', '40288a8182a656740182a659f4d10001', '2023-01-04 22:31:52.966000', '40288a8182a656740182a659f4d10001', '1', NULL, NULL, NULL, NULL, NULL, 'menuCode', 'basic', '4028b8818575989b0185764a78b40053', NULL, 'menuCode', NULL, b'0', 6, '归属菜单', 'string', 'VfSelect', NULL, 1, b'0', NULL, NULL, NULL, NULL, NULL, NULL, NULL, NULL, NULL, NULL, 'sysResources', 'basic', 'menuCode', NULL, NULL, NULL);
INSERT INTO `form_field` VALUES ('4028b8818575989b0185764a78b5005c', '2023-01-03 14:21:10.197000', '40288a8182a656740182a659f4d10001', '2023-01-04 22:31:52.973000', '40288a8182a656740182a659f4d10001', '1', NULL, NULL, NULL, NULL, NULL, 'id', 'basic', '4028b8818575989b0185764a78b40053', NULL, 'id', NULL, b'0', 8, '主键id', 'string', 'Input', NULL, 1, b'1', NULL, NULL, NULL, NULL, NULL, NULL, NULL, NULL, NULL, NULL, 'sysResources', 'basic', 'id', NULL, NULL, NULL);
INSERT INTO `form_field` VALUES ('4028b8818575989b0185764a78b6005d', '2023-01-03 14:21:10.198000', '40288a8182a656740182a659f4d10001', '2023-01-04 22:31:52.975000', '40288a8182a656740182a659f4d10001', '1', NULL, NULL, NULL, 'STATUS', NULL, 'status', 'basic', '4028b8818575989b0185764a78b40053', NULL, 'status', NULL, b'0', 9, '删除状态', 'string', 'VfSelect_DICT', NULL, 1, b'1', NULL, NULL, NULL, NULL, NULL, NULL, NULL, NULL, NULL, NULL, 'sysResources', NULL, 'status', NULL, NULL, NULL);
INSERT INTO `form_field` VALUES ('4028b8818575989b0185764a78b6005e', '2023-01-03 14:21:10.198000', '40288a8182a656740182a659f4d10001', '2023-01-04 22:31:52.977000', '40288a8182a656740182a659f4d10001', '1', NULL, NULL, NULL, NULL, NULL, 'createId', 'basic', '4028b8818575989b0185764a78b40053', NULL, 'createId', NULL, b'0', 10, '创建人', 'string', 'RelationTagInput', NULL, 1, b'1', NULL, NULL, NULL, NULL, NULL, NULL, NULL, NULL, NULL, NULL, 'sysResources', NULL, 'createId', NULL, NULL, NULL);
INSERT INTO `form_field` VALUES ('4028b8818575989b0185764a78b6005f', '2023-01-03 14:21:10.198000', '40288a8182a656740182a659f4d10001', '2023-01-04 22:31:52.979000', '40288a8182a656740182a659f4d10001', '1', NULL, NULL, NULL, NULL, NULL, 'modifyId', 'basic', '4028b8818575989b0185764a78b40053', NULL, 'modifyId', NULL, b'0', 11, '修订人', 'string', 'RelationTagInput', NULL, 1, b'1', NULL, NULL, NULL, NULL, NULL, NULL, NULL, NULL, NULL, NULL, 'sysResources', NULL, 'modifyId', NULL, NULL, NULL);
INSERT INTO `form_field` VALUES ('4028b8818575989b0185764a78b60060', '2023-01-03 14:21:10.198000', '40288a8182a656740182a659f4d10001', '2023-01-04 22:31:52.980000', '40288a8182a656740182a659f4d10001', '1', NULL, NULL, NULL, NULL, NULL, 'createDate', 'basic', '4028b8818575989b0185764a78b40053', NULL, 'createDate', NULL, b'0', 12, '创建时间', 'date', 'DatePicker', NULL, 1, b'1', NULL, NULL, NULL, NULL, NULL, NULL, NULL, NULL, NULL, NULL, 'sysResources', 'basic', 'createDate', NULL, NULL, NULL);
INSERT INTO `form_field` VALUES ('4028b8818575989b0185764a78b60061', '2023-01-03 14:21:10.198000', '40288a8182a656740182a659f4d10001', '2023-01-04 22:31:52.982000', '40288a8182a656740182a659f4d10001', '1', NULL, NULL, NULL, NULL, NULL, 'modifyDate', 'basic', '4028b8818575989b0185764a78b40053', NULL, 'modifyDate', NULL, b'0', 13, '修改时间', 'date', 'DatePicker', NULL, 1, b'1', NULL, NULL, NULL, NULL, NULL, NULL, NULL, NULL, NULL, NULL, 'sysResources', 'basic', 'modifyDate', NULL, NULL, NULL);
INSERT INTO `form_field` VALUES ('4028b8818575989b0185765623bf0068', '2023-01-03 14:33:54.879000', '40288a8182a656740182a659f4d10001', NULL, NULL, '1', NULL, NULL, NULL, NULL, NULL, 'formId', 'basic', '4028b8818575989b0185765623bf0067', NULL, 'formId', NULL, b'0', 0, '所属表单', 'string', 'RelationTagInput', NULL, 1, b'0', NULL, NULL, NULL, NULL, NULL, NULL, NULL, NULL, NULL, NULL, 'form', NULL, 'id', NULL, NULL, '所属表单');
INSERT INTO `form_field` VALUES ('4028b8818575989b0185765623bf0069', '2023-01-03 14:33:54.879000', '40288a8182a656740182a659f4d10001', NULL, NULL, '1', NULL, NULL, NULL, NULL, NULL, 'formFieldId', 'basic', '4028b8818575989b0185765623bf0067', NULL, 'formFieldId', NULL, b'0', 1, '依赖字段', 'string', 'RelationTagInput', NULL, 1, b'0', NULL, NULL, NULL, NULL, NULL, NULL, NULL, NULL, NULL, NULL, 'formField', NULL, 'id', NULL, NULL, '依赖字段');
INSERT INTO `form_field` VALUES ('4028b8818575989b0185765623bf006a', '2023-01-03 14:33:54.879000', '40288a8182a656740182a659f4d10001', NULL, NULL, '1', NULL, NULL, NULL, NULL, NULL, 'name', 'basic', '4028b8818575989b0185765623bf0067', NULL, 'name', NULL, b'1', 2, '事件名称', 'string', 'Input', NULL, 1, b'0', NULL, NULL, NULL, NULL, NULL, NULL, NULL, NULL, NULL, NULL, 'formEvent', 'basic', 'name', NULL, NULL, '事件名称');
INSERT INTO `form_field` VALUES ('4028b8818575989b0185765623c0006b', '2023-01-03 14:33:54.879000', '40288a8182a656740182a659f4d10001', NULL, NULL, '1', NULL, NULL, NULL, NULL, NULL, 'attr', 'basic', '4028b8818575989b0185765623bf0067', NULL, 'attr', NULL, b'0', 3, '字段的属性', 'string', 'Input', NULL, 1, b'0', NULL, NULL, NULL, NULL, NULL, NULL, NULL, NULL, NULL, NULL, 'formEvent', 'basic', 'attr', NULL, NULL, '字段的属性');
INSERT INTO `form_field` VALUES ('4028b8818575989b0185765623c0006c', '2023-01-03 14:33:54.880000', '40288a8182a656740182a659f4d10001', NULL, NULL, '1', NULL, NULL, NULL, NULL, NULL, 'eventType', 'basic', '4028b8818575989b0185765623bf0067', NULL, 'eventType', NULL, b'0', 4, '触发的事件类型', 'string', 'Input', NULL, 1, b'0', NULL, NULL, NULL, NULL, NULL, NULL, NULL, NULL, NULL, NULL, 'formEvent', 'basic', 'eventType', NULL, NULL, '触发的事件类型');
INSERT INTO `form_field` VALUES ('4028b8818575989b0185765623c0006d', '2023-01-03 14:33:54.880000', '40288a8182a656740182a659f4d10001', NULL, NULL, '1', NULL, NULL, NULL, NULL, NULL, 'val', 'basic', '4028b8818575989b0185765623bf0067', NULL, 'val', NULL, b'0', 5, '匹配的值', 'string', 'Input', NULL, 1, b'0', NULL, NULL, NULL, NULL, NULL, NULL, NULL, NULL, NULL, NULL, 'formEvent', 'basic', 'val', NULL, NULL, '匹配的值');
INSERT INTO `form_field` VALUES ('4028b8818575989b0185765623c0006e', '2023-01-03 14:33:54.880000', '40288a8182a656740182a659f4d10001', NULL, NULL, '1', NULL, NULL, NULL, NULL, NULL, 'id', 'basic', '4028b8818575989b0185765623bf0067', NULL, 'id', NULL, b'0', 6, '主键id', 'string', 'Input', NULL, 1, b'1', NULL, NULL, NULL, NULL, NULL, NULL, NULL, NULL, NULL, NULL, 'formEvent', 'basic', 'id', NULL, NULL, '主键id');
INSERT INTO `form_field` VALUES ('4028b8818575989b0185765623c0006f', '2023-01-03 14:33:54.880000', '40288a8182a656740182a659f4d10001', NULL, NULL, '1', NULL, NULL, NULL, 'STATUS', NULL, 'status', 'basic', '4028b8818575989b0185765623bf0067', NULL, 'status', NULL, b'0', 7, '删除状态', 'string', 'VfSelect_DICT', NULL, 1, b'1', NULL, NULL, NULL, NULL, NULL, NULL, NULL, NULL, NULL, NULL, 'formEvent', NULL, 'status', NULL, NULL, '删除状态');
INSERT INTO `form_field` VALUES ('4028b8818575989b0185765623c00070', '2023-01-03 14:33:54.880000', '40288a8182a656740182a659f4d10001', NULL, NULL, '1', NULL, NULL, NULL, NULL, NULL, 'createId', 'basic', '4028b8818575989b0185765623bf0067', NULL, 'createId', NULL, b'0', 8, '创建人', 'string', 'RelationTagInput', NULL, 1, b'1', NULL, NULL, NULL, NULL, NULL, NULL, NULL, NULL, NULL, NULL, 'formEvent', NULL, 'createId', NULL, NULL, '创建人');
INSERT INTO `form_field` VALUES ('4028b8818575989b0185765623c00071', '2023-01-03 14:33:54.880000', '40288a8182a656740182a659f4d10001', NULL, NULL, '1', NULL, NULL, NULL, NULL, NULL, 'modifyId', 'basic', '4028b8818575989b0185765623bf0067', NULL, 'modifyId', NULL, b'0', 9, '修订人', 'string', 'RelationTagInput', NULL, 1, b'1', NULL, NULL, NULL, NULL, NULL, NULL, NULL, NULL, NULL, NULL, 'formEvent', NULL, 'modifyId', NULL, NULL, '修订人');
INSERT INTO `form_field` VALUES ('4028b8818575989b0185765623c00072', '2023-01-03 14:33:54.880000', '40288a8182a656740182a659f4d10001', NULL, NULL, '1', NULL, NULL, NULL, NULL, NULL, 'createDate', 'basic', '4028b8818575989b0185765623bf0067', NULL, 'createDate', NULL, b'0', 10, '创建时间', 'date', 'DatePicker', NULL, 1, b'1', NULL, NULL, NULL, NULL, NULL, NULL, NULL, NULL, NULL, NULL, 'formEvent', 'basic', 'createDate', NULL, NULL, '创建时间');
INSERT INTO `form_field` VALUES ('4028b8818575989b0185765623c00073', '2023-01-03 14:33:54.880000', '40288a8182a656740182a659f4d10001', NULL, NULL, '1', NULL, NULL, NULL, NULL, NULL, 'modifyDate', 'basic', '4028b8818575989b0185765623bf0067', NULL, 'modifyDate', NULL, b'0', 11, '修改时间', 'date', 'DatePicker', NULL, 1, b'1', NULL, NULL, NULL, NULL, NULL, NULL, NULL, NULL, NULL, NULL, 'formEvent', 'basic', 'modifyDate', NULL, NULL, '修改时间');
INSERT INTO `form_field` VALUES ('4028b8818575989b0185765636f90075', '2023-01-03 14:33:59.801000', '40288a8182a656740182a659f4d10001', NULL, NULL, '1', NULL, NULL, NULL, NULL, NULL, 'formId', 'basic', '4028b8818575989b0185765636f90074', NULL, 'formId', NULL, b'0', 0, '所属表单', 'string', 'RelationTagInput', NULL, 1, b'0', NULL, NULL, NULL, NULL, NULL, NULL, NULL, NULL, NULL, NULL, 'form', NULL, 'id', NULL, NULL, '所属表单');
INSERT INTO `form_field` VALUES ('4028b8818575989b0185765636f90076', '2023-01-03 14:33:59.801000', '40288a8182a656740182a659f4d10001', NULL, NULL, '1', NULL, NULL, NULL, NULL, NULL, 'formFieldId', 'basic', '4028b8818575989b0185765636f90074', NULL, 'formFieldId', NULL, b'0', 1, '依赖字段', 'string', 'RelationTagInput', NULL, 1, b'0', NULL, NULL, NULL, NULL, NULL, NULL, NULL, NULL, NULL, NULL, 'formField', NULL, 'id', NULL, NULL, '依赖字段');
INSERT INTO `form_field` VALUES ('4028b8818575989b0185765636f90077', '2023-01-03 14:33:59.801000', '40288a8182a656740182a659f4d10001', NULL, NULL, '1', NULL, NULL, NULL, NULL, NULL, 'name', 'basic', '4028b8818575989b0185765636f90074', NULL, 'name', NULL, b'1', 2, '事件名称', 'string', 'Input', NULL, 1, b'0', NULL, NULL, NULL, NULL, NULL, NULL, NULL, NULL, NULL, NULL, 'formEvent', 'basic', 'name', NULL, NULL, '事件名称');
INSERT INTO `form_field` VALUES ('4028b8818575989b0185765636f90078', '2023-01-03 14:33:59.801000', '40288a8182a656740182a659f4d10001', NULL, NULL, '1', NULL, NULL, NULL, NULL, NULL, 'attr', 'basic', '4028b8818575989b0185765636f90074', NULL, 'attr', NULL, b'0', 3, '字段的属性', 'string', 'Input', NULL, 1, b'0', NULL, NULL, NULL, NULL, NULL, NULL, NULL, NULL, NULL, NULL, 'formEvent', 'basic', 'attr', NULL, NULL, '字段的属性');
INSERT INTO `form_field` VALUES ('4028b8818575989b0185765636fa0079', '2023-01-03 14:33:59.801000', '40288a8182a656740182a659f4d10001', NULL, NULL, '1', NULL, NULL, NULL, NULL, NULL, 'eventType', 'basic', '4028b8818575989b0185765636f90074', NULL, 'eventType', NULL, b'0', 4, '触发的事件类型', 'string', 'Input', NULL, 1, b'0', NULL, NULL, NULL, NULL, NULL, NULL, NULL, NULL, NULL, NULL, 'formEvent', 'basic', 'eventType', NULL, NULL, '触发的事件类型');
INSERT INTO `form_field` VALUES ('4028b8818575989b0185765636fa007a', '2023-01-03 14:33:59.802000', '40288a8182a656740182a659f4d10001', NULL, NULL, '1', NULL, NULL, NULL, NULL, NULL, 'val', 'basic', '4028b8818575989b0185765636f90074', NULL, 'val', NULL, b'0', 5, '匹配的值', 'string', 'Input', NULL, 1, b'0', NULL, NULL, NULL, NULL, NULL, NULL, NULL, NULL, NULL, NULL, 'formEvent', 'basic', 'val', NULL, NULL, '匹配的值');
INSERT INTO `form_field` VALUES ('4028b8818575989b0185765636fa007b', '2023-01-03 14:33:59.802000', '40288a8182a656740182a659f4d10001', NULL, NULL, '1', NULL, NULL, NULL, NULL, NULL, 'id', 'basic', '4028b8818575989b0185765636f90074', NULL, 'id', NULL, b'0', 6, '主键id', 'string', 'Input', NULL, 1, b'1', NULL, NULL, NULL, NULL, NULL, NULL, NULL, NULL, NULL, NULL, 'formEvent', 'basic', 'id', NULL, NULL, '主键id');
INSERT INTO `form_field` VALUES ('4028b8818575989b0185765636fa007c', '2023-01-03 14:33:59.802000', '40288a8182a656740182a659f4d10001', NULL, NULL, '1', NULL, NULL, NULL, 'STATUS', NULL, 'status', 'basic', '4028b8818575989b0185765636f90074', NULL, 'status', NULL, b'0', 7, '删除状态', 'string', 'VfSelect_DICT', NULL, 1, b'1', NULL, NULL, NULL, NULL, NULL, NULL, NULL, NULL, NULL, NULL, 'formEvent', NULL, 'status', NULL, NULL, '删除状态');
INSERT INTO `form_field` VALUES ('4028b8818575989b0185765636fa007d', '2023-01-03 14:33:59.802000', '40288a8182a656740182a659f4d10001', NULL, NULL, '1', NULL, NULL, NULL, NULL, NULL, 'createId', 'basic', '4028b8818575989b0185765636f90074', NULL, 'createId', NULL, b'0', 8, '创建人', 'string', 'RelationTagInput', NULL, 1, b'1', NULL, NULL, NULL, NULL, NULL, NULL, NULL, NULL, NULL, NULL, 'formEvent', NULL, 'createId', NULL, NULL, '创建人');
INSERT INTO `form_field` VALUES ('4028b8818575989b0185765636fa007e', '2023-01-03 14:33:59.802000', '40288a8182a656740182a659f4d10001', NULL, NULL, '1', NULL, NULL, NULL, NULL, NULL, 'modifyId', 'basic', '4028b8818575989b0185765636f90074', NULL, 'modifyId', NULL, b'0', 9, '修订人', 'string', 'RelationTagInput', NULL, 1, b'1', NULL, NULL, NULL, NULL, NULL, NULL, NULL, NULL, NULL, NULL, 'formEvent', NULL, 'modifyId', NULL, NULL, '修订人');
INSERT INTO `form_field` VALUES ('4028b8818575989b0185765636fa007f', '2023-01-03 14:33:59.802000', '40288a8182a656740182a659f4d10001', NULL, NULL, '1', NULL, NULL, NULL, NULL, NULL, 'createDate', 'basic', '4028b8818575989b0185765636f90074', NULL, 'createDate', NULL, b'0', 10, '创建时间', 'date', 'DatePicker', NULL, 1, b'1', NULL, NULL, NULL, NULL, NULL, NULL, NULL, NULL, NULL, NULL, 'formEvent', 'basic', 'createDate', NULL, NULL, '创建时间');
INSERT INTO `form_field` VALUES ('4028b8818575989b0185765636fb0080', '2023-01-03 14:33:59.802000', '40288a8182a656740182a659f4d10001', NULL, NULL, '1', NULL, NULL, NULL, NULL, NULL, 'modifyDate', 'basic', '4028b8818575989b0185765636f90074', NULL, 'modifyDate', NULL, b'0', 11, '修改时间', 'date', 'DatePicker', NULL, 1, b'1', NULL, NULL, NULL, NULL, NULL, NULL, NULL, NULL, NULL, NULL, 'formEvent', 'basic', 'modifyDate', NULL, NULL, '修改时间');
INSERT INTO `form_field` VALUES ('4028b8818575989b0185765648d30082', '2023-01-03 14:34:04.371000', '40288a8182a656740182a659f4d10001', '2023-01-03 14:35:51.365000', '40288a8182a656740182a659f4d10001', '1', NULL, NULL, NULL, NULL, NULL, 'formId', 'basic', '4028b8818575989b0185765648d30081', NULL, 'formId', NULL, b'0', 0, '所属表单', 'string', 'RelationTagInput', NULL, 1, b'0', NULL, NULL, NULL, NULL, NULL, NULL, NULL, NULL, NULL, NULL, 'form', NULL, 'id', NULL, NULL, NULL);
INSERT INTO `form_field` VALUES ('4028b8818575989b0185765648d30083', '2023-01-03 14:34:04.371000', '40288a8182a656740182a659f4d10001', '2023-01-03 14:35:51.369000', '40288a8182a656740182a659f4d10001', '1', NULL, NULL, NULL, NULL, NULL, 'formFieldId', 'basic', '4028b8818575989b0185765648d30081', NULL, 'formFieldId', NULL, b'0', 1, '依赖字段', 'string', 'RelationTagInput', NULL, 1, b'0', NULL, NULL, NULL, NULL, NULL, NULL, NULL, NULL, NULL, NULL, 'formField', NULL, 'id', NULL, NULL, NULL);
INSERT INTO `form_field` VALUES ('4028b8818575989b0185765648e00084', '2023-01-03 14:34:04.371000', '40288a8182a656740182a659f4d10001', '2023-01-03 14:35:51.372000', '40288a8182a656740182a659f4d10001', '1', NULL, NULL, NULL, NULL, NULL, 'name', 'basic', '4028b8818575989b0185765648d30081', NULL, 'name', NULL, b'1', 2, '事件名称', 'string', 'Input', NULL, 1, b'0', NULL, NULL, NULL, NULL, NULL, NULL, NULL, NULL, NULL, NULL, 'formEvent', 'basic', 'name', NULL, NULL, NULL);
INSERT INTO `form_field` VALUES ('4028b8818575989b0185765648e10085', '2023-01-03 14:34:04.384000', '40288a8182a656740182a659f4d10001', '2023-01-03 14:35:51.376000', '40288a8182a656740182a659f4d10001', '1', NULL, NULL, NULL, NULL, NULL, 'attr', 'basic', '4028b8818575989b0185765648d30081', NULL, 'attr', NULL, b'0', 3, '字段的属性', 'string', 'Input', NULL, 1, b'1', NULL, NULL, NULL, NULL, NULL, NULL, NULL, NULL, NULL, NULL, 'formEvent', 'basic', 'attr', NULL, NULL, NULL);
INSERT INTO `form_field` VALUES ('4028b8818575989b0185765648e10086', '2023-01-03 14:34:04.385000', '40288a8182a656740182a659f4d10001', '2023-01-03 14:35:51.380000', '40288a8182a656740182a659f4d10001', '1', NULL, NULL, NULL, NULL, NULL, 'eventType', 'basic', '4028b8818575989b0185765648d30081', NULL, 'eventType', NULL, b'0', 4, '触发的事件类型', 'string', 'Input', NULL, 1, b'1', NULL, NULL, NULL, NULL, NULL, NULL, NULL, NULL, NULL, NULL, 'formEvent', 'basic', 'eventType', NULL, NULL, NULL);
INSERT INTO `form_field` VALUES ('4028b8818575989b0185765648e10087', '2023-01-03 14:34:04.385000', '40288a8182a656740182a659f4d10001', '2023-01-03 14:35:51.383000', '40288a8182a656740182a659f4d10001', '1', NULL, NULL, NULL, NULL, NULL, 'val', 'basic', '4028b8818575989b0185765648d30081', NULL, 'val', NULL, b'0', 5, '匹配的值', 'string', 'Input', NULL, 1, b'1', NULL, NULL, NULL, NULL, NULL, NULL, NULL, NULL, NULL, NULL, 'formEvent', 'basic', 'val', NULL, NULL, NULL);
INSERT INTO `form_field` VALUES ('4028b8818575989b0185765648e10088', '2023-01-03 14:34:04.385000', '40288a8182a656740182a659f4d10001', '2023-01-03 14:35:51.387000', '40288a8182a656740182a659f4d10001', '1', NULL, NULL, NULL, NULL, NULL, 'id', 'basic', '4028b8818575989b0185765648d30081', NULL, 'id', NULL, b'0', 6, '主键id', 'string', 'Input', NULL, 1, b'1', NULL, NULL, NULL, NULL, NULL, NULL, NULL, NULL, NULL, NULL, 'formEvent', 'basic', 'id', NULL, NULL, NULL);
INSERT INTO `form_field` VALUES ('4028b8818575989b0185765648e10089', '2023-01-03 14:34:04.385000', '40288a8182a656740182a659f4d10001', '2023-01-03 14:35:51.389000', '40288a8182a656740182a659f4d10001', '1', NULL, NULL, NULL, 'STATUS', NULL, 'status', 'basic', '4028b8818575989b0185765648d30081', NULL, 'status', NULL, b'0', 7, '删除状态', 'string', 'VfSelect_DICT', NULL, 1, b'1', NULL, NULL, NULL, NULL, NULL, NULL, NULL, NULL, NULL, NULL, 'formEvent', NULL, 'status', NULL, NULL, NULL);
INSERT INTO `form_field` VALUES ('4028b8818575989b0185765648e1008a', '2023-01-03 14:34:04.385000', '40288a8182a656740182a659f4d10001', '2023-01-03 14:35:51.392000', '40288a8182a656740182a659f4d10001', '1', NULL, NULL, NULL, NULL, NULL, 'createId', 'basic', '4028b8818575989b0185765648d30081', NULL, 'createId', NULL, b'0', 8, '创建人', 'string', 'RelationTagInput', NULL, 1, b'1', NULL, NULL, NULL, NULL, NULL, NULL, NULL, NULL, NULL, NULL, 'formEvent', NULL, 'createId', NULL, NULL, NULL);
INSERT INTO `form_field` VALUES ('4028b8818575989b0185765648e1008b', '2023-01-03 14:34:04.385000', '40288a8182a656740182a659f4d10001', '2023-01-03 14:35:51.396000', '40288a8182a656740182a659f4d10001', '1', NULL, NULL, NULL, NULL, NULL, 'modifyId', 'basic', '4028b8818575989b0185765648d30081', NULL, 'modifyId', NULL, b'0', 9, '修订人', 'string', 'RelationTagInput', NULL, 1, b'1', NULL, NULL, NULL, NULL, NULL, NULL, NULL, NULL, NULL, NULL, 'formEvent', NULL, 'modifyId', NULL, NULL, NULL);
INSERT INTO `form_field` VALUES ('4028b8818575989b0185765648e1008c', '2023-01-03 14:34:04.385000', '40288a8182a656740182a659f4d10001', '2023-01-03 14:35:51.399000', '40288a8182a656740182a659f4d10001', '1', NULL, NULL, NULL, NULL, NULL, 'createDate', 'basic', '4028b8818575989b0185765648d30081', NULL, 'createDate', NULL, b'0', 10, '创建时间', 'date', 'DatePicker', NULL, 1, b'1', NULL, NULL, NULL, NULL, NULL, NULL, NULL, NULL, NULL, NULL, 'formEvent', 'basic', 'createDate', NULL, NULL, NULL);
INSERT INTO `form_field` VALUES ('4028b8818575989b0185765648e1008d', '2023-01-03 14:34:04.385000', '40288a8182a656740182a659f4d10001', '2023-01-03 14:35:51.401000', '40288a8182a656740182a659f4d10001', '1', NULL, NULL, NULL, NULL, NULL, 'modifyDate', 'basic', '4028b8818575989b0185765648d30081', NULL, 'modifyDate', NULL, b'0', 11, '修改时间', 'date', 'DatePicker', NULL, 1, b'1', NULL, NULL, NULL, NULL, NULL, NULL, NULL, NULL, NULL, NULL, 'formEvent', 'basic', 'modifyDate', NULL, NULL, NULL);
INSERT INTO `form_field` VALUES ('4028b881857695d2018576ab6adf0003', '2023-01-03 16:07:03.646000', NULL, '2023-01-04 22:31:52.955000', '40288a8182a656740182a659f4d10001', '1', NULL, NULL, NULL, 'SYSRESOURCES_TYPE', NULL, 'resourcesType', 'basic', '4028b8818575989b0185764a78b40053', NULL, 'resourcesType', NULL, b'0', 1, '资源类型', 'string', 'VfSelect_DICT', NULL, NULL, b'0', NULL, NULL, NULL, NULL, NULL, NULL, NULL, NULL, NULL, NULL, 'sysResources', NULL, 'resourcesType', NULL, NULL, NULL);
INSERT INTO `form_field` VALUES ('4028b8818576b48b018576bba3730001', '2023-01-03 16:24:46.707000', '40288a8182a656740182a659f4d10001', '2023-01-04 23:41:15.800000', '40288a8182a656740182a659f4d10001', '1', NULL, NULL, NULL, NULL, NULL, 'name', 'basic', '4028b8818576b48b018576bba36f0000', NULL, 'name', NULL, b'1', 0, '项目名称', 'string', 'Input', NULL, 1, b'0', NULL, NULL, NULL, NULL, NULL, NULL, NULL, NULL, NULL, NULL, 'project', 'basic', 'name', NULL, NULL, '项目名称');
INSERT INTO `form_field` VALUES ('4028b8818576b48b018576bba3750002', '2023-01-03 16:24:46.709000', '40288a8182a656740182a659f4d10001', '2023-01-04 23:41:15.938000', '40288a8182a656740182a659f4d10001', '1', NULL, NULL, NULL, NULL, NULL, 'projectNo', 'basic', '4028b8818576b48b018576bba36f0000', NULL, 'projectNo', NULL, b'0', 1, '项目编号', 'string', 'Input', NULL, 1, b'0', NULL, NULL, NULL, NULL, NULL, NULL, NULL, NULL, NULL, NULL, 'project', 'basic', 'projectNo', NULL, NULL, '项目编号');
INSERT INTO `form_field` VALUES ('4028b8818576b48b018576bba3750003', '2023-01-03 16:24:46.709000', '40288a8182a656740182a659f4d10001', '2023-01-04 23:41:15.948000', '40288a8182a656740182a659f4d10001', '1', NULL, NULL, NULL, NULL, NULL, 'customer', 'basic', '4028b8818576b48b018576bba36f0000', NULL, 'customer', NULL, b'0', 2, '甲方', 'string', 'Input', NULL, 1, b'0', NULL, NULL, NULL, NULL, NULL, NULL, NULL, NULL, NULL, NULL, 'project', 'basic', 'customer', NULL, NULL, '甲方');
INSERT INTO `form_field` VALUES ('4028b8818576b48b018576bba3750004', '2023-01-03 16:24:46.709000', '40288a8182a656740182a659f4d10001', '2023-01-04 23:41:15.960000', '40288a8182a656740182a659f4d10001', '1', NULL, NULL, NULL, NULL, NULL, 'sysUserId', 'basic', '4028b8818576b48b018576bba36f0000', NULL, 'sysUserId', NULL, b'0', 3, '负责人', 'string', 'RelationTagInput', NULL, 1, b'0', NULL, NULL, NULL, NULL, NULL, NULL, NULL, NULL, NULL, NULL, 'sysUser', NULL, 'id', NULL, NULL, '负责人');
INSERT INTO `form_field` VALUES ('4028b8818576b48b018576bba3760005', '2023-01-03 16:24:46.710000', '40288a8182a656740182a659f4d10001', '2023-01-04 23:41:15.970000', '40288a8182a656740182a659f4d10001', '1', NULL, NULL, NULL, 'PROJECT_STATE', NULL, 'state', 'basic', '4028b8818576b48b018576bba36f0000', NULL, 'state', NULL, b'0', 4, '项目阶段', 'string', 'VfSelect_DICT', NULL, 1, b'0', NULL, NULL, NULL, NULL, NULL, NULL, NULL, NULL, NULL, NULL, 'project', NULL, 'state', NULL, NULL, '项目阶段');
INSERT INTO `form_field` VALUES ('4028b8818576b48b018576bba3760006', '2023-01-03 16:24:46.710000', '40288a8182a656740182a659f4d10001', '2023-01-04 23:41:16.011000', '40288a8182a656740182a659f4d10001', '1', NULL, NULL, NULL, NULL, NULL, 'startDate', 'basic', '4028b8818576b48b018576bba36f0000', NULL, 'startDate', NULL, b'0', 5, '启动日期', 'date', 'DatePicker', NULL, 1, b'0', NULL, NULL, NULL, NULL, NULL, NULL, NULL, NULL, NULL, NULL, 'project', 'basic', 'startDate', NULL, NULL, '启动日期');
INSERT INTO `form_field` VALUES ('4028b8818576b48b018576bba3760007', '2023-01-03 16:24:46.710000', '40288a8182a656740182a659f4d10001', '2023-01-04 23:41:16.018000', '40288a8182a656740182a659f4d10001', '1', NULL, NULL, NULL, NULL, NULL, 'sysOrgId', 'basic', '4028b8818576b48b018576bba36f0000', NULL, 'sysOrgId', NULL, b'0', 6, '数据机构', 'string', 'RelationTagInput', NULL, 1, b'1', NULL, NULL, NULL, NULL, NULL, NULL, NULL, NULL, NULL, NULL, 'sysOrg', NULL, 'id', NULL, NULL, '数据机构');
INSERT INTO `form_field` VALUES ('4028b8818576b48b018576bba3770008', '2023-01-03 16:24:46.710000', '40288a8182a656740182a659f4d10001', '2023-01-04 23:41:16.029000', '40288a8182a656740182a659f4d10001', '1', NULL, NULL, NULL, NULL, NULL, 'sysAreaId', 'basic', '4028b8818576b48b018576bba36f0000', NULL, 'sysAreaId', NULL, b'0', 7, '数据地区', 'string', 'RelationTagInput', NULL, 1, b'1', NULL, NULL, NULL, NULL, NULL, NULL, NULL, NULL, NULL, NULL, 'sysArea', NULL, 'id', NULL, NULL, '数据地区');
INSERT INTO `form_field` VALUES ('4028b8818576b48b018576bba3770009', '2023-01-03 16:24:46.711000', '40288a8182a656740182a659f4d10001', '2023-01-04 23:41:16.038000', '40288a8182a656740182a659f4d10001', '1', NULL, NULL, NULL, NULL, NULL, 'sysDeptId', 'basic', '4028b8818576b48b018576bba36f0000', NULL, 'sysDeptId', NULL, b'0', 8, '数据部门', 'string', 'RelationTagInput', NULL, 1, b'1', NULL, NULL, NULL, NULL, NULL, NULL, NULL, NULL, NULL, NULL, 'sysDept', NULL, 'id', NULL, NULL, '数据部门');
INSERT INTO `form_field` VALUES ('4028b8818576b48b018576bba377000a', '2023-01-03 16:24:46.711000', '40288a8182a656740182a659f4d10001', '2023-01-04 23:41:16.049000', '40288a8182a656740182a659f4d10001', '1', NULL, NULL, NULL, NULL, NULL, 'amount', 'basic', '4028b8818576b48b018576bba36f0000', NULL, 'amount', NULL, b'0', 9, '合同金额', 'double', 'InputNumber', NULL, 1, b'0', NULL, NULL, NULL, NULL, NULL, NULL, NULL, NULL, NULL, NULL, 'project', NULL, 'amount', NULL, NULL, '合同金额');
INSERT INTO `form_field` VALUES ('4028b8818576b48b018576bba378000b', '2023-01-03 16:24:46.712000', '40288a8182a656740182a659f4d10001', '2023-01-04 23:41:16.060000', '40288a8182a656740182a659f4d10001', '1', NULL, NULL, NULL, NULL, NULL, 'id', 'basic', '4028b8818576b48b018576bba36f0000', NULL, 'id', NULL, b'0', 10, '主键id', 'string', 'Input', NULL, 1, b'1', NULL, NULL, NULL, NULL, NULL, NULL, NULL, NULL, NULL, NULL, 'project', 'basic', 'id', NULL, NULL, '主键id');
INSERT INTO `form_field` VALUES ('4028b8818576b48b018576bba378000c', '2023-01-03 16:24:46.712000', '40288a8182a656740182a659f4d10001', '2023-01-04 23:41:16.067000', '40288a8182a656740182a659f4d10001', '1', NULL, NULL, NULL, 'STATUS', NULL, 'status', 'basic', '4028b8818576b48b018576bba36f0000', NULL, 'status', NULL, b'0', 11, '删除状态', 'string', 'VfSelect_DICT', NULL, 1, b'1', NULL, NULL, NULL, NULL, NULL, NULL, NULL, NULL, NULL, NULL, 'project', NULL, 'status', NULL, NULL, '删除状态');
INSERT INTO `form_field` VALUES ('4028b8818576b48b018576bba378000d', '2023-01-03 16:24:46.712000', '40288a8182a656740182a659f4d10001', '2023-01-04 23:41:16.076000', '40288a8182a656740182a659f4d10001', '1', NULL, NULL, NULL, NULL, NULL, 'createId', 'basic', '4028b8818576b48b018576bba36f0000', NULL, 'createId', NULL, b'0', 12, '创建人', 'string', 'RelationTagInput', NULL, 1, b'1', NULL, NULL, NULL, NULL, NULL, NULL, NULL, NULL, NULL, NULL, 'project', NULL, 'createId', NULL, NULL, '创建人');
INSERT INTO `form_field` VALUES ('4028b8818576b48b018576bba37b000e', '2023-01-03 16:24:46.715000', '40288a8182a656740182a659f4d10001', '2023-01-04 23:41:16.083000', '40288a8182a656740182a659f4d10001', '1', NULL, NULL, NULL, NULL, NULL, 'modifyId', 'basic', '4028b8818576b48b018576bba36f0000', NULL, 'modifyId', NULL, b'0', 13, '修订人', 'string', 'RelationTagInput', NULL, 1, b'1', NULL, NULL, NULL, NULL, NULL, NULL, NULL, NULL, NULL, NULL, 'project', NULL, 'modifyId', NULL, NULL, '修订人');
INSERT INTO `form_field` VALUES ('4028b8818576b48b018576bba37b000f', '2023-01-03 16:24:46.715000', '40288a8182a656740182a659f4d10001', '2023-01-04 23:41:16.089000', '40288a8182a656740182a659f4d10001', '1', NULL, NULL, NULL, NULL, NULL, 'createDate', 'basic', '4028b8818576b48b018576bba36f0000', NULL, 'createDate', NULL, b'0', 14, '创建时间', 'date', 'DatePicker', NULL, 1, b'1', NULL, NULL, NULL, NULL, NULL, NULL, NULL, NULL, NULL, NULL, 'project', 'basic', 'createDate', NULL, NULL, '创建时间');
INSERT INTO `form_field` VALUES ('4028b8818576b48b018576bba37c0010', '2023-01-03 16:24:46.715000', '40288a8182a656740182a659f4d10001', '2023-01-04 23:41:16.095000', '40288a8182a656740182a659f4d10001', '1', NULL, NULL, NULL, NULL, NULL, 'modifyDate', 'basic', '4028b8818576b48b018576bba36f0000', NULL, 'modifyDate', NULL, b'0', 15, '修改时间', 'date', 'DatePicker', NULL, 1, b'1', NULL, NULL, NULL, NULL, NULL, NULL, NULL, NULL, NULL, NULL, 'project', 'basic', 'modifyDate', NULL, NULL, '修改时间');
INSERT INTO `form_field` VALUES ('4028b8818576b48b018576bc89790013', '2023-01-03 16:25:45.593000', '40288a8182a656740182a659f4d10001', '2023-01-03 16:27:05.612000', '40288a8182a656740182a659f4d10001', '1', NULL, NULL, NULL, NULL, NULL, 'name', 'basic', '4028b8818576b48b018576bc89790012', NULL, 'name', NULL, b'0', 0, '名称/甲方/编号', 'string', 'SearchInput', NULL, 1, b'0', NULL, NULL, NULL, 'left', 'vertical', NULL, NULL, NULL, NULL, NULL, 'project', 'business', 'name', NULL, NULL, NULL);
INSERT INTO `form_field` VALUES ('4028b8818576b48b018576bc89790014', '2023-01-03 16:25:45.593000', '40288a8182a656740182a659f4d10001', '2023-01-03 16:27:05.621000', '40288a8182a656740182a659f4d10001', '1', NULL, NULL, NULL, 'PROJECT_STATE', NULL, 'state', 'list', '4028b8818576b48b018576bc89790012', NULL, 'state', NULL, b'0', 1, '项目阶段', 'string', 'SelectTag', NULL, 1, b'0', NULL, NULL, NULL, 'left', 'vertical', NULL, NULL, NULL, NULL, NULL, 'project', 'business', 'state', NULL, NULL, NULL);
INSERT INTO `form_field` VALUES ('4028b8818576b48b018576bc89790015', '2023-01-03 16:25:45.593000', '40288a8182a656740182a659f4d10001', '2023-01-03 16:27:05.637000', '40288a8182a656740182a659f4d10001', '1', NULL, NULL, NULL, NULL, NULL, 'sysUserId', 'list', '4028b8818576b48b018576bc89790012', NULL, 'sysUserId', NULL, b'0', 2, '负责人', 'string', 'SearchInput', NULL, 1, b'0', NULL, NULL, NULL, 'left', 'vertical', NULL, NULL, NULL, NULL, NULL, 'project', 'business', 'sysUserId', NULL, NULL, NULL);
INSERT INTO `form_field` VALUES ('4028b8818576b48b018576bc89790016', '2023-01-03 16:25:45.593000', '40288a8182a656740182a659f4d10001', '2023-01-03 16:27:05.640000', '40288a8182a656740182a659f4d10001', '1', NULL, NULL, NULL, NULL, NULL, 'startDate', 'list', '4028b8818576b48b018576bc89790012', NULL, 'startDate', NULL, b'0', 3, '启动日期', 'date', 'DatePicker', NULL, 1, b'0', NULL, NULL, NULL, 'left', 'vertical', NULL, NULL, NULL, NULL, NULL, 'project', 'basic', 'startDate', NULL, NULL, NULL);
INSERT INTO `form_field` VALUES ('4028b8818576b48b018576bc897a0017', '2023-01-03 16:25:45.594000', '40288a8182a656740182a659f4d10001', '2023-01-03 16:27:05.642000', '40288a8182a656740182a659f4d10001', '1', NULL, NULL, NULL, NULL, NULL, 'sysDept_code', 'basic', '4028b8818576b48b018576bc89790012', NULL, 'sysDept_code', NULL, b'0', 4, '部门科室', 'string', 'VfTreeSelect', NULL, 1, b'0', NULL, NULL, NULL, 'left', 'vertical', NULL, NULL, NULL, NULL, NULL, 'sysDept', 'business', 'code', NULL, NULL, NULL);
INSERT INTO `form_field` VALUES ('4028b8818576b48b018576bc897a0018', '2023-01-03 16:25:45.594000', '40288a8182a656740182a659f4d10001', '2023-01-03 16:27:05.644000', '40288a8182a656740182a659f4d10001', '1', NULL, NULL, NULL, NULL, NULL, 'sysOrg_code', 'basic', '4028b8818576b48b018576bc89790012', NULL, 'sysOrg_code', NULL, b'0', 5, '单位机构', 'string', 'VfTreeSelect', NULL, 1, b'0', NULL, NULL, NULL, 'left', 'vertical', NULL, NULL, NULL, NULL, NULL, 'sysOrg', 'business', 'code', NULL, NULL, NULL);
INSERT INTO `form_field` VALUES ('4028b8818576b48b018576bc897a0019', '2023-01-03 16:25:45.594000', '40288a8182a656740182a659f4d10001', '2023-01-03 16:27:05.648000', '40288a8182a656740182a659f4d10001', '1', NULL, NULL, NULL, NULL, NULL, 'sysArea_code', 'basic', '4028b8818576b48b018576bc89790012', NULL, 'sysArea_code', NULL, b'0', 6, '行政区划', 'string', 'VfTreeSelect', NULL, 1, b'0', NULL, NULL, NULL, 'left', 'vertical', NULL, NULL, NULL, NULL, NULL, 'sysArea', 'business', 'code', NULL, NULL, NULL);
INSERT INTO `form_field` VALUES ('4028b8818576b48b018576d94ddd0026', '2023-01-03 16:57:10.877000', '40288a8182a656740182a659f4d10001', '2023-01-03 19:14:55.447000', '40288a8182a656740182a659f4d10001', '1', NULL, NULL, NULL, NULL, NULL, 'name', 'basic', '4028b8818576b48b018576d94ddd0025', NULL, 'name', NULL, b'1', 0, '查询名称', 'string', 'Input', NULL, 1, b'0', NULL, NULL, NULL, NULL, NULL, NULL, NULL, NULL, NULL, NULL, 'formCondition', 'basic', 'name', NULL, NULL, NULL);
INSERT INTO `form_field` VALUES ('4028b8818576b48b018576d94ddd0027', '2023-01-03 16:57:10.877000', '40288a8182a656740182a659f4d10001', '2023-01-03 19:14:55.457000', '40288a8182a656740182a659f4d10001', '1', NULL, NULL, NULL, NULL, NULL, 'formId', 'basic', '4028b8818576b48b018576d94ddd0025', NULL, 'formId', NULL, b'0', 1, '实体模型', 'string', 'VfSelect', NULL, 1, b'0', NULL, NULL, NULL, NULL, NULL, NULL, NULL, NULL, NULL, NULL, 'form', NULL, 'id', NULL, NULL, NULL);
INSERT INTO `form_field` VALUES ('4028b8818576b48b018576d94ddd0028', '2023-01-03 16:57:10.877000', '40288a8182a656740182a659f4d10001', '2023-01-03 19:14:55.460000', '40288a8182a656740182a659f4d10001', '1', NULL, NULL, NULL, NULL, NULL, 'conditionJson', 'basic', '4028b8818576b48b018576d94ddd0025', NULL, 'conditionJson', NULL, b'0', 2, '过滤条件', 'string', 'QueryBuilder', NULL, 2, b'0', NULL, NULL, NULL, 'left', 'vertical', NULL, NULL, NULL, NULL, NULL, 'formCondition', 'basic', 'conditionJson', NULL, NULL, NULL);
INSERT INTO `form_field` VALUES ('4028b8818576b48b018576d94ddd0029', '2023-01-03 16:57:10.877000', '40288a8182a656740182a659f4d10001', '2023-01-03 19:14:55.465000', '40288a8182a656740182a659f4d10001', '1', NULL, NULL, NULL, NULL, NULL, 'id', 'basic', '4028b8818576b48b018576d94ddd0025', NULL, 'id', NULL, b'0', 3, '主键id', 'string', 'Input', NULL, 1, b'1', NULL, NULL, NULL, NULL, NULL, NULL, NULL, NULL, NULL, NULL, 'formCondition', 'basic', 'id', NULL, NULL, NULL);
INSERT INTO `form_field` VALUES ('4028b8818576b48b018576d94ddd002a', '2023-01-03 16:57:10.877000', '40288a8182a656740182a659f4d10001', '2023-01-03 19:14:55.469000', '40288a8182a656740182a659f4d10001', '1', NULL, NULL, NULL, 'STATUS', NULL, 'status', 'basic', '4028b8818576b48b018576d94ddd0025', NULL, 'status', NULL, b'0', 4, '删除状态', 'string', 'VfSelect_DICT', NULL, 1, b'1', NULL, NULL, NULL, NULL, NULL, NULL, NULL, NULL, NULL, NULL, 'formCondition', NULL, 'status', NULL, NULL, NULL);
INSERT INTO `form_field` VALUES ('4028b8818576b48b018576d94dde002b', '2023-01-03 16:57:10.878000', '40288a8182a656740182a659f4d10001', '2023-01-03 19:14:55.473000', '40288a8182a656740182a659f4d10001', '1', NULL, NULL, NULL, NULL, NULL, 'createId', 'basic', '4028b8818576b48b018576d94ddd0025', NULL, 'createId', NULL, b'0', 5, '创建人', 'string', 'RelationTagInput', NULL, 1, b'1', NULL, NULL, NULL, NULL, NULL, NULL, NULL, NULL, NULL, NULL, 'formCondition', NULL, 'createId', NULL, NULL, NULL);
INSERT INTO `form_field` VALUES ('4028b8818576b48b018576d94dde002c', '2023-01-03 16:57:10.878000', '40288a8182a656740182a659f4d10001', '2023-01-03 19:14:55.478000', '40288a8182a656740182a659f4d10001', '1', NULL, NULL, NULL, NULL, NULL, 'modifyId', 'basic', '4028b8818576b48b018576d94ddd0025', NULL, 'modifyId', NULL, b'0', 6, '修订人', 'string', 'RelationTagInput', NULL, 1, b'1', NULL, NULL, NULL, NULL, NULL, NULL, NULL, NULL, NULL, NULL, 'formCondition', NULL, 'modifyId', NULL, NULL, NULL);
INSERT INTO `form_field` VALUES ('4028b8818576b48b018576d94dde002d', '2023-01-03 16:57:10.878000', '40288a8182a656740182a659f4d10001', '2023-01-03 19:14:55.481000', '40288a8182a656740182a659f4d10001', '1', NULL, NULL, NULL, NULL, NULL, 'createDate', 'basic', '4028b8818576b48b018576d94ddd0025', NULL, 'createDate', NULL, b'0', 7, '创建时间', 'date', 'DatePicker', NULL, 1, b'1', NULL, NULL, NULL, NULL, NULL, NULL, NULL, NULL, NULL, NULL, 'formCondition', 'basic', 'createDate', NULL, NULL, NULL);
INSERT INTO `form_field` VALUES ('4028b8818576b48b018576d94dde002e', '2023-01-03 16:57:10.878000', '40288a8182a656740182a659f4d10001', '2023-01-03 19:14:55.486000', '40288a8182a656740182a659f4d10001', '1', NULL, NULL, NULL, NULL, NULL, 'modifyDate', 'basic', '4028b8818576b48b018576d94ddd0025', NULL, 'modifyDate', NULL, b'0', 8, '修改时间', 'date', 'DatePicker', NULL, 1, b'1', NULL, NULL, NULL, NULL, NULL, NULL, NULL, NULL, NULL, NULL, 'formCondition', 'basic', 'modifyDate', NULL, NULL, NULL);
INSERT INTO `form_field` VALUES ('4028b8818576b48b018576db2dd40030', '2023-01-03 16:59:13.748000', '40288a8182a656740182a659f4d10001', NULL, NULL, '1', NULL, NULL, NULL, NULL, NULL, 'type', 'basic', '4028b8818576b48b018576db2dd4002f', NULL, 'type', NULL, b'0', 0, '类型', 'string', 'Input', NULL, 1, b'0', NULL, NULL, NULL, NULL, NULL, NULL, NULL, NULL, NULL, NULL, 'form', 'basic', 'type', NULL, NULL, '类型');
INSERT INTO `form_field` VALUES ('4028b8818576b48b018576db2dd40031', '2023-01-03 16:59:13.748000', '40288a8182a656740182a659f4d10001', NULL, NULL, '1', NULL, NULL, NULL, NULL, NULL, 'entityType', 'basic', '4028b8818576b48b018576db2dd4002f', NULL, 'entityType', NULL, b'0', 1, '关联实体', 'string', 'Input', NULL, 1, b'0', NULL, NULL, NULL, NULL, NULL, NULL, NULL, NULL, NULL, NULL, 'form', 'basic', 'entityType', NULL, NULL, '关联实体');
INSERT INTO `form_field` VALUES ('4028b8818576b48b018576db2dd50032', '2023-01-03 16:59:13.749000', '40288a8182a656740182a659f4d10001', NULL, NULL, '1', NULL, NULL, NULL, NULL, NULL, 'itemType', 'basic', '4028b8818576b48b018576db2dd4002f', NULL, 'itemType', NULL, b'0', 2, '模型分类', 'string', 'Input', NULL, 1, b'0', NULL, NULL, NULL, NULL, NULL, NULL, NULL, NULL, NULL, NULL, 'form', 'basic', 'itemType', NULL, NULL, '模型分类');
INSERT INTO `form_field` VALUES ('4028b8818576b48b018576db2dd50033', '2023-01-03 16:59:13.749000', '40288a8182a656740182a659f4d10001', NULL, NULL, '1', NULL, NULL, NULL, NULL, NULL, 'title', 'basic', '4028b8818576b48b018576db2dd4002f', NULL, 'title', NULL, b'0', 3, '模型名称', 'string', 'Input', NULL, 1, b'0', NULL, NULL, NULL, NULL, NULL, NULL, NULL, NULL, NULL, NULL, 'form', 'basic', 'title', NULL, NULL, '模型名称');
INSERT INTO `form_field` VALUES ('4028b8818576b48b018576db2dd50034', '2023-01-03 16:59:13.749000', '40288a8182a656740182a659f4d10001', NULL, NULL, '1', NULL, NULL, NULL, NULL, NULL, 'name', 'basic', '4028b8818576b48b018576db2dd4002f', NULL, 'name', NULL, b'1', 4, '表单名称', 'string', 'Input', NULL, 1, b'0', NULL, NULL, NULL, NULL, NULL, NULL, NULL, NULL, NULL, NULL, 'form', 'basic', 'name', NULL, NULL, '表单名称');
INSERT INTO `form_field` VALUES ('4028b8818576b48b018576db2dd50035', '2023-01-03 16:59:13.749000', '40288a8182a656740182a659f4d10001', NULL, NULL, '1', NULL, NULL, NULL, NULL, NULL, 'uiType', 'basic', '4028b8818576b48b018576db2dd4002f', NULL, 'uiType', NULL, b'0', 5, '使用场景', 'string', 'Input', NULL, 1, b'0', NULL, NULL, NULL, NULL, NULL, NULL, NULL, NULL, NULL, NULL, 'form', 'basic', 'uiType', NULL, NULL, '使用场景');
INSERT INTO `form_field` VALUES ('4028b8818576b48b018576db2dd50036', '2023-01-03 16:59:13.749000', '40288a8182a656740182a659f4d10001', NULL, NULL, '1', NULL, NULL, NULL, NULL, NULL, 'gridSpan', 'basic', '4028b8818576b48b018576db2dd4002f', NULL, 'gridSpan', NULL, b'0', 6, '每行列数', 'integer', NULL, NULL, 1, b'0', NULL, NULL, NULL, NULL, NULL, NULL, NULL, NULL, NULL, NULL, 'form', NULL, 'gridSpan', NULL, NULL, '每行列数');
INSERT INTO `form_field` VALUES ('4028b8818576b48b018576db2dd50037', '2023-01-03 16:59:13.749000', '40288a8182a656740182a659f4d10001', NULL, NULL, '1', NULL, NULL, NULL, NULL, NULL, 'id', 'basic', '4028b8818576b48b018576db2dd4002f', NULL, 'id', NULL, b'0', 7, '主键id', 'string', 'Input', NULL, 1, b'1', NULL, NULL, NULL, NULL, NULL, NULL, NULL, NULL, NULL, NULL, 'form', 'basic', 'id', NULL, NULL, '主键id');
INSERT INTO `form_field` VALUES ('4028b8818576b48b018576db2dd50038', '2023-01-03 16:59:13.749000', '40288a8182a656740182a659f4d10001', NULL, NULL, '1', NULL, NULL, NULL, 'STATUS', NULL, 'status', 'basic', '4028b8818576b48b018576db2dd4002f', NULL, 'status', NULL, b'0', 8, '删除状态', 'string', 'VfSelect_DICT', NULL, 1, b'1', NULL, NULL, NULL, NULL, NULL, NULL, NULL, NULL, NULL, NULL, 'form', NULL, 'status', NULL, NULL, '删除状态');
INSERT INTO `form_field` VALUES ('4028b8818576b48b018576db2dd50039', '2023-01-03 16:59:13.749000', '40288a8182a656740182a659f4d10001', NULL, NULL, '1', NULL, NULL, NULL, NULL, NULL, 'createId', 'basic', '4028b8818576b48b018576db2dd4002f', NULL, 'createId', NULL, b'0', 9, '创建人', 'string', 'RelationTagInput', NULL, 1, b'1', NULL, NULL, NULL, NULL, NULL, NULL, NULL, NULL, NULL, NULL, 'form', NULL, 'createId', NULL, NULL, '创建人');
INSERT INTO `form_field` VALUES ('4028b8818576b48b018576db2dd5003a', '2023-01-03 16:59:13.749000', '40288a8182a656740182a659f4d10001', NULL, NULL, '1', NULL, NULL, NULL, NULL, NULL, 'modifyId', 'basic', '4028b8818576b48b018576db2dd4002f', NULL, 'modifyId', NULL, b'0', 10, '修订人', 'string', 'RelationTagInput', NULL, 1, b'1', NULL, NULL, NULL, NULL, NULL, NULL, NULL, NULL, NULL, NULL, 'form', NULL, 'modifyId', NULL, NULL, '修订人');
INSERT INTO `form_field` VALUES ('4028b8818576b48b018576db2dd5003b', '2023-01-03 16:59:13.749000', '40288a8182a656740182a659f4d10001', NULL, NULL, '1', NULL, NULL, NULL, NULL, NULL, 'createDate', 'basic', '4028b8818576b48b018576db2dd4002f', NULL, 'createDate', NULL, b'0', 11, '创建时间', 'date', 'DatePicker', NULL, 1, b'1', NULL, NULL, NULL, NULL, NULL, NULL, NULL, NULL, NULL, NULL, 'form', 'basic', 'createDate', NULL, NULL, '创建时间');
INSERT INTO `form_field` VALUES ('4028b8818576b48b018576db2dd5003c', '2023-01-03 16:59:13.749000', '40288a8182a656740182a659f4d10001', NULL, NULL, '1', NULL, NULL, NULL, NULL, NULL, 'modifyDate', 'basic', '4028b8818576b48b018576db2dd4002f', NULL, 'modifyDate', NULL, b'0', 12, '修改时间', 'date', 'DatePicker', NULL, 1, b'1', NULL, NULL, NULL, NULL, NULL, NULL, NULL, NULL, NULL, NULL, 'form', 'basic', 'modifyDate', NULL, NULL, '修改时间');
INSERT INTO `form_field` VALUES ('4028b8818576b48b018576df077f0042', '2023-01-03 17:03:26.079000', '40288a8182a656740182a659f4d10001', '2023-01-03 23:22:39.890000', '40288a8182a656740182a659f4d10001', '1', NULL, NULL, NULL, NULL, NULL, 'search', 'basic', '4028b8818576b48b018576df077f0041', NULL, 'name', NULL, b'0', 0, '查询名称', 'string', 'SearchInput', NULL, 1, b'0', NULL, NULL, NULL, 'left', 'vertical', NULL, NULL, NULL, NULL, NULL, 'formCondition', 'business', 'name', NULL, NULL, NULL);
INSERT INTO `form_field` VALUES ('4028b8818576b48b018576df077f0043', '2023-01-03 17:03:26.079000', '40288a8182a656740182a659f4d10001', '2023-01-03 23:22:39.896000', '40288a8182a656740182a659f4d10001', '1', NULL, NULL, NULL, NULL, NULL, 'formId', 'basic', '4028b8818576b48b018576df077f0041', NULL, 'formId', NULL, b'0', 1, '实体模型', 'string', 'VfSelect', NULL, 1, b'0', NULL, NULL, NULL, 'left', 'vertical', NULL, NULL, NULL, NULL, NULL, 'formCondition', 'business', 'formId', NULL, NULL, NULL);
INSERT INTO `form_field` VALUES ('4028b8818576b48b01857747a11b0046', '2023-01-03 18:57:41.147000', '40288a8182a656740182a659f4d10001', '2023-01-03 22:30:43.386000', '40288a8182a656740182a659f4d10001', '1', NULL, NULL, NULL, NULL, NULL, 'name', 'basic', '4028b8818576b48b01857747a11a0045', NULL, 'name', NULL, b'1', 0, '统计项名称', 'string', 'Input', NULL, 1, b'0', NULL, NULL, NULL, NULL, NULL, NULL, NULL, NULL, NULL, NULL, 'reportItem', 'basic', 'name', NULL, NULL, NULL);
INSERT INTO `form_field` VALUES ('4028b8818576b48b01857747a11b0047', '2023-01-03 18:57:41.147000', '40288a8182a656740182a659f4d10001', '2023-01-03 22:30:43.398000', '40288a8182a656740182a659f4d10001', '1', NULL, NULL, NULL, NULL, NULL, 'code', 'basic', '4028b8818576b48b01857747a11a0045', NULL, 'code', NULL, b'1', 1, '统计项编码', 'string', 'Input', NULL, 1, b'0', NULL, NULL, NULL, NULL, NULL, NULL, NULL, NULL, NULL, NULL, 'reportItem', NULL, 'code', NULL, NULL, NULL);
INSERT INTO `form_field` VALUES ('4028b8818576b48b01857747a11b0048', '2023-01-03 18:57:41.147000', '40288a8182a656740182a659f4d10001', '2023-01-03 22:30:43.408000', '40288a8182a656740182a659f4d10001', '1', NULL, NULL, NULL, 'ITEM_FUNC', NULL, 'func', 'basic', '4028b8818576b48b01857747a11a0045', NULL, 'func', NULL, b'0', 4, '聚合方式', 'string', 'VfSelect_DICT', NULL, 1, b'0', NULL, NULL, NULL, NULL, NULL, NULL, NULL, NULL, NULL, NULL, 'reportItem', NULL, 'func', NULL, NULL, NULL);
INSERT INTO `form_field` VALUES ('4028b8818576b48b01857747a11b0049', '2023-01-03 18:57:41.147000', '40288a8182a656740182a659f4d10001', '2023-01-03 22:30:43.400000', '40288a8182a656740182a659f4d10001', '1', NULL, NULL, NULL, NULL, NULL, 'formId', 'basic', '4028b8818576b48b01857747a11a0045', NULL, 'formId', NULL, b'1', 2, '所在模型', 'string', 'VfSelect', NULL, 1, b'0', NULL, NULL, NULL, NULL, NULL, NULL, NULL, NULL, NULL, NULL, 'form', NULL, 'id', NULL, NULL, NULL);
INSERT INTO `form_field` VALUES ('4028b8818576b48b01857747a11b004a', '2023-01-03 18:57:41.147000', '40288a8182a656740182a659f4d10001', '2023-01-03 22:30:43.404000', '40288a8182a656740182a659f4d10001', '1', NULL, NULL, NULL, NULL, NULL, 'fieldName', 'basic', '4028b8818576b48b01857747a11a0045', NULL, 'fieldName', NULL, b'1', 3, '聚合字段', 'string', 'VfSelect', NULL, 1, b'0', NULL, NULL, NULL, NULL, NULL, NULL, NULL, NULL, NULL, NULL, 'reportItem', 'basic', 'fieldName', NULL, NULL, NULL);
INSERT INTO `form_field` VALUES ('4028b8818576b48b01857747a11b004b', '2023-01-03 18:57:41.147000', '40288a8182a656740182a659f4d10001', '2023-01-03 22:30:43.411000', '40288a8182a656740182a659f4d10001', '1', NULL, NULL, NULL, NULL, NULL, 'formConditionId', 'basic', '4028b8818576b48b01857747a11a0045', NULL, 'formConditionId', NULL, b'0', 5, '过滤条件', 'string', 'VfSelect', NULL, 1, b'0', NULL, NULL, NULL, NULL, NULL, NULL, NULL, NULL, NULL, NULL, 'formCondition', NULL, 'id', NULL, NULL, NULL);
INSERT INTO `form_field` VALUES ('4028b8818576b48b01857747a11b004c', '2023-01-03 18:57:41.147000', '40288a8182a656740182a659f4d10001', '2023-01-03 22:30:43.413000', '40288a8182a656740182a659f4d10001', '1', NULL, NULL, NULL, NULL, NULL, 'havingFilter', 'basic', '4028b8818576b48b01857747a11a0045', NULL, 'havingFilter', NULL, b'0', 6, '聚合过滤条件(待)', 'string', 'Input', NULL, 1, b'1', NULL, NULL, NULL, NULL, NULL, NULL, NULL, NULL, NULL, NULL, 'reportItem', 'basic', 'havingFilter', NULL, NULL, NULL);
INSERT INTO `form_field` VALUES ('4028b8818576b48b01857747a11b004d', '2023-01-03 18:57:41.147000', '40288a8182a656740182a659f4d10001', '2023-01-03 22:30:43.418000', '40288a8182a656740182a659f4d10001', '1', NULL, NULL, NULL, NULL, NULL, 'id', 'basic', '4028b8818576b48b01857747a11a0045', NULL, 'id', NULL, b'0', 7, '主键id', 'string', 'Input', NULL, 1, b'1', NULL, NULL, NULL, NULL, NULL, NULL, NULL, NULL, NULL, NULL, 'reportItem', 'basic', 'id', NULL, NULL, NULL);
INSERT INTO `form_field` VALUES ('4028b8818576b48b01857747a11b004e', '2023-01-03 18:57:41.147000', '40288a8182a656740182a659f4d10001', '2023-01-03 22:30:43.420000', '40288a8182a656740182a659f4d10001', '1', NULL, NULL, NULL, 'STATUS', NULL, 'status', 'basic', '4028b8818576b48b01857747a11a0045', NULL, 'status', NULL, b'0', 8, '删除状态', 'string', 'VfSelect_DICT', NULL, 1, b'1', NULL, NULL, NULL, NULL, NULL, NULL, NULL, NULL, NULL, NULL, 'reportItem', NULL, 'status', NULL, NULL, NULL);
INSERT INTO `form_field` VALUES ('4028b8818576b48b01857747a11b004f', '2023-01-03 18:57:41.147000', '40288a8182a656740182a659f4d10001', '2023-01-03 22:30:43.422000', '40288a8182a656740182a659f4d10001', '1', NULL, NULL, NULL, NULL, NULL, 'createId', 'basic', '4028b8818576b48b01857747a11a0045', NULL, 'createId', NULL, b'0', 9, '创建人', 'string', 'RelationTagInput', NULL, 1, b'1', NULL, NULL, NULL, NULL, NULL, NULL, NULL, NULL, NULL, NULL, 'reportItem', NULL, 'createId', NULL, NULL, NULL);
INSERT INTO `form_field` VALUES ('4028b8818576b48b01857747a11c0050', '2023-01-03 18:57:41.147000', '40288a8182a656740182a659f4d10001', '2023-01-03 22:30:43.424000', '40288a8182a656740182a659f4d10001', '1', NULL, NULL, NULL, NULL, NULL, 'modifyId', 'basic', '4028b8818576b48b01857747a11a0045', NULL, 'modifyId', NULL, b'0', 10, '修订人', 'string', 'RelationTagInput', NULL, 1, b'1', NULL, NULL, NULL, NULL, NULL, NULL, NULL, NULL, NULL, NULL, 'reportItem', NULL, 'modifyId', NULL, NULL, NULL);
INSERT INTO `form_field` VALUES ('4028b8818576b48b01857747a11c0051', '2023-01-03 18:57:41.148000', '40288a8182a656740182a659f4d10001', '2023-01-03 22:30:43.426000', '40288a8182a656740182a659f4d10001', '1', NULL, NULL, NULL, NULL, NULL, 'createDate', 'basic', '4028b8818576b48b01857747a11a0045', NULL, 'createDate', NULL, b'0', 11, '创建时间', 'date', 'DatePicker', NULL, 1, b'1', NULL, NULL, NULL, NULL, NULL, NULL, NULL, NULL, NULL, NULL, 'reportItem', 'basic', 'createDate', NULL, NULL, NULL);
INSERT INTO `form_field` VALUES ('4028b8818576b48b01857747a11c0052', '2023-01-03 18:57:41.148000', '40288a8182a656740182a659f4d10001', '2023-01-03 22:30:43.427000', '40288a8182a656740182a659f4d10001', '1', NULL, NULL, NULL, NULL, NULL, 'modifyDate', 'basic', '4028b8818576b48b01857747a11a0045', NULL, 'modifyDate', NULL, b'0', 12, '修改时间', 'date', 'DatePicker', NULL, 1, b'1', NULL, NULL, NULL, NULL, NULL, NULL, NULL, NULL, NULL, NULL, 'reportItem', 'basic', 'modifyDate', NULL, NULL, NULL);
INSERT INTO `form_field` VALUES ('4028b8818576b48b01857749f9530056', '2023-01-03 19:00:14.803000', '40288a8182a656740182a659f4d10001', NULL, NULL, '1', NULL, NULL, NULL, NULL, NULL, 'name', 'basic', '4028b8818576b48b01857749f9530055', NULL, 'name', NULL, b'1', 0, NULL, 'string', 'Input', NULL, 1, b'0', NULL, NULL, NULL, NULL, NULL, NULL, NULL, NULL, NULL, NULL, 'formField', 'basic', 'name', NULL, NULL, NULL);
INSERT INTO `form_field` VALUES ('4028b8818576b48b01857749f9530057', '2023-01-03 19:00:14.803000', '40288a8182a656740182a659f4d10001', NULL, NULL, '1', NULL, NULL, NULL, NULL, NULL, 'formId', 'basic', '4028b8818576b48b01857749f9530055', NULL, 'formId', NULL, b'0', 1, '所属表单', 'string', 'RelationTagInput', NULL, 1, b'0', NULL, NULL, NULL, NULL, NULL, NULL, NULL, NULL, NULL, NULL, 'form', NULL, 'id', NULL, NULL, '所属表单');
INSERT INTO `form_field` VALUES ('4028b8818576b48b01857749f9540058', '2023-01-03 19:00:14.804000', '40288a8182a656740182a659f4d10001', NULL, NULL, '1', NULL, NULL, NULL, NULL, NULL, 'formGroupCode', 'basic', '4028b8818576b48b01857749f9530055', NULL, 'formGroupCode', NULL, b'0', 2, '所在容器编码', 'string', 'Input', NULL, 1, b'0', NULL, NULL, NULL, NULL, NULL, NULL, NULL, NULL, NULL, NULL, 'formField', 'basic', 'formGroupCode', NULL, NULL, '所在容器编码');
INSERT INTO `form_field` VALUES ('4028b8818576b48b01857749f9540059', '2023-01-03 19:00:14.804000', '40288a8182a656740182a659f4d10001', NULL, NULL, '1', NULL, NULL, NULL, NULL, NULL, 'entityType', 'basic', '4028b8818576b48b01857749f9530055', NULL, 'entityType', NULL, b'0', 3, '真实字段所在实体名称', 'string', 'Input', NULL, 1, b'0', NULL, NULL, NULL, NULL, NULL, NULL, NULL, NULL, NULL, NULL, 'formField', 'basic', 'entityType', NULL, NULL, '真实字段所在实体名称');
INSERT INTO `form_field` VALUES ('4028b8818576b48b01857749f954005a', '2023-01-03 19:00:14.804000', '40288a8182a656740182a659f4d10001', NULL, NULL, '1', NULL, NULL, NULL, NULL, NULL, 'entityFieldName', 'basic', '4028b8818576b48b01857749f9530055', NULL, 'entityFieldName', NULL, b'0', 4, '实体字段名称', 'string', 'Input', NULL, 1, b'0', NULL, NULL, NULL, NULL, NULL, NULL, NULL, NULL, NULL, NULL, 'formField', 'basic', 'entityFieldName', NULL, NULL, '实体字段名称');
INSERT INTO `form_field` VALUES ('4028b8818576b48b01857749f954005b', '2023-01-03 19:00:14.804000', '40288a8182a656740182a659f4d10001', NULL, NULL, '1', NULL, NULL, NULL, NULL, NULL, 'componentType', 'basic', '4028b8818576b48b01857749f9530055', NULL, 'componentType', NULL, b'0', 5, '组件类型', 'string', 'Input', NULL, 1, b'0', NULL, NULL, NULL, NULL, NULL, NULL, NULL, NULL, NULL, NULL, 'formField', 'basic', 'componentType', NULL, NULL, '组件类型');
INSERT INTO `form_field` VALUES ('4028b8818576b48b01857749f954005c', '2023-01-03 19:00:14.804000', '40288a8182a656740182a659f4d10001', NULL, NULL, '1', NULL, NULL, NULL, NULL, NULL, 'fieldName', 'basic', '4028b8818576b48b01857749f9530055', NULL, 'fieldName', NULL, b'0', 6, '字段名', 'string', 'Input', NULL, 1, b'0', NULL, NULL, NULL, NULL, NULL, NULL, NULL, NULL, NULL, NULL, 'formField', 'basic', 'fieldName', NULL, NULL, '字段名');
INSERT INTO `form_field` VALUES ('4028b8818576b48b01857749f954005d', '2023-01-03 19:00:14.804000', '40288a8182a656740182a659f4d10001', NULL, NULL, '1', NULL, NULL, NULL, NULL, NULL, 'pathName', 'basic', '4028b8818576b48b01857749f9530055', NULL, 'pathName', NULL, b'0', 7, '全路径', 'string', 'Input', NULL, 1, b'0', NULL, NULL, NULL, NULL, NULL, NULL, NULL, NULL, NULL, NULL, 'formField', 'basic', 'pathName', NULL, NULL, '全路径');
INSERT INTO `form_field` VALUES ('4028b8818576b48b01857749f954005e', '2023-01-03 19:00:14.804000', '40288a8182a656740182a659f4d10001', NULL, NULL, '1', NULL, NULL, NULL, NULL, NULL, 'fieldType', 'basic', '4028b8818576b48b01857749f9530055', NULL, 'fieldType', NULL, b'0', 8, '字段类型', 'string', 'Input', NULL, 1, b'0', NULL, NULL, NULL, NULL, NULL, NULL, NULL, NULL, NULL, NULL, 'formField', 'basic', 'fieldType', NULL, NULL, '字段类型');
INSERT INTO `form_field` VALUES ('4028b8818576b48b01857749f954005f', '2023-01-03 19:00:14.804000', '40288a8182a656740182a659f4d10001', NULL, NULL, '1', NULL, NULL, NULL, NULL, NULL, 'dictCode', 'basic', '4028b8818576b48b01857749f9530055', NULL, 'dictCode', NULL, b'0', 9, '字典的coden', 'string', 'Input', NULL, 1, b'0', NULL, NULL, NULL, NULL, NULL, NULL, NULL, NULL, NULL, NULL, 'formField', 'basic', 'dictCode', NULL, NULL, '字典的coden');
INSERT INTO `form_field` VALUES ('4028b8818576b48b01857749f9550060', '2023-01-03 19:00:14.805000', '40288a8182a656740182a659f4d10001', NULL, NULL, '1', NULL, NULL, NULL, NULL, NULL, 'type', 'basic', '4028b8818576b48b01857749f9530055', NULL, 'type', NULL, b'0', 10, '元素类型', 'string', 'Input', NULL, 1, b'0', NULL, NULL, NULL, NULL, NULL, NULL, NULL, NULL, NULL, NULL, 'formField', 'basic', 'type', NULL, NULL, '元素类型');
INSERT INTO `form_field` VALUES ('4028b8818576b48b01857749f9550061', '2023-01-03 19:00:14.805000', '40288a8182a656740182a659f4d10001', NULL, NULL, '1', NULL, NULL, NULL, NULL, NULL, 'dataIndex', 'basic', '4028b8818576b48b01857749f9530055', NULL, 'dataIndex', NULL, b'0', 11, 'formliy里的字段名称，默认一致', 'string', 'Input', NULL, 1, b'0', NULL, NULL, NULL, NULL, NULL, NULL, NULL, NULL, NULL, NULL, 'formField', 'basic', 'dataIndex', NULL, NULL, 'formliy里的字段名称，默认一致');
INSERT INTO `form_field` VALUES ('4028b8818576b48b01857749f9550062', '2023-01-03 19:00:14.805000', '40288a8182a656740182a659f4d10001', NULL, NULL, '1', NULL, NULL, NULL, NULL, NULL, 'title', 'basic', '4028b8818576b48b01857749f9530055', NULL, 'title', NULL, b'0', 12, '标题', 'string', 'Input', NULL, 1, b'0', NULL, NULL, NULL, NULL, NULL, NULL, NULL, NULL, NULL, NULL, 'formField', 'basic', 'title', NULL, NULL, '标题');
INSERT INTO `form_field` VALUES ('4028b8818576b48b01857749f9550063', '2023-01-03 19:00:14.805000', '40288a8182a656740182a659f4d10001', NULL, NULL, '1', NULL, NULL, NULL, NULL, NULL, 'initialValues', 'basic', '4028b8818576b48b01857749f9530055', NULL, 'initialValues', NULL, b'0', 13, '默认值', 'string', 'Input', NULL, 1, b'0', NULL, NULL, NULL, NULL, NULL, NULL, NULL, NULL, NULL, NULL, 'formField', 'basic', 'initialValues', NULL, NULL, '默认值');
INSERT INTO `form_field` VALUES ('4028b8818576b48b01857749f9550064', '2023-01-03 19:00:14.805000', '40288a8182a656740182a659f4d10001', NULL, NULL, '1', NULL, NULL, NULL, 'TF', NULL, 'required', 'basic', '4028b8818576b48b01857749f9530055', NULL, 'required', NULL, b'0', 14, '必填', 'boolean', 'Select', NULL, 1, b'0', NULL, NULL, NULL, NULL, NULL, NULL, NULL, NULL, NULL, NULL, 'formField', 'basic', 'required', NULL, NULL, '必填');
INSERT INTO `form_field` VALUES ('4028b8818576b48b01857749f9550065', '2023-01-03 19:00:14.805000', '40288a8182a656740182a659f4d10001', NULL, NULL, '1', NULL, NULL, NULL, 'TF', NULL, 'x_hidden', 'basic', '4028b8818576b48b01857749f9530055', NULL, 'x_hidden', NULL, b'0', 15, '隐藏', 'boolean', 'Select', NULL, 1, b'0', NULL, NULL, NULL, NULL, NULL, NULL, NULL, NULL, NULL, NULL, 'formField', 'basic', 'x_hidden', NULL, NULL, '隐藏');
INSERT INTO `form_field` VALUES ('4028b8818576b48b01857749f9550066', '2023-01-03 19:00:14.805000', '40288a8182a656740182a659f4d10001', NULL, NULL, '1', NULL, NULL, NULL, NULL, NULL, 'description', 'basic', '4028b8818576b48b01857749f9530055', NULL, 'description', NULL, b'0', 16, '描述', 'string', 'Input', NULL, 1, b'0', NULL, NULL, NULL, NULL, NULL, NULL, NULL, NULL, NULL, NULL, 'formField', 'basic', 'description', NULL, NULL, '描述');
INSERT INTO `form_field` VALUES ('4028b8818576b48b01857749f9550067', '2023-01-03 19:00:14.805000', '40288a8182a656740182a659f4d10001', NULL, NULL, '1', NULL, NULL, NULL, NULL, NULL, 'x_component', 'basic', '4028b8818576b48b01857749f9530055', NULL, 'x_component', NULL, b'0', 17, '采用组件', 'string', 'Input', NULL, 1, b'0', NULL, NULL, NULL, NULL, NULL, NULL, NULL, NULL, NULL, NULL, 'formField', 'basic', 'x_component', NULL, NULL, '采用组件');
INSERT INTO `form_field` VALUES ('4028b8818576b48b01857749f9560068', '2023-01-03 19:00:14.805000', '40288a8182a656740182a659f4d10001', NULL, NULL, '1', NULL, NULL, NULL, 'TF', NULL, 'disabled', 'basic', '4028b8818576b48b01857749f9530055', NULL, 'disabled', NULL, b'0', 18, '禁用', 'boolean', 'Select', NULL, 1, b'0', NULL, NULL, NULL, NULL, NULL, NULL, NULL, NULL, NULL, NULL, 'formField', 'basic', 'disabled', NULL, NULL, '禁用');
INSERT INTO `form_field` VALUES ('4028b8818576b48b01857749f9560069', '2023-01-03 19:00:14.806000', '40288a8182a656740182a659f4d10001', NULL, NULL, '1', NULL, NULL, NULL, 'TF', NULL, 'readOnly', 'basic', '4028b8818576b48b01857749f9530055', NULL, 'readOnly', NULL, b'0', 19, '只读', 'boolean', 'Select', NULL, 1, b'0', NULL, NULL, NULL, NULL, NULL, NULL, NULL, NULL, NULL, NULL, 'formField', 'basic', 'readOnly', NULL, NULL, '只读');
INSERT INTO `form_field` VALUES ('4028b8818576b48b01857749f956006a', '2023-01-03 19:00:14.806000', '40288a8182a656740182a659f4d10001', NULL, NULL, '1', NULL, NULL, NULL, NULL, NULL, 'sort', 'basic', '4028b8818576b48b01857749f9530055', NULL, 'sort', NULL, b'0', 20, '顺序', 'integer', NULL, NULL, 1, b'0', NULL, NULL, NULL, NULL, NULL, NULL, NULL, NULL, NULL, NULL, 'formField', NULL, 'sort', NULL, NULL, '顺序');
INSERT INTO `form_field` VALUES ('4028b8818576b48b01857749f956006b', '2023-01-03 19:00:14.806000', '40288a8182a656740182a659f4d10001', NULL, NULL, '1', NULL, NULL, NULL, NULL, NULL, 'x_decorator', 'basic', '4028b8818576b48b01857749f9530055', NULL, 'x_decorator', NULL, b'0', 21, '包裹组件', 'string', 'Input', NULL, 1, b'0', NULL, NULL, NULL, NULL, NULL, NULL, NULL, NULL, NULL, NULL, 'formField', 'basic', 'x_decorator', NULL, NULL, '包裹组件');
INSERT INTO `form_field` VALUES ('4028b8818576b48b01857749f956006c', '2023-01-03 19:00:14.806000', '40288a8182a656740182a659f4d10001', NULL, NULL, '1', NULL, NULL, NULL, NULL, NULL, 'vlife_pattern', 'basic', '4028b8818576b48b01857749f9530055', NULL, 'vlife_pattern', NULL, b'0', 22, 'vlife开头 需要特殊处理的字段', 'string', 'Input', NULL, 1, b'0', NULL, NULL, NULL, NULL, NULL, NULL, NULL, NULL, NULL, NULL, 'formField', 'basic', 'vlife_pattern', NULL, NULL, 'vlife开头 需要特殊处理的字段');
INSERT INTO `form_field` VALUES ('4028b8818576b48b01857749f956006d', '2023-01-03 19:00:14.806000', '40288a8182a656740182a659f4d10001', NULL, NULL, '1', NULL, NULL, NULL, NULL, NULL, 'vlife_message', 'basic', '4028b8818576b48b01857749f9530055', NULL, 'vlife_message', NULL, b'0', 23, NULL, 'string', 'Input', NULL, 1, b'0', NULL, NULL, NULL, NULL, NULL, NULL, NULL, NULL, NULL, NULL, 'formField', 'basic', 'vlife_message', NULL, NULL, NULL);
INSERT INTO `form_field` VALUES ('4028b8818576b48b01857749f956006e', '2023-01-03 19:00:14.806000', '40288a8182a656740182a659f4d10001', NULL, NULL, '1', NULL, NULL, NULL, NULL, NULL, 'x_decorator_props$gridSpan', 'basic', '4028b8818576b48b01857749f9530055', NULL, 'x_decorator_props$gridSpan', NULL, b'0', 24, '对应 x-decorator-props.gridSpan属性', 'integer', NULL, NULL, 1, b'0', NULL, NULL, NULL, NULL, NULL, NULL, NULL, NULL, NULL, NULL, 'formField', NULL, 'x_decorator_props$gridSpan', NULL, NULL, '对应 x-decorator-props.gridSpan属性');
INSERT INTO `form_field` VALUES ('4028b8818576b48b01857749f956006f', '2023-01-03 19:00:14.806000', '40288a8182a656740182a659f4d10001', NULL, NULL, '1', NULL, NULL, NULL, NULL, NULL, 'x_decorator_props$layout', 'basic', '4028b8818576b48b01857749f9530055', NULL, 'x_decorator_props$layout', NULL, b'0', 25, 'label位置 水平 vertical', 'string', 'Input', NULL, 1, b'0', NULL, NULL, NULL, NULL, NULL, NULL, NULL, NULL, NULL, NULL, 'formField', 'basic', 'x_decorator_props$layout', NULL, NULL, 'label位置 水平 vertical');
INSERT INTO `form_field` VALUES ('4028b8818576b48b01857749f9560070', '2023-01-03 19:00:14.806000', '40288a8182a656740182a659f4d10001', NULL, NULL, '1', NULL, NULL, NULL, NULL, NULL, 'x_decorator_props$labelAlign', 'basic', '4028b8818576b48b01857749f9530055', NULL, 'x_decorator_props$labelAlign', NULL, b'0', 26, 'label位置 对齐 left', 'string', 'Input', NULL, 1, b'0', NULL, NULL, NULL, NULL, NULL, NULL, NULL, NULL, NULL, NULL, 'formField', 'basic', 'x_decorator_props$labelAlign', NULL, NULL, 'label位置 对齐 left');
INSERT INTO `form_field` VALUES ('4028b8818576b48b01857749f9570071', '2023-01-03 19:00:14.806000', '40288a8182a656740182a659f4d10001', NULL, NULL, '1', NULL, NULL, NULL, NULL, NULL, 'x_component_props$placeholder', 'basic', '4028b8818576b48b01857749f9530055', NULL, 'x_component_props$placeholder', NULL, b'0', 27, '描述信息 对应 x-component-props.placeholder;', 'string', 'Input', NULL, 1, b'0', NULL, NULL, NULL, NULL, NULL, NULL, NULL, NULL, NULL, NULL, 'formField', 'basic', 'x_component_props$placeholder', NULL, NULL, '描述信息 对应 x-component-props.placeholder;');
INSERT INTO `form_field` VALUES ('4028b8818576b48b01857749f9570072', '2023-01-03 19:00:14.807000', '40288a8182a656740182a659f4d10001', NULL, NULL, '1', NULL, NULL, NULL, NULL, NULL, 'apiKey', 'basic', '4028b8818576b48b01857749f9530055', NULL, 'apiKey', NULL, b'0', 28, '加载组件数据的地址关键字', 'string', 'Input', NULL, 1, b'0', NULL, NULL, NULL, NULL, NULL, NULL, NULL, NULL, NULL, NULL, 'formField', 'basic', 'apiKey', NULL, NULL, '加载组件数据的地址关键字');
INSERT INTO `form_field` VALUES ('4028b8818576b48b01857749f9570073', '2023-01-03 19:00:14.807000', '40288a8182a656740182a659f4d10001', NULL, NULL, '1', NULL, NULL, NULL, NULL, NULL, 'x_validator', 'basic', '4028b8818576b48b01857749f9530055', NULL, 'x_validator', NULL, b'0', 29, '字段校验方式', 'string', 'Input', NULL, 1, b'0', NULL, NULL, NULL, NULL, NULL, NULL, NULL, NULL, NULL, NULL, 'formField', 'basic', 'x_validator', NULL, NULL, '字段校验方式');
INSERT INTO `form_field` VALUES ('4028b8818576b48b01857749f9570074', '2023-01-03 19:00:14.807000', '40288a8182a656740182a659f4d10001', NULL, NULL, '1', NULL, NULL, NULL, 'TF', NULL, 'listShow', 'basic', '4028b8818576b48b01857749f9530055', NULL, 'listShow', NULL, b'0', 30, '是否列表展示', 'boolean', 'Select', NULL, 1, b'0', NULL, NULL, NULL, NULL, NULL, NULL, NULL, NULL, NULL, NULL, 'formField', 'basic', 'listShow', NULL, NULL, '是否列表展示');
INSERT INTO `form_field` VALUES ('4028b8818576b48b01857749f9570075', '2023-01-03 19:00:14.807000', '40288a8182a656740182a659f4d10001', NULL, NULL, '1', NULL, NULL, NULL, NULL, NULL, 'componentSettingJson', 'basic', '4028b8818576b48b01857749f9530055', NULL, 'componentSettingJson', NULL, b'0', 31, '组件设置的JSON信息', 'string', 'Input', NULL, 1, b'0', NULL, NULL, NULL, NULL, NULL, NULL, NULL, NULL, NULL, NULL, 'formField', 'basic', 'componentSettingJson', NULL, NULL, '组件设置的JSON信息');
INSERT INTO `form_field` VALUES ('4028b8818576b48b01857749f9570076', '2023-01-03 19:00:14.807000', '40288a8182a656740182a659f4d10001', NULL, NULL, '1', NULL, NULL, NULL, NULL, NULL, 'id', 'basic', '4028b8818576b48b01857749f9530055', NULL, 'id', NULL, b'0', 32, '主键id', 'string', 'Input', NULL, 1, b'1', NULL, NULL, NULL, NULL, NULL, NULL, NULL, NULL, NULL, NULL, 'formField', 'basic', 'id', NULL, NULL, '主键id');
INSERT INTO `form_field` VALUES ('4028b8818576b48b01857749f9570077', '2023-01-03 19:00:14.807000', '40288a8182a656740182a659f4d10001', NULL, NULL, '1', NULL, NULL, NULL, 'STATUS', NULL, 'status', 'basic', '4028b8818576b48b01857749f9530055', NULL, 'status', NULL, b'0', 33, '删除状态', 'string', 'VfSelect_DICT', NULL, 1, b'1', NULL, NULL, NULL, NULL, NULL, NULL, NULL, NULL, NULL, NULL, 'formField', NULL, 'status', NULL, NULL, '删除状态');
INSERT INTO `form_field` VALUES ('4028b8818576b48b01857749f9570078', '2023-01-03 19:00:14.807000', '40288a8182a656740182a659f4d10001', NULL, NULL, '1', NULL, NULL, NULL, NULL, NULL, 'createId', 'basic', '4028b8818576b48b01857749f9530055', NULL, 'createId', NULL, b'0', 34, '创建人', 'string', 'RelationTagInput', NULL, 1, b'1', NULL, NULL, NULL, NULL, NULL, NULL, NULL, NULL, NULL, NULL, 'formField', NULL, 'createId', NULL, NULL, '创建人');
INSERT INTO `form_field` VALUES ('4028b8818576b48b01857749f9570079', '2023-01-03 19:00:14.807000', '40288a8182a656740182a659f4d10001', NULL, NULL, '1', NULL, NULL, NULL, NULL, NULL, 'modifyId', 'basic', '4028b8818576b48b01857749f9530055', NULL, 'modifyId', NULL, b'0', 35, '修订人', 'string', 'RelationTagInput', NULL, 1, b'1', NULL, NULL, NULL, NULL, NULL, NULL, NULL, NULL, NULL, NULL, 'formField', NULL, 'modifyId', NULL, NULL, '修订人');
INSERT INTO `form_field` VALUES ('4028b8818576b48b01857749f957007a', '2023-01-03 19:00:14.807000', '40288a8182a656740182a659f4d10001', NULL, NULL, '1', NULL, NULL, NULL, NULL, NULL, 'createDate', 'basic', '4028b8818576b48b01857749f9530055', NULL, 'createDate', NULL, b'0', 36, '创建时间', 'date', 'DatePicker', NULL, 1, b'1', NULL, NULL, NULL, NULL, NULL, NULL, NULL, NULL, NULL, NULL, 'formField', 'basic', 'createDate', NULL, NULL, '创建时间');
INSERT INTO `form_field` VALUES ('4028b8818576b48b01857749f957007b', '2023-01-03 19:00:14.807000', '40288a8182a656740182a659f4d10001', NULL, NULL, '1', NULL, NULL, NULL, NULL, NULL, 'modifyDate', 'basic', '4028b8818576b48b01857749f9530055', NULL, 'modifyDate', NULL, b'0', 37, '修改时间', 'date', 'DatePicker', NULL, 1, b'1', NULL, NULL, NULL, NULL, NULL, NULL, NULL, NULL, NULL, NULL, 'formField', 'basic', 'modifyDate', NULL, NULL, '修改时间');
INSERT INTO `form_field` VALUES ('4028b8818576b48b0185775882cd008a', '2023-01-03 19:16:07.501000', '40288a8182a656740182a659f4d10001', '2023-01-03 19:16:40.416000', '40288a8182a656740182a659f4d10001', '1', NULL, NULL, NULL, NULL, NULL, 'search', 'basic', '4028b8818576b48b0185775882cd0089', NULL, 'name', NULL, b'0', 0, '统计项名称/编码', 'string', 'SearchInput', NULL, 1, b'0', NULL, NULL, NULL, 'left', 'vertical', NULL, NULL, NULL, NULL, NULL, 'reportItem', 'business', 'name', NULL, NULL, NULL);
INSERT INTO `form_field` VALUES ('4028b8818576b48b0185775882cd008b', '2023-01-03 19:16:07.501000', '40288a8182a656740182a659f4d10001', '2023-01-03 19:16:40.418000', '40288a8182a656740182a659f4d10001', '1', NULL, NULL, NULL, 'ITEM_FUNC', NULL, 'func', 'basic', '4028b8818576b48b0185775882cd0089', NULL, 'func', NULL, b'0', 1, '聚合方式', 'string', 'SelectTag', NULL, 1, b'0', NULL, NULL, NULL, 'left', 'vertical', NULL, NULL, NULL, NULL, NULL, 'reportItem', 'business', 'func', NULL, NULL, NULL);
INSERT INTO `form_field` VALUES ('4028b8818576b48b0185775882cd008c', '2023-01-03 19:16:07.501000', '40288a8182a656740182a659f4d10001', '2023-01-03 19:16:40.419000', '40288a8182a656740182a659f4d10001', '1', NULL, NULL, NULL, NULL, NULL, 'formId', 'basic', '4028b8818576b48b0185775882cd0089', NULL, 'formId', NULL, b'0', 2, '所在模型', 'string', 'VfSelect', NULL, 1, b'0', NULL, NULL, NULL, 'left', 'vertical', NULL, NULL, NULL, NULL, NULL, 'reportItem', 'business', 'formId', NULL, NULL, NULL);
INSERT INTO `form_field` VALUES ('4028b881857760750185780cfe80000b', '2023-01-03 22:33:15.648000', '40288a8182a656740182a659f4d10001', '2023-01-04 23:58:31.179000', '40288a8182a656740182a659f4d10001', '1', NULL, NULL, NULL, NULL, NULL, 'name', 'basic', '4028b881857760750185780cfe80000a', NULL, 'name', NULL, b'1', 0, '指标名称', 'string', 'Input', NULL, 1, b'0', NULL, NULL, NULL, NULL, NULL, NULL, NULL, NULL, NULL, NULL, 'reportKpi', 'basic', 'name', NULL, NULL, NULL);
INSERT INTO `form_field` VALUES ('4028b881857760750185780cfe80000c', '2023-01-03 22:33:15.648000', '40288a8182a656740182a659f4d10001', '2023-01-04 23:58:31.192000', '40288a8182a656740182a659f4d10001', '1', NULL, NULL, NULL, NULL, NULL, 'code', 'basic', '4028b881857760750185780cfe80000a', NULL, 'code', NULL, b'1', 1, '指标编码', 'string', 'Input', NULL, 1, b'0', NULL, NULL, NULL, NULL, NULL, NULL, NULL, NULL, NULL, NULL, 'reportKpi', NULL, 'code', NULL, NULL, NULL);
INSERT INTO `form_field` VALUES ('4028b881857760750185780cfe80000d', '2023-01-03 22:33:15.648000', '40288a8182a656740182a659f4d10001', '2023-01-04 23:58:31.195000', '40288a8182a656740182a659f4d10001', '1', NULL, NULL, NULL, NULL, NULL, 'formId', 'basic', '4028b881857760750185780cfe80000a', NULL, 'formId', NULL, b'1', 2, '所属模块', 'string', 'VfSelect', NULL, 1, b'0', NULL, NULL, NULL, NULL, NULL, NULL, NULL, NULL, NULL, NULL, 'form', NULL, 'id', NULL, NULL, NULL);
INSERT INTO `form_field` VALUES ('4028b881857760750185780cfe81000e', '2023-01-03 22:33:15.648000', '40288a8182a656740182a659f4d10001', '2023-01-04 23:58:31.200000', '40288a8182a656740182a659f4d10001', '1', NULL, NULL, NULL, NULL, NULL, 'reportItemId', 'basic', '4028b881857760750185780cfe80000a', NULL, 'reportItemId', NULL, b'1', 3, '统计项(分子)', 'string', 'VfSelect', NULL, 1, b'0', NULL, NULL, NULL, NULL, NULL, NULL, NULL, NULL, NULL, NULL, 'reportItem', NULL, 'id', NULL, NULL, NULL);
INSERT INTO `form_field` VALUES ('4028b881857760750185780cfe81000f', '2023-01-03 22:33:15.649000', '40288a8182a656740182a659f4d10001', '2023-01-04 23:58:31.213000', '40288a8182a656740182a659f4d10001', '1', NULL, NULL, NULL, NULL, NULL, 'reportItemOtherId', 'basic', '4028b881857760750185780cfe80000a', NULL, 'reportItemOtherId', NULL, b'1', 4, '统计项(分母)', 'string', 'VfSelect', NULL, 1, b'0', NULL, NULL, NULL, NULL, NULL, NULL, NULL, NULL, NULL, NULL, 'reportKpi', 'basic', 'reportItemOtherId', NULL, NULL, NULL);
INSERT INTO `form_field` VALUES ('4028b881857760750185780cfe810010', '2023-01-03 22:33:15.649000', '40288a8182a656740182a659f4d10001', '2023-01-04 23:58:31.218000', '40288a8182a656740182a659f4d10001', '1', NULL, NULL, NULL, NULL, NULL, 'id', 'basic', '4028b881857760750185780cfe80000a', NULL, 'id', NULL, b'0', 5, '主键id', 'string', 'Input', NULL, 1, b'1', NULL, NULL, NULL, NULL, NULL, NULL, NULL, NULL, NULL, NULL, 'reportKpi', 'basic', 'id', NULL, NULL, NULL);
INSERT INTO `form_field` VALUES ('4028b881857760750185780cfe810011', '2023-01-03 22:33:15.649000', '40288a8182a656740182a659f4d10001', '2023-01-04 23:58:31.220000', '40288a8182a656740182a659f4d10001', '1', NULL, NULL, NULL, 'STATUS', NULL, 'status', 'basic', '4028b881857760750185780cfe80000a', NULL, 'status', NULL, b'0', 6, '删除状态', 'string', 'VfSelect_DICT', NULL, 1, b'1', NULL, NULL, NULL, NULL, NULL, NULL, NULL, NULL, NULL, NULL, 'reportKpi', NULL, 'status', NULL, NULL, NULL);
INSERT INTO `form_field` VALUES ('4028b881857760750185780cfe810012', '2023-01-03 22:33:15.649000', '40288a8182a656740182a659f4d10001', '2023-01-04 23:58:31.222000', '40288a8182a656740182a659f4d10001', '1', NULL, NULL, NULL, NULL, NULL, 'createId', 'basic', '4028b881857760750185780cfe80000a', NULL, 'createId', NULL, b'0', 7, '创建人', 'string', 'RelationTagInput', NULL, 1, b'1', NULL, NULL, NULL, NULL, NULL, NULL, NULL, NULL, NULL, NULL, 'reportKpi', NULL, 'createId', NULL, NULL, NULL);
INSERT INTO `form_field` VALUES ('4028b881857760750185780cfe810013', '2023-01-03 22:33:15.649000', '40288a8182a656740182a659f4d10001', '2023-01-04 23:58:31.224000', '40288a8182a656740182a659f4d10001', '1', NULL, NULL, NULL, NULL, NULL, 'modifyId', 'basic', '4028b881857760750185780cfe80000a', NULL, 'modifyId', NULL, b'0', 8, '修订人', 'string', 'RelationTagInput', NULL, 1, b'1', NULL, NULL, NULL, NULL, NULL, NULL, NULL, NULL, NULL, NULL, 'reportKpi', NULL, 'modifyId', NULL, NULL, NULL);
INSERT INTO `form_field` VALUES ('4028b881857760750185780cfe810014', '2023-01-03 22:33:15.649000', '40288a8182a656740182a659f4d10001', '2023-01-04 23:58:31.227000', '40288a8182a656740182a659f4d10001', '1', NULL, NULL, NULL, NULL, NULL, 'createDate', 'basic', '4028b881857760750185780cfe80000a', NULL, 'createDate', NULL, b'0', 9, '创建时间', 'date', 'DatePicker', NULL, 1, b'1', NULL, NULL, NULL, NULL, NULL, NULL, NULL, NULL, NULL, NULL, 'reportKpi', 'basic', 'createDate', NULL, NULL, NULL);
INSERT INTO `form_field` VALUES ('4028b881857760750185780cfe810015', '2023-01-03 22:33:15.649000', '40288a8182a656740182a659f4d10001', '2023-01-04 23:58:31.229000', '40288a8182a656740182a659f4d10001', '1', NULL, NULL, NULL, NULL, NULL, 'modifyDate', 'basic', '4028b881857760750185780cfe80000a', NULL, 'modifyDate', NULL, b'0', 10, '修改时间', 'date', 'DatePicker', NULL, 1, b'1', NULL, NULL, NULL, NULL, NULL, NULL, NULL, NULL, NULL, NULL, 'reportKpi', 'basic', 'modifyDate', NULL, NULL, NULL);
INSERT INTO `form_field` VALUES ('4028b881857760750185781153620021', '2023-01-03 22:37:59.522000', '40288a8182a656740182a659f4d10001', '2023-01-03 22:38:24.684000', '40288a8182a656740182a659f4d10001', '1', NULL, NULL, NULL, NULL, NULL, 'search', 'basic', '4028b881857760750185781153620020', NULL, 'name', NULL, b'0', 0, '指标名称', 'string', 'SearchInput', NULL, 1, b'0', NULL, NULL, NULL, 'left', 'vertical', NULL, NULL, NULL, NULL, NULL, 'reportKpi', 'business', 'name', NULL, NULL, NULL);
INSERT INTO `form_field` VALUES ('4028b881857760750185781153620022', '2023-01-03 22:37:59.522000', '40288a8182a656740182a659f4d10001', '2023-01-03 22:38:24.688000', '40288a8182a656740182a659f4d10001', '1', NULL, NULL, NULL, NULL, NULL, 'formId', 'basic', '4028b881857760750185781153620020', NULL, 'formId', NULL, b'0', 1, '所属模块', 'string', 'VfSelect', NULL, 1, b'0', NULL, NULL, NULL, 'left', 'vertical', NULL, NULL, NULL, NULL, NULL, 'reportKpi', 'business', 'formId', NULL, NULL, NULL);
INSERT INTO `form_field` VALUES ('4028b8818577607501857812bb6e0025', '2023-01-03 22:39:31.694000', '40288a8182a656740182a659f4d10001', NULL, NULL, '1', NULL, NULL, NULL, NULL, NULL, 'name', 'basic', '4028b8818577607501857812bb6e0024', NULL, 'name', NULL, b'1', 0, '报表名称', 'string', 'Input', NULL, 1, b'0', NULL, NULL, NULL, NULL, NULL, NULL, NULL, NULL, NULL, NULL, 'reportTable', 'basic', 'name', NULL, NULL, '报表名称');
INSERT INTO `form_field` VALUES ('4028b8818577607501857812bb6e0026', '2023-01-03 22:39:31.694000', '40288a8182a656740182a659f4d10001', NULL, NULL, '1', NULL, NULL, NULL, NULL, NULL, 'code', 'basic', '4028b8818577607501857812bb6e0024', NULL, 'code', NULL, b'1', 1, '报表编码', 'string', 'VfTreeInput', NULL, 1, b'0', NULL, NULL, NULL, NULL, NULL, NULL, NULL, NULL, NULL, NULL, 'reportTable', NULL, 'code', NULL, NULL, '报表编码');
INSERT INTO `form_field` VALUES ('4028b8818577607501857812bb6e0027', '2023-01-03 22:39:31.694000', '40288a8182a656740182a659f4d10001', NULL, NULL, '1', NULL, NULL, NULL, NULL, NULL, 'groupColumn', 'basic', '4028b8818577607501857812bb6e0024', NULL, 'groupColumn', NULL, b'0', 2, '分组字段', 'string', 'Input', NULL, 1, b'0', NULL, NULL, NULL, NULL, NULL, NULL, NULL, NULL, NULL, NULL, 'reportTable', 'basic', 'groupColumn', NULL, NULL, '分组字段');
INSERT INTO `form_field` VALUES ('4028b8818577607501857812bb6e0028', '2023-01-03 22:39:31.694000', '40288a8182a656740182a659f4d10001', NULL, NULL, '1', NULL, NULL, NULL, NULL, NULL, 'func', 'basic', '4028b8818577607501857812bb6e0024', NULL, 'func', NULL, b'0', 3, '分组聚合函数', 'string', 'Input', NULL, 1, b'0', NULL, NULL, NULL, NULL, NULL, NULL, NULL, NULL, NULL, NULL, 'reportTable', 'basic', 'func', NULL, NULL, '分组聚合函数');
INSERT INTO `form_field` VALUES ('4028b8818577607501857812bb6e0029', '2023-01-03 22:39:31.694000', '40288a8182a656740182a659f4d10001', NULL, NULL, '1', NULL, NULL, NULL, NULL, NULL, 'id', 'basic', '4028b8818577607501857812bb6e0024', NULL, 'id', NULL, b'0', 4, '主键id', 'string', 'Input', NULL, 1, b'1', NULL, NULL, NULL, NULL, NULL, NULL, NULL, NULL, NULL, NULL, 'reportTable', 'basic', 'id', NULL, NULL, '主键id');
INSERT INTO `form_field` VALUES ('4028b8818577607501857812bb6f002a', '2023-01-03 22:39:31.694000', '40288a8182a656740182a659f4d10001', NULL, NULL, '1', NULL, NULL, NULL, 'STATUS', NULL, 'status', 'basic', '4028b8818577607501857812bb6e0024', NULL, 'status', NULL, b'0', 5, '删除状态', 'string', 'VfSelect_DICT', NULL, 1, b'1', NULL, NULL, NULL, NULL, NULL, NULL, NULL, NULL, NULL, NULL, 'reportTable', NULL, 'status', NULL, NULL, '删除状态');
INSERT INTO `form_field` VALUES ('4028b8818577607501857812bb6f002b', '2023-01-03 22:39:31.695000', '40288a8182a656740182a659f4d10001', NULL, NULL, '1', NULL, NULL, NULL, NULL, NULL, 'createId', 'basic', '4028b8818577607501857812bb6e0024', NULL, 'createId', NULL, b'0', 6, '创建人', 'string', 'RelationTagInput', NULL, 1, b'1', NULL, NULL, NULL, NULL, NULL, NULL, NULL, NULL, NULL, NULL, 'reportTable', NULL, 'createId', NULL, NULL, '创建人');
INSERT INTO `form_field` VALUES ('4028b8818577607501857812bb6f002c', '2023-01-03 22:39:31.695000', '40288a8182a656740182a659f4d10001', NULL, NULL, '1', NULL, NULL, NULL, NULL, NULL, 'modifyId', 'basic', '4028b8818577607501857812bb6e0024', NULL, 'modifyId', NULL, b'0', 7, '修订人', 'string', 'RelationTagInput', NULL, 1, b'1', NULL, NULL, NULL, NULL, NULL, NULL, NULL, NULL, NULL, NULL, 'reportTable', NULL, 'modifyId', NULL, NULL, '修订人');
INSERT INTO `form_field` VALUES ('4028b8818577607501857812bb6f002d', '2023-01-03 22:39:31.695000', '40288a8182a656740182a659f4d10001', NULL, NULL, '1', NULL, NULL, NULL, NULL, NULL, 'createDate', 'basic', '4028b8818577607501857812bb6e0024', NULL, 'createDate', NULL, b'0', 8, '创建时间', 'date', 'DatePicker', NULL, 1, b'1', NULL, NULL, NULL, NULL, NULL, NULL, NULL, NULL, NULL, NULL, 'reportTable', 'basic', 'createDate', NULL, NULL, '创建时间');
INSERT INTO `form_field` VALUES ('4028b8818577607501857812bb6f002e', '2023-01-03 22:39:31.695000', '40288a8182a656740182a659f4d10001', NULL, NULL, '1', NULL, NULL, NULL, NULL, NULL, 'modifyDate', 'basic', '4028b8818577607501857812bb6e0024', NULL, 'modifyDate', NULL, b'0', 9, '修改时间', 'date', 'DatePicker', NULL, 1, b'1', NULL, NULL, NULL, NULL, NULL, NULL, NULL, NULL, NULL, NULL, 'reportTable', 'basic', 'modifyDate', NULL, NULL, '修改时间');
INSERT INTO `form_field` VALUES ('4028b88185776075018578134bdc0030', '2023-01-03 22:40:08.668000', '40288a8182a656740182a659f4d10001', '2023-01-03 22:42:21.443000', '40288a8182a656740182a659f4d10001', '1', NULL, NULL, NULL, NULL, NULL, 'id', 'basic', '4028b88185776075018578134bdc002f', NULL, 'id', NULL, b'0', 0, '主键id', 'string', 'Input', NULL, 1, b'1', NULL, NULL, NULL, NULL, NULL, NULL, NULL, NULL, NULL, NULL, 'reportTable', 'basic', 'id', NULL, NULL, NULL);
INSERT INTO `form_field` VALUES ('4028b88185776075018578134bdc0031', '2023-01-03 22:40:08.668000', '40288a8182a656740182a659f4d10001', '2023-01-03 22:42:21.452000', '40288a8182a656740182a659f4d10001', '1', NULL, NULL, NULL, NULL, NULL, 'name', 'basic', '4028b88185776075018578134bdc002f', NULL, 'name', NULL, b'1', 1, '报表名称', 'string', 'Input', NULL, 1, b'0', NULL, NULL, NULL, NULL, NULL, NULL, NULL, NULL, NULL, NULL, 'reportTable', 'basic', 'name', NULL, NULL, NULL);
INSERT INTO `form_field` VALUES ('4028b88185776075018578134bdd0032', '2023-01-03 22:40:08.669000', '40288a8182a656740182a659f4d10001', '2023-01-03 22:42:21.455000', '40288a8182a656740182a659f4d10001', '1', NULL, NULL, NULL, NULL, NULL, 'code', 'basic', '4028b88185776075018578134bdc002f', NULL, 'code', NULL, b'1', 2, '报表编码', 'string', 'Input', NULL, 1, b'0', NULL, NULL, NULL, NULL, NULL, NULL, NULL, NULL, NULL, NULL, 'reportTable', NULL, 'code', NULL, NULL, NULL);
INSERT INTO `form_field` VALUES ('4028b88185776075018578134bdd0033', '2023-01-03 22:40:08.669000', '40288a8182a656740182a659f4d10001', '2023-01-03 22:42:21.458000', '40288a8182a656740182a659f4d10001', '1', NULL, NULL, NULL, NULL, NULL, 'groupColumn', 'basic', '4028b88185776075018578134bdc002f', NULL, 'groupColumn', NULL, b'0', 3, '分组字段', 'string', 'Input', NULL, 1, b'0', NULL, NULL, NULL, NULL, NULL, NULL, NULL, NULL, NULL, NULL, 'reportTable', 'basic', 'groupColumn', NULL, NULL, NULL);
INSERT INTO `form_field` VALUES ('4028b88185776075018578134bdd0034', '2023-01-03 22:40:08.669000', '40288a8182a656740182a659f4d10001', '2023-01-03 22:42:21.460000', '40288a8182a656740182a659f4d10001', '1', NULL, NULL, NULL, NULL, NULL, 'func', 'basic', '4028b88185776075018578134bdc002f', NULL, 'func', NULL, b'0', 4, '分组聚合函数', 'string', 'Input', NULL, 1, b'0', NULL, NULL, NULL, NULL, NULL, NULL, NULL, NULL, NULL, NULL, 'reportTable', 'basic', 'func', NULL, NULL, NULL);
INSERT INTO `form_field` VALUES ('4028b88185776075018578134bdd0035', '2023-01-03 22:40:08.669000', '40288a8182a656740182a659f4d10001', '2023-01-03 22:42:21.469000', '40288a8182a656740182a659f4d10001', '1', NULL, NULL, NULL, NULL, NULL, 'itemIds', 'list', '4028b88185776075018578134bdc002f', NULL, 'reportTableItem_reportItemId', NULL, b'0', 5, '统计项', 'string', 'GroupSelect', NULL, 1, b'0', NULL, NULL, NULL, NULL, NULL, NULL, NULL, NULL, NULL, NULL, 'reportTableItem', NULL, 'reportItemId', NULL, NULL, NULL);
INSERT INTO `form_field` VALUES ('4028b88185776075018578134bdd0036', '2023-01-03 22:40:08.669000', '40288a8182a656740182a659f4d10001', '2023-01-03 22:42:21.475000', '40288a8182a656740182a659f4d10001', '1', NULL, NULL, NULL, NULL, NULL, 'kpiIds', 'list', '4028b88185776075018578134bdc002f', NULL, 'reportTableItem_reportKpiId', NULL, b'0', 6, '指标项', 'string', 'GroupSelect', NULL, 1, b'0', NULL, NULL, NULL, NULL, NULL, NULL, NULL, NULL, NULL, NULL, 'reportTableItem', NULL, 'reportKpiId', NULL, NULL, NULL);
INSERT INTO `form_field` VALUES ('4028b881857b04b801857d0faa060005', '2023-01-04 21:54:16.710000', '40288a8182a656740182a659f4d10001', '2023-01-04 21:55:54.233000', '40288a8182a656740182a659f4d10001', '1', NULL, NULL, NULL, NULL, NULL, 'code', 'basic', '4028b881857b04b801857d0faa060004', NULL, 'code', NULL, b'1', 0, '编码', 'string', 'Input', NULL, 1, b'0', NULL, NULL, NULL, NULL, NULL, NULL, NULL, NULL, NULL, NULL, 'sysDict', NULL, 'code', NULL, NULL, '编码');
INSERT INTO `form_field` VALUES ('4028b881857b04b801857d0faa060006', '2023-01-04 21:54:16.710000', '40288a8182a656740182a659f4d10001', '2023-01-04 21:55:54.245000', '40288a8182a656740182a659f4d10001', '1', NULL, NULL, NULL, NULL, NULL, 'val', 'basic', '4028b881857b04b801857d0faa060004', NULL, 'val', NULL, b'0', 1, '选项值', 'string', 'Input', NULL, 1, b'0', NULL, NULL, NULL, NULL, NULL, NULL, NULL, NULL, NULL, NULL, 'sysDict', 'basic', 'val', NULL, NULL, '选项值');
INSERT INTO `form_field` VALUES ('4028b881857b04b801857d0faa070007', '2023-01-04 21:54:16.710000', '40288a8182a656740182a659f4d10001', '2023-01-04 21:55:54.248000', '40288a8182a656740182a659f4d10001', '1', NULL, NULL, NULL, NULL, NULL, 'title', 'basic', '4028b881857b04b801857d0faa060004', NULL, 'title', NULL, b'0', 2, '选项名', 'string', 'Input', NULL, 1, b'0', NULL, NULL, NULL, NULL, NULL, NULL, NULL, NULL, NULL, NULL, 'sysDict', 'basic', 'title', NULL, NULL, '选项名');
INSERT INTO `form_field` VALUES ('4028b881857b04b801857d0faa070008', '2023-01-04 21:54:16.711000', '40288a8182a656740182a659f4d10001', '2023-01-04 21:55:54.249000', '40288a8182a656740182a659f4d10001', '1', NULL, NULL, NULL, 'TF', NULL, 'sys', 'basic', '4028b881857b04b801857d0faa060004', NULL, 'sys', NULL, b'0', 3, '系统项', 'boolean', 'VfSelect_DICT', NULL, 1, b'0', NULL, NULL, NULL, NULL, NULL, NULL, NULL, NULL, NULL, NULL, 'sysDict', 'basic', 'sys', NULL, NULL, '系统项');
INSERT INTO `form_field` VALUES ('4028b881857b04b801857d0faa070009', '2023-01-04 21:54:16.711000', '40288a8182a656740182a659f4d10001', '2023-01-04 21:55:54.251000', '40288a8182a656740182a659f4d10001', '1', NULL, NULL, NULL, 'TF', NULL, 'edit', 'basic', '4028b881857b04b801857d0faa060004', NULL, 'edit', NULL, b'0', 4, '可维护', 'boolean', 'VfSelect_DICT', NULL, 1, b'0', NULL, NULL, NULL, NULL, NULL, NULL, NULL, NULL, NULL, NULL, 'sysDict', 'basic', 'edit', NULL, NULL, '可维护');
INSERT INTO `form_field` VALUES ('4028b881857b04b801857d0faa07000a', '2023-01-04 21:54:16.711000', '40288a8182a656740182a659f4d10001', '2023-01-04 21:55:54.256000', '40288a8182a656740182a659f4d10001', '1', NULL, NULL, NULL, NULL, NULL, 'id', 'basic', '4028b881857b04b801857d0faa060004', NULL, 'id', NULL, b'0', 5, '主键id', 'string', 'Input', NULL, 1, b'1', NULL, NULL, NULL, NULL, NULL, NULL, NULL, NULL, NULL, NULL, 'sysDict', 'basic', 'id', NULL, NULL, '主键id');
INSERT INTO `form_field` VALUES ('4028b881857b04b801857d0faa07000b', '2023-01-04 21:54:16.711000', '40288a8182a656740182a659f4d10001', '2023-01-04 21:55:54.260000', '40288a8182a656740182a659f4d10001', '1', NULL, NULL, NULL, 'STATUS', NULL, 'status', 'basic', '4028b881857b04b801857d0faa060004', NULL, 'status', NULL, b'0', 6, '删除状态', 'string', 'VfSelect_DICT', NULL, 1, b'1', NULL, NULL, NULL, NULL, NULL, NULL, NULL, NULL, NULL, NULL, 'sysDict', NULL, 'status', NULL, NULL, '删除状态');
INSERT INTO `form_field` VALUES ('4028b881857b04b801857d0faa07000c', '2023-01-04 21:54:16.711000', '40288a8182a656740182a659f4d10001', '2023-01-04 21:55:54.262000', '40288a8182a656740182a659f4d10001', '1', NULL, NULL, NULL, NULL, NULL, 'createId', 'basic', '4028b881857b04b801857d0faa060004', NULL, 'createId', NULL, b'0', 7, '创建人', 'string', 'RelationTagInput', NULL, 1, b'1', NULL, NULL, NULL, NULL, NULL, NULL, NULL, NULL, NULL, NULL, 'sysDict', NULL, 'createId', NULL, NULL, '创建人');
INSERT INTO `form_field` VALUES ('4028b881857b04b801857d0faa08000d', '2023-01-04 21:54:16.712000', '40288a8182a656740182a659f4d10001', '2023-01-04 21:55:54.264000', '40288a8182a656740182a659f4d10001', '1', NULL, NULL, NULL, NULL, NULL, 'modifyId', 'basic', '4028b881857b04b801857d0faa060004', NULL, 'modifyId', NULL, b'0', 8, '修订人', 'string', 'RelationTagInput', NULL, 1, b'1', NULL, NULL, NULL, NULL, NULL, NULL, NULL, NULL, NULL, NULL, 'sysDict', NULL, 'modifyId', NULL, NULL, '修订人');
INSERT INTO `form_field` VALUES ('4028b881857b04b801857d0faa08000e', '2023-01-04 21:54:16.712000', '40288a8182a656740182a659f4d10001', '2023-01-04 21:55:54.266000', '40288a8182a656740182a659f4d10001', '1', NULL, NULL, NULL, NULL, NULL, 'createDate', 'basic', '4028b881857b04b801857d0faa060004', NULL, 'createDate', NULL, b'0', 9, '创建时间', 'date', 'DatePicker', NULL, 1, b'1', NULL, NULL, NULL, NULL, NULL, NULL, NULL, NULL, NULL, NULL, 'sysDict', 'basic', 'createDate', NULL, NULL, '创建时间');
INSERT INTO `form_field` VALUES ('4028b881857b04b801857d0faa08000f', '2023-01-04 21:54:16.712000', '40288a8182a656740182a659f4d10001', '2023-01-04 21:55:54.268000', '40288a8182a656740182a659f4d10001', '1', NULL, NULL, NULL, NULL, NULL, 'modifyDate', 'basic', '4028b881857b04b801857d0faa060004', NULL, 'modifyDate', NULL, b'0', 10, '修改时间', 'date', 'DatePicker', NULL, 1, b'1', NULL, NULL, NULL, NULL, NULL, NULL, NULL, NULL, NULL, NULL, 'sysDict', 'basic', 'modifyDate', NULL, NULL, '修改时间');
INSERT INTO `form_field` VALUES ('4028b881857b04b801857d34683b005b', '2023-01-04 22:34:24.699000', '40288a8182a656740182a659f4d10001', '2023-01-04 22:47:08.869000', '40288a8182a656740182a659f4d10001', '1', NULL, NULL, NULL, NULL, NULL, 'id', 'basic', '4028b881857b04b801857d34683b005a', NULL, 'id', NULL, b'0', 0, '主键id', 'string', 'Input', NULL, 1, b'1', NULL, NULL, NULL, NULL, NULL, NULL, NULL, NULL, NULL, NULL, 'project', 'basic', 'id', NULL, NULL, NULL);
INSERT INTO `form_field` VALUES ('4028b881857b04b801857d34683b005c', '2023-01-04 22:34:24.699000', '40288a8182a656740182a659f4d10001', '2023-01-04 22:47:08.881000', '40288a8182a656740182a659f4d10001', '1', NULL, NULL, NULL, NULL, NULL, 'name', 'basic', '4028b881857b04b801857d34683b005a', NULL, 'name', NULL, b'1', 1, '项目名称', 'string', 'Input', NULL, 1, b'0', NULL, NULL, NULL, NULL, NULL, NULL, NULL, NULL, NULL, NULL, 'project', 'basic', 'name', NULL, NULL, NULL);
INSERT INTO `form_field` VALUES ('4028b881857b04b801857d34683b005d', '2023-01-04 22:34:24.699000', '40288a8182a656740182a659f4d10001', '2023-01-04 22:47:08.884000', '40288a8182a656740182a659f4d10001', '1', NULL, NULL, NULL, NULL, NULL, 'projectNo', 'basic', '4028b881857b04b801857d34683b005a', NULL, 'projectNo', NULL, b'0', 2, '项目编号', 'string', 'Input', NULL, 1, b'0', NULL, NULL, NULL, NULL, NULL, NULL, NULL, NULL, NULL, NULL, 'project', 'basic', 'projectNo', NULL, NULL, NULL);
INSERT INTO `form_field` VALUES ('4028b881857b04b801857d34683c005e', '2023-01-04 22:34:24.699000', '40288a8182a656740182a659f4d10001', '2023-01-04 22:47:08.886000', '40288a8182a656740182a659f4d10001', '1', NULL, NULL, NULL, NULL, NULL, 'customer', 'basic', '4028b881857b04b801857d34683b005a', NULL, 'customer', NULL, b'0', 3, '甲方', 'string', 'Input', NULL, 1, b'0', NULL, NULL, NULL, NULL, NULL, NULL, NULL, NULL, NULL, NULL, 'project', 'basic', 'customer', NULL, NULL, NULL);
INSERT INTO `form_field` VALUES ('4028b881857b04b801857d34683c005f', '2023-01-04 22:34:24.700000', '40288a8182a656740182a659f4d10001', '2023-01-04 22:47:08.889000', '40288a8182a656740182a659f4d10001', '1', NULL, NULL, NULL, NULL, NULL, 'sysUserId', 'basic', '4028b881857b04b801857d34683b005a', NULL, 'sysUserId', NULL, b'0', 4, '负责人', 'string', 'RelationTagInput', NULL, 1, b'0', NULL, NULL, NULL, NULL, NULL, NULL, NULL, NULL, NULL, NULL, 'project', 'basic', 'sysUserId', NULL, NULL, NULL);
INSERT INTO `form_field` VALUES ('4028b881857b04b801857d34683c0060', '2023-01-04 22:34:24.700000', '40288a8182a656740182a659f4d10001', '2023-01-04 22:47:08.890000', '40288a8182a656740182a659f4d10001', '1', NULL, NULL, NULL, 'PROJECT_STATE', NULL, 'state', 'basic', '4028b881857b04b801857d34683b005a', NULL, 'state', NULL, b'0', 5, '项目阶段', 'string', 'VfSelect_DICT', NULL, 1, b'0', NULL, NULL, NULL, NULL, NULL, NULL, NULL, NULL, NULL, NULL, 'project', NULL, 'state', NULL, NULL, NULL);
INSERT INTO `form_field` VALUES ('4028b881857b04b801857d34683c0061', '2023-01-04 22:34:24.700000', '40288a8182a656740182a659f4d10001', '2023-01-04 22:47:08.894000', '40288a8182a656740182a659f4d10001', '1', NULL, NULL, NULL, NULL, NULL, 'startDate', 'basic', '4028b881857b04b801857d34683b005a', NULL, 'startDate', NULL, b'0', 6, '启动日期', 'date', 'DatePicker', NULL, 1, b'0', NULL, NULL, NULL, NULL, NULL, NULL, NULL, NULL, NULL, NULL, 'project', 'basic', 'startDate', NULL, NULL, NULL);
INSERT INTO `form_field` VALUES ('4028b881857b04b801857d34683c0062', '2023-01-04 22:34:24.700000', '40288a8182a656740182a659f4d10001', '2023-01-04 22:47:08.896000', '40288a8182a656740182a659f4d10001', '1', NULL, NULL, NULL, NULL, NULL, 'tasks', 'list', '4028b881857b04b801857d34683b005a', NULL, 'tasks', NULL, b'0', 7, '任务分解', 'projectTask', 'table', NULL, 2, b'0', NULL, NULL, NULL, 'left', 'vertical', NULL, NULL, NULL, NULL, NULL, 'projectTask', NULL, NULL, NULL, NULL, NULL);
INSERT INTO `form_field` VALUES ('4028b881857b04b801857d34683c0063', '2023-01-04 22:34:24.700000', '40288a8182a656740182a659f4d10001', '2023-01-04 22:47:08.900000', '40288a8182a656740182a659f4d10001', '1', NULL, NULL, NULL, NULL, NULL, 'sysFile_id', 'list', '4028b881857b04b801857d34683b005a', NULL, 'sysFile_id', NULL, b'0', 8, '项目图片', 'string', 'VfImage', NULL, 1, b'0', NULL, NULL, NULL, NULL, NULL, NULL, NULL, NULL, NULL, NULL, 'sysFile', NULL, 'id', NULL, NULL, NULL);
INSERT INTO `form_field` VALUES ('4028b881857b04b801857d34683d0064', '2023-01-04 22:34:24.700000', '40288a8182a656740182a659f4d10001', '2023-01-04 22:47:08.907000', '40288a8182a656740182a659f4d10001', '1', NULL, NULL, NULL, NULL, NULL, 'amount', 'basic', '4028b881857b04b801857d34683b005a', NULL, 'amount', NULL, b'0', 9, '合同金额', 'double', 'InputNumber', NULL, 1, b'0', NULL, NULL, NULL, NULL, NULL, NULL, NULL, NULL, NULL, NULL, 'project', NULL, 'amount', NULL, NULL, NULL);
INSERT INTO `form_field` VALUES ('4028b881857b04b801857d34eecf0066', '2023-01-04 22:34:59.151000', '40288a8182a656740182a659f4d10001', '2023-01-04 22:38:36.595000', '40288a8182a656740182a659f4d10001', '1', NULL, NULL, NULL, NULL, NULL, 'projectId', 'basic', '4028b881857b04b801857d34eecf0065', NULL, 'projectId', NULL, b'0', 0, '所属项目', 'string', 'RelationTagInput', NULL, 1, b'1', NULL, NULL, NULL, NULL, NULL, NULL, NULL, NULL, NULL, NULL, 'project', NULL, 'id', NULL, NULL, NULL);
INSERT INTO `form_field` VALUES ('4028b881857b04b801857d34eecf0067', '2023-01-04 22:34:59.151000', '40288a8182a656740182a659f4d10001', '2023-01-04 22:38:36.608000', '40288a8182a656740182a659f4d10001', '1', NULL, NULL, NULL, NULL, NULL, 'name', 'basic', '4028b881857b04b801857d34eecf0065', NULL, 'name', NULL, b'1', 1, '任务名称', 'string', 'Input', NULL, 1, b'0', NULL, NULL, NULL, NULL, NULL, NULL, NULL, NULL, NULL, NULL, 'projectTask', 'basic', 'name', NULL, NULL, NULL);
INSERT INTO `form_field` VALUES ('4028b881857b04b801857d34eed00068', '2023-01-04 22:34:59.152000', '40288a8182a656740182a659f4d10001', '2023-01-04 22:38:36.611000', '40288a8182a656740182a659f4d10001', '1', NULL, NULL, NULL, NULL, NULL, 'state', 'basic', '4028b881857b04b801857d34eecf0065', NULL, 'state', NULL, b'0', 2, '任务状态', 'string', 'VfSelect_DICT', NULL, 1, b'0', NULL, NULL, NULL, NULL, NULL, NULL, NULL, NULL, NULL, NULL, 'projectTask', 'basic', 'state', NULL, NULL, NULL);
INSERT INTO `form_field` VALUES ('4028b881857b04b801857d34eed00069', '2023-01-04 22:34:59.152000', '40288a8182a656740182a659f4d10001', '2023-01-04 22:38:36.619000', '40288a8182a656740182a659f4d10001', '1', NULL, NULL, NULL, NULL, NULL, 'id', 'basic', '4028b881857b04b801857d34eecf0065', NULL, 'id', NULL, b'0', 3, '主键id', 'string', 'Input', NULL, 1, b'1', NULL, NULL, NULL, NULL, NULL, NULL, NULL, NULL, NULL, NULL, 'projectTask', 'basic', 'id', NULL, NULL, NULL);
INSERT INTO `form_field` VALUES ('4028b881857b04b801857d34eed0006a', '2023-01-04 22:34:59.152000', '40288a8182a656740182a659f4d10001', '2023-01-04 22:38:36.623000', '40288a8182a656740182a659f4d10001', '1', NULL, NULL, NULL, 'STATUS', NULL, 'status', 'basic', '4028b881857b04b801857d34eecf0065', NULL, 'status', NULL, b'0', 4, '删除状态', 'string', 'VfSelect_DICT', NULL, 1, b'1', NULL, NULL, NULL, NULL, NULL, NULL, NULL, NULL, NULL, NULL, 'projectTask', NULL, 'status', NULL, NULL, NULL);
INSERT INTO `form_field` VALUES ('4028b881857b04b801857d34eed0006b', '2023-01-04 22:34:59.152000', '40288a8182a656740182a659f4d10001', '2023-01-04 22:38:36.627000', '40288a8182a656740182a659f4d10001', '1', NULL, NULL, NULL, NULL, NULL, 'createId', 'basic', '4028b881857b04b801857d34eecf0065', NULL, 'createId', NULL, b'0', 5, '创建人', 'string', 'RelationTagInput', NULL, 1, b'1', NULL, NULL, NULL, NULL, NULL, NULL, NULL, NULL, NULL, NULL, 'projectTask', NULL, 'createId', NULL, NULL, NULL);
INSERT INTO `form_field` VALUES ('4028b881857b04b801857d34eed0006c', '2023-01-04 22:34:59.152000', '40288a8182a656740182a659f4d10001', '2023-01-04 22:38:36.633000', '40288a8182a656740182a659f4d10001', '1', NULL, NULL, NULL, NULL, NULL, 'modifyId', 'basic', '4028b881857b04b801857d34eecf0065', NULL, 'modifyId', NULL, b'0', 6, '修订人', 'string', 'RelationTagInput', NULL, 1, b'1', NULL, NULL, NULL, NULL, NULL, NULL, NULL, NULL, NULL, NULL, 'projectTask', NULL, 'modifyId', NULL, NULL, NULL);
INSERT INTO `form_field` VALUES ('4028b881857b04b801857d34eed0006d', '2023-01-04 22:34:59.152000', '40288a8182a656740182a659f4d10001', '2023-01-04 22:38:36.638000', '40288a8182a656740182a659f4d10001', '1', NULL, NULL, NULL, NULL, NULL, 'createDate', 'basic', '4028b881857b04b801857d34eecf0065', NULL, 'createDate', NULL, b'0', 7, '创建时间', 'date', 'DatePicker', NULL, 1, b'1', NULL, NULL, NULL, NULL, NULL, NULL, NULL, NULL, NULL, NULL, 'projectTask', 'basic', 'createDate', NULL, NULL, NULL);
INSERT INTO `form_field` VALUES ('4028b881857b04b801857d34eed0006e', '2023-01-04 22:34:59.152000', '40288a8182a656740182a659f4d10001', '2023-01-04 22:38:36.643000', '40288a8182a656740182a659f4d10001', '1', NULL, NULL, NULL, NULL, NULL, 'modifyDate', 'basic', '4028b881857b04b801857d34eecf0065', NULL, 'modifyDate', NULL, b'0', 8, '修改时间', 'date', 'DatePicker', NULL, 1, b'1', NULL, NULL, NULL, NULL, NULL, NULL, NULL, NULL, NULL, NULL, 'projectTask', 'basic', 'modifyDate', NULL, NULL, NULL);
INSERT INTO `form_field` VALUES ('4028b881858ce4ef01858cf892f90005', '2023-01-08 00:02:58.937000', '40288a8182a656740182a659f4d10001', '2023-01-08 00:09:26.813000', '40288a8182a656740182a659f4d10001', '1', NULL, NULL, NULL, NULL, NULL, 'name', 'basic', '4028b881858ce4ef01858cf892f90004', NULL, 'name', NULL, b'1', 0, '页面名称', 'string', 'Input', NULL, 1, b'0', NULL, NULL, NULL, NULL, NULL, NULL, NULL, NULL, NULL, NULL, 'pageLayout', 'basic', 'name', NULL, NULL, NULL);
INSERT INTO `form_field` VALUES ('4028b881858ce4ef01858cf892fa0006', '2023-01-08 00:02:58.938000', '40288a8182a656740182a659f4d10001', '2023-01-08 00:09:26.827000', '40288a8182a656740182a659f4d10001', '1', NULL, NULL, NULL, NULL, NULL, 'url', 'basic', '4028b881858ce4ef01858cf892f90004', NULL, 'url', NULL, b'0', 2, '路由地址', 'string', 'Input', NULL, 1, b'0', NULL, NULL, NULL, NULL, NULL, NULL, NULL, NULL, NULL, NULL, 'pageLayout', 'basic', 'url', NULL, NULL, NULL);
INSERT INTO `form_field` VALUES ('4028b881858ce4ef01858cf892fd0007', '2023-01-08 00:02:58.938000', '40288a8182a656740182a659f4d10001', '2023-01-08 00:09:26.831000', '40288a8182a656740182a659f4d10001', '1', NULL, NULL, NULL, 'TF', NULL, 'auth', 'basic', '4028b881858ce4ef01858cf892f90004', NULL, 'auth', NULL, b'0', 3, '是否需要权限登录', 'boolean', 'VfSelect_DICT', NULL, 1, b'1', NULL, NULL, NULL, NULL, NULL, NULL, NULL, NULL, NULL, NULL, 'pageLayout', 'basic', 'auth', NULL, NULL, NULL);
INSERT INTO `form_field` VALUES ('4028b881858ce4ef01858cf892fe0008', '2023-01-08 00:02:58.942000', '40288a8182a656740182a659f4d10001', '2023-01-08 00:09:26.824000', '40288a8182a656740182a659f4d10001', '1', NULL, NULL, NULL, 'TF', NULL, 'module', 'basic', '4028b881858ce4ef01858cf892f90004', NULL, 'module', NULL, b'0', 1, '作为模块', 'boolean', 'VfSelect_DICT', NULL, 1, b'0', NULL, NULL, NULL, NULL, NULL, NULL, NULL, NULL, NULL, NULL, 'pageLayout', 'basic', 'module', NULL, NULL, '作为模块');
INSERT INTO `form_field` VALUES ('4028b881858ce4ef01858cf892fe0009', '2023-01-08 00:02:58.942000', '40288a8182a656740182a659f4d10001', '2023-01-08 00:09:26.834000', '40288a8182a656740182a659f4d10001', '1', NULL, NULL, NULL, NULL, NULL, 'id', 'basic', '4028b881858ce4ef01858cf892f90004', NULL, 'id', NULL, b'0', 4, '主键id', 'string', 'Input', NULL, 1, b'1', NULL, NULL, NULL, NULL, NULL, NULL, NULL, NULL, NULL, NULL, 'pageLayout', 'basic', 'id', NULL, NULL, NULL);
INSERT INTO `form_field` VALUES ('4028b881858ce4ef01858cf892ff000a', '2023-01-08 00:02:58.943000', '40288a8182a656740182a659f4d10001', '2023-01-08 00:09:26.836000', '40288a8182a656740182a659f4d10001', '1', NULL, NULL, NULL, 'STATUS', NULL, 'status', 'basic', '4028b881858ce4ef01858cf892f90004', NULL, 'status', NULL, b'0', 5, '删除状态', 'string', 'VfSelect_DICT', NULL, 1, b'1', NULL, NULL, NULL, NULL, NULL, NULL, NULL, NULL, NULL, NULL, 'pageLayout', NULL, 'status', NULL, NULL, NULL);
INSERT INTO `form_field` VALUES ('4028b881858ce4ef01858cf892ff000b', '2023-01-08 00:02:58.943000', '40288a8182a656740182a659f4d10001', '2023-01-08 00:09:26.838000', '40288a8182a656740182a659f4d10001', '1', NULL, NULL, NULL, NULL, NULL, 'createId', 'basic', '4028b881858ce4ef01858cf892f90004', NULL, 'createId', NULL, b'0', 6, '创建人', 'string', 'RelationTagInput', NULL, 1, b'1', NULL, NULL, NULL, NULL, NULL, NULL, NULL, NULL, NULL, NULL, 'pageLayout', NULL, 'createId', NULL, NULL, NULL);
INSERT INTO `form_field` VALUES ('4028b881858ce4ef01858cf892ff000c', '2023-01-08 00:02:58.943000', '40288a8182a656740182a659f4d10001', '2023-01-08 00:09:26.841000', '40288a8182a656740182a659f4d10001', '1', NULL, NULL, NULL, NULL, NULL, 'modifyId', 'basic', '4028b881858ce4ef01858cf892f90004', NULL, 'modifyId', NULL, b'0', 7, '修订人', 'string', 'RelationTagInput', NULL, 1, b'1', NULL, NULL, NULL, NULL, NULL, NULL, NULL, NULL, NULL, NULL, 'pageLayout', NULL, 'modifyId', NULL, NULL, NULL);
INSERT INTO `form_field` VALUES ('4028b881858ce4ef01858cf89300000d', '2023-01-08 00:02:58.943000', '40288a8182a656740182a659f4d10001', '2023-01-08 00:09:26.843000', '40288a8182a656740182a659f4d10001', '1', NULL, NULL, NULL, NULL, NULL, 'createDate', 'basic', '4028b881858ce4ef01858cf892f90004', NULL, 'createDate', NULL, b'0', 8, '创建时间', 'date', 'DatePicker', NULL, 1, b'1', NULL, NULL, NULL, NULL, NULL, NULL, NULL, NULL, NULL, NULL, 'pageLayout', 'basic', 'createDate', NULL, NULL, NULL);
INSERT INTO `form_field` VALUES ('4028b881858ce4ef01858cf89300000e', '2023-01-08 00:02:58.944000', '40288a8182a656740182a659f4d10001', '2023-01-08 00:09:26.845000', '40288a8182a656740182a659f4d10001', '1', NULL, NULL, NULL, NULL, NULL, 'modifyDate', 'basic', '4028b881858ce4ef01858cf892f90004', NULL, 'modifyDate', NULL, b'0', 9, '修改时间', 'date', 'DatePicker', NULL, 1, b'1', NULL, NULL, NULL, NULL, NULL, NULL, NULL, NULL, NULL, NULL, 'pageLayout', 'basic', 'modifyDate', NULL, NULL, NULL);
INSERT INTO `form_field` VALUES ('4028b88185997fcd01859a199f190016', '2023-01-10 13:14:08.533000', NULL, NULL, NULL, '1', NULL, NULL, NULL, NULL, NULL, 'h', 'basic', '4028b881858ce4ef01858cf892f90004', NULL, 'h', NULL, b'0', 11, '页面高度', 'integer', NULL, NULL, NULL, b'0', NULL, NULL, NULL, NULL, NULL, NULL, NULL, NULL, NULL, NULL, 'pageLayout', NULL, 'h', NULL, NULL, '页面高度');
INSERT INTO `form_field` VALUES ('4028b88185997fcd01859a199f1a0017', '2023-01-10 13:14:08.538000', NULL, NULL, NULL, '1', NULL, NULL, NULL, NULL, NULL, 'img', 'basic', '4028b881858ce4ef01858cf892f90004', NULL, 'img', NULL, b'0', 11, '预览图片', 'string', NULL, NULL, NULL, b'0', NULL, NULL, NULL, NULL, NULL, NULL, NULL, NULL, NULL, NULL, 'pageLayout', NULL, 'img', NULL, NULL, '预览图片');
INSERT INTO `form_field` VALUES ('4028b88185babe200185bb301adc0009', '2023-01-16 23:26:10.140000', '40288a8182a656740182a659f4d10001', '2023-01-16 23:27:21.700000', '40288a8182a656740182a659f4d10001', '1', NULL, NULL, NULL, NULL, NULL, 'title', 'basic', '4028b88185babe200185bb301adc0008', NULL, 'title', NULL, b'0', 0, '标题', 'string', 'Input', NULL, 1, b'0', NULL, NULL, NULL, NULL, NULL, NULL, NULL, NULL, NULL, NULL, 'oaNews', 'basic', 'title', NULL, NULL, NULL);
INSERT INTO `form_field` VALUES ('4028b88185babe200185bb301adc000a', '2023-01-16 23:26:10.140000', '40288a8182a656740182a659f4d10001', '2023-01-16 23:27:21.743000', '40288a8182a656740182a659f4d10001', '1', NULL, NULL, NULL, NULL, NULL, 'titleSub', 'basic', '4028b88185babe200185bb301adc0008', NULL, 'titleSub', NULL, b'0', 1, '副标题', 'string', 'Input', NULL, 1, b'0', NULL, NULL, NULL, NULL, NULL, NULL, NULL, NULL, NULL, NULL, 'oaNews', 'basic', 'titleSub', NULL, NULL, NULL);
INSERT INTO `form_field` VALUES ('4028b88185babe200185bb301adc000b', '2023-01-16 23:26:10.140000', '40288a8182a656740182a659f4d10001', '2023-01-16 23:27:21.751000', '40288a8182a656740182a659f4d10001', '1', NULL, NULL, NULL, NULL, NULL, 'img', 'basic', '4028b88185babe200185bb301adc0008', NULL, 'img', NULL, b'0', 3, '封面', 'string', 'VfImage', NULL, 1, b'0', NULL, NULL, NULL, NULL, NULL, NULL, NULL, NULL, NULL, NULL, 'oaNews', 'basic', 'img', NULL, NULL, NULL);
INSERT INTO `form_field` VALUES ('4028b88185babe200185bb301adc000c', '2023-01-16 23:26:10.140000', '40288a8182a656740182a659f4d10001', '2023-01-16 23:27:21.747000', '40288a8182a656740182a659f4d10001', '1', NULL, NULL, NULL, NULL, NULL, 'content', 'basic', '4028b88185babe200185bb301adc0008', NULL, 'content', NULL, b'0', 2, '新闻内容', 'string', 'VfEditor', NULL, 2, b'0', NULL, NULL, NULL, 'left', 'vertical', NULL, NULL, NULL, NULL, NULL, 'oaNews', 'basic', 'content', NULL, NULL, NULL);
INSERT INTO `form_field` VALUES ('4028b88185babe200185bb301adc000d', '2023-01-16 23:26:10.140000', '40288a8182a656740182a659f4d10001', '2023-01-16 23:27:21.754000', '40288a8182a656740182a659f4d10001', '1', NULL, NULL, NULL, NULL, NULL, 'newsType', 'basic', '4028b88185babe200185bb301adc0008', NULL, 'newsType', NULL, b'0', 4, '新闻分类', 'string', 'Input', NULL, 1, b'0', NULL, NULL, NULL, NULL, NULL, NULL, NULL, NULL, NULL, NULL, 'oaNews', 'basic', 'newsType', NULL, NULL, NULL);
INSERT INTO `form_field` VALUES ('4028b88185babe200185bb301add000e', '2023-01-16 23:26:10.140000', '40288a8182a656740182a659f4d10001', '2023-01-16 23:27:21.757000', '40288a8182a656740182a659f4d10001', '1', NULL, NULL, NULL, NULL, NULL, 'sysOrgId', 'basic', '4028b88185babe200185bb301adc0008', NULL, 'sysOrgId', NULL, b'0', 5, '发布单位', 'string', 'RelationTagInput', NULL, 1, b'1', NULL, NULL, NULL, NULL, NULL, NULL, NULL, NULL, NULL, NULL, 'sysOrg', NULL, 'id', NULL, NULL, NULL);
INSERT INTO `form_field` VALUES ('4028b88185babe200185bb301add000f', '2023-01-16 23:26:10.141000', '40288a8182a656740182a659f4d10001', '2023-01-16 23:27:21.761000', '40288a8182a656740182a659f4d10001', '1', NULL, NULL, NULL, NULL, NULL, 'state', 'basic', '4028b88185babe200185bb301adc0008', NULL, 'state', NULL, b'0', 6, '新闻状态', 'string', 'Input', NULL, 1, b'0', NULL, NULL, NULL, NULL, NULL, NULL, NULL, NULL, NULL, NULL, 'oaNews', 'basic', 'state', NULL, NULL, NULL);
INSERT INTO `form_field` VALUES ('4028b88185babe200185bb301add0010', '2023-01-16 23:26:10.141000', '40288a8182a656740182a659f4d10001', '2023-01-16 23:27:21.764000', '40288a8182a656740182a659f4d10001', '1', NULL, NULL, NULL, NULL, NULL, 'videoUrl', 'basic', '4028b88185babe200185bb301adc0008', NULL, 'videoUrl', NULL, b'0', 7, '视频地址URL', 'string', 'Input', NULL, 1, b'0', NULL, NULL, NULL, NULL, NULL, NULL, NULL, NULL, NULL, NULL, 'oaNews', 'basic', 'videoUrl', NULL, NULL, NULL);
INSERT INTO `form_field` VALUES ('4028b88185babe200185bb301add0011', '2023-01-16 23:26:10.141000', '40288a8182a656740182a659f4d10001', '2023-01-16 23:27:21.766000', '40288a8182a656740182a659f4d10001', '1', NULL, NULL, NULL, NULL, NULL, 'sort', 'basic', '4028b88185babe200185bb301adc0008', NULL, 'sort', NULL, b'0', 8, '优先级', 'integer', NULL, NULL, 1, b'0', NULL, NULL, NULL, NULL, NULL, NULL, NULL, NULL, NULL, NULL, 'oaNews', NULL, 'sort', NULL, NULL, NULL);
INSERT INTO `form_field` VALUES ('4028b88185babe200185bb301add0012', '2023-01-16 23:26:10.141000', '40288a8182a656740182a659f4d10001', '2023-01-16 23:27:21.770000', '40288a8182a656740182a659f4d10001', '1', NULL, NULL, NULL, NULL, NULL, 'id', 'basic', '4028b88185babe200185bb301adc0008', NULL, 'id', NULL, b'0', 9, '主键id', 'string', 'Input', NULL, 1, b'1', NULL, NULL, NULL, NULL, NULL, NULL, NULL, NULL, NULL, NULL, 'oaNews', 'basic', 'id', NULL, NULL, NULL);
INSERT INTO `form_field` VALUES ('4028b88185babe200185bb301ade0013', '2023-01-16 23:26:10.141000', '40288a8182a656740182a659f4d10001', '2023-01-16 23:27:21.774000', '40288a8182a656740182a659f4d10001', '1', NULL, NULL, NULL, 'STATUS', NULL, 'status', 'basic', '4028b88185babe200185bb301adc0008', NULL, 'status', NULL, b'0', 10, '删除状态', 'string', 'VfSelect_DICT', NULL, 1, b'1', NULL, NULL, NULL, NULL, NULL, NULL, NULL, NULL, NULL, NULL, 'oaNews', NULL, 'status', NULL, NULL, NULL);
INSERT INTO `form_field` VALUES ('4028b88185babe200185bb301ade0014', '2023-01-16 23:26:10.142000', '40288a8182a656740182a659f4d10001', '2023-01-16 23:27:21.778000', '40288a8182a656740182a659f4d10001', '1', NULL, NULL, NULL, NULL, NULL, 'createId', 'basic', '4028b88185babe200185bb301adc0008', NULL, 'createId', NULL, b'0', 11, '创建人', 'string', 'RelationTagInput', NULL, 1, b'1', NULL, NULL, NULL, NULL, NULL, NULL, NULL, NULL, NULL, NULL, 'oaNews', NULL, 'createId', NULL, NULL, NULL);
INSERT INTO `form_field` VALUES ('4028b88185babe200185bb301ade0015', '2023-01-16 23:26:10.142000', '40288a8182a656740182a659f4d10001', '2023-01-16 23:27:21.782000', '40288a8182a656740182a659f4d10001', '1', NULL, NULL, NULL, NULL, NULL, 'modifyId', 'basic', '4028b88185babe200185bb301adc0008', NULL, 'modifyId', NULL, b'0', 12, '修订人', 'string', 'RelationTagInput', NULL, 1, b'1', NULL, NULL, NULL, NULL, NULL, NULL, NULL, NULL, NULL, NULL, 'oaNews', NULL, 'modifyId', NULL, NULL, NULL);
INSERT INTO `form_field` VALUES ('4028b88185babe200185bb301ae10016', '2023-01-16 23:26:10.145000', '40288a8182a656740182a659f4d10001', '2023-01-16 23:27:21.784000', '40288a8182a656740182a659f4d10001', '1', NULL, NULL, NULL, NULL, NULL, 'createDate', 'basic', '4028b88185babe200185bb301adc0008', NULL, 'createDate', NULL, b'0', 13, '创建时间', 'date', 'DatePicker', NULL, 1, b'1', NULL, NULL, NULL, NULL, NULL, NULL, NULL, NULL, NULL, NULL, 'oaNews', 'basic', 'createDate', NULL, NULL, NULL);
INSERT INTO `form_field` VALUES ('4028b88185babe200185bb301ae10017', '2023-01-16 23:26:10.145000', '40288a8182a656740182a659f4d10001', '2023-01-16 23:27:21.787000', '40288a8182a656740182a659f4d10001', '1', NULL, NULL, NULL, NULL, NULL, 'modifyDate', 'basic', '4028b88185babe200185bb301adc0008', NULL, 'modifyDate', NULL, b'0', 14, '修改时间', 'date', 'DatePicker', NULL, 1, b'1', NULL, NULL, NULL, NULL, NULL, NULL, NULL, NULL, NULL, NULL, 'oaNews', 'basic', 'modifyDate', NULL, NULL, NULL);
INSERT INTO `form_field` VALUES ('4028b88185babe200185bb3237770019', '2023-01-16 23:28:28.534000', '40288a8182a656740182a659f4d10001', '2023-01-16 23:29:20.330000', '40288a8182a656740182a659f4d10001', '1', NULL, NULL, NULL, NULL, NULL, 'title', 'basic', '4028b88185babe200185bb3237760018', NULL, 'title', NULL, b'0', 0, '标题', 'string', 'SearchInput', NULL, 1, b'0', NULL, NULL, NULL, 'left', 'vertical', NULL, NULL, NULL, NULL, NULL, 'oaNews', 'business', 'title', NULL, NULL, NULL);
INSERT INTO `form_field` VALUES ('4028b88185babe200185bb323777001a', '2023-01-16 23:28:28.535000', '40288a8182a656740182a659f4d10001', '2023-01-16 23:29:20.335000', '40288a8182a656740182a659f4d10001', '1', NULL, NULL, NULL, NULL, NULL, 'newsType', 'basic', '4028b88185babe200185bb3237760018', NULL, 'newsType', NULL, b'0', 1, '新闻分类', 'string', 'SelectTag', NULL, 1, b'0', NULL, NULL, NULL, 'left', 'vertical', NULL, NULL, NULL, NULL, NULL, 'oaNews', 'business', 'newsType', NULL, NULL, NULL);
INSERT INTO `form_field` VALUES ('4028b88185ed86980185edf35f180000', '2023-01-26 20:00:27.910000', NULL, NULL, NULL, '1', NULL, NULL, NULL, NULL, NULL, 'componentOver', 'basic', '4028b881858ce4ef01858cf892f90004', NULL, 'componentOver', NULL, b'0', 13, '内部组件支持覆盖', 'boolean', NULL, NULL, NULL, b'0', NULL, NULL, NULL, NULL, NULL, NULL, NULL, NULL, NULL, NULL, 'pageLayout', NULL, 'componentOver', NULL, NULL, '内部组件支持覆盖');

-- ----------------------------
-- Table structure for form_group
-- ----------------------------
DROP TABLE IF EXISTS `form_group`;
CREATE TABLE `form_group`  (
  `id` varchar(50) CHARACTER SET utf8mb4 COLLATE utf8mb4_general_ci NOT NULL,
  `create_date` datetime(6) NULL DEFAULT NULL,
  `create_id` varchar(255) CHARACTER SET utf8mb4 COLLATE utf8mb4_general_ci NULL DEFAULT NULL,
  `modify_date` datetime(6) NULL DEFAULT NULL,
  `modify_id` varchar(255) CHARACTER SET utf8mb4 COLLATE utf8mb4_general_ci NULL DEFAULT NULL,
  `status` varchar(2) CHARACTER SET utf8mb4 COLLATE utf8mb4_general_ci NULL DEFAULT NULL,
  `code` varchar(255) CHARACTER SET utf8mb4 COLLATE utf8mb4_general_ci NULL DEFAULT NULL,
  `component` varchar(255) CHARACTER SET utf8mb4 COLLATE utf8mb4_general_ci NULL DEFAULT NULL,
  `name` varchar(255) CHARACTER SET utf8mb4 COLLATE utf8mb4_general_ci NULL DEFAULT NULL,
  `pcode` varchar(255) CHARACTER SET utf8mb4 COLLATE utf8mb4_general_ci NULL DEFAULT NULL,
  `sort` varchar(255) CHARACTER SET utf8mb4 COLLATE utf8mb4_general_ci NULL DEFAULT NULL,
  `form_id` varchar(255) CHARACTER SET utf8mb4 COLLATE utf8mb4_general_ci NULL DEFAULT NULL,
  PRIMARY KEY (`id`) USING BTREE
) ENGINE = InnoDB CHARACTER SET = utf8mb4 COLLATE = utf8mb4_general_ci ROW_FORMAT = DYNAMIC;

-- ----------------------------
-- Records of form_group
-- ----------------------------

-- ----------------------------
-- Table structure for form_item
-- ----------------------------
DROP TABLE IF EXISTS `form_item`;
CREATE TABLE `form_item`  (
  `id` varchar(50) CHARACTER SET utf8mb4 COLLATE utf8mb4_general_ci NOT NULL,
  `create_date` datetime(6) NULL DEFAULT NULL,
  `create_id` varchar(255) CHARACTER SET utf8mb4 COLLATE utf8mb4_general_ci NULL DEFAULT NULL,
  `modify_date` datetime(6) NULL DEFAULT NULL,
  `modify_id` varchar(255) CHARACTER SET utf8mb4 COLLATE utf8mb4_general_ci NULL DEFAULT NULL,
  `status` varchar(2) CHARACTER SET utf8mb4 COLLATE utf8mb4_general_ci NULL DEFAULT NULL,
  `code` varchar(255) CHARACTER SET utf8mb4 COLLATE utf8mb4_general_ci NULL DEFAULT NULL,
  `condition_json` varchar(4000) CHARACTER SET utf8mb4 COLLATE utf8mb4_general_ci NULL DEFAULT NULL,
  `entity_name` varchar(255) CHARACTER SET utf8mb4 COLLATE utf8mb4_general_ci NULL DEFAULT NULL,
  `item_type` varchar(255) CHARACTER SET utf8mb4 COLLATE utf8mb4_general_ci NULL DEFAULT NULL,
  `name` varchar(255) CHARACTER SET utf8mb4 COLLATE utf8mb4_general_ci NULL DEFAULT NULL,
  `form_id` varchar(255) CHARACTER SET utf8mb4 COLLATE utf8mb4_general_ci NULL DEFAULT NULL,
  `field_name` varchar(255) CHARACTER SET utf8mb4 COLLATE utf8mb4_general_ci NULL DEFAULT NULL,
  PRIMARY KEY (`id`) USING BTREE
) ENGINE = InnoDB CHARACTER SET = utf8mb4 COLLATE = utf8mb4_general_ci ROW_FORMAT = DYNAMIC;

-- ----------------------------
-- Records of form_item
-- ----------------------------

-- ----------------------------
-- Table structure for form_reaction
-- ----------------------------
DROP TABLE IF EXISTS `form_reaction`;
CREATE TABLE `form_reaction`  (
  `id` varchar(50) CHARACTER SET utf8mb4 COLLATE utf8mb4_general_ci NOT NULL,
  `create_date` datetime(6) NULL DEFAULT NULL,
  `create_id` varchar(255) CHARACTER SET utf8mb4 COLLATE utf8mb4_general_ci NULL DEFAULT NULL,
  `modify_date` datetime(6) NULL DEFAULT NULL,
  `modify_id` varchar(255) CHARACTER SET utf8mb4 COLLATE utf8mb4_general_ci NULL DEFAULT NULL,
  `status` varchar(2) CHARACTER SET utf8mb4 COLLATE utf8mb4_general_ci NULL DEFAULT NULL,
  `form_event_id` varchar(255) CHARACTER SET utf8mb4 COLLATE utf8mb4_general_ci NULL DEFAULT NULL,
  `form_field_id` varchar(255) CHARACTER SET utf8mb4 COLLATE utf8mb4_general_ci NULL DEFAULT NULL,
  `reaction_attr` varchar(255) CHARACTER SET utf8mb4 COLLATE utf8mb4_general_ci NULL DEFAULT NULL,
  `reaction_value` varchar(255) CHARACTER SET utf8mb4 COLLATE utf8mb4_general_ci NULL DEFAULT NULL,
  `init_value` varchar(255) CHARACTER SET utf8mb4 COLLATE utf8mb4_general_ci NULL DEFAULT NULL,
  PRIMARY KEY (`id`) USING BTREE
) ENGINE = InnoDB CHARACTER SET = utf8mb4 COLLATE = utf8mb4_general_ci ROW_FORMAT = DYNAMIC;

-- ----------------------------
-- Records of form_reaction
-- ----------------------------
INSERT INTO `form_reaction` VALUES ('4028b8818575989b0185764bf20e0064', '2023-01-03 14:22:46.798000', '40288a8182a656740182a659f4d10001', '2023-01-03 14:39:56.013000', '40288a8182a656740182a659f4d10001', '1', NULL, '4028b8818575989b0185764a78b50056', 'visible', 'true', NULL);
INSERT INTO `form_reaction` VALUES ('4028b8818575989b01857658c75e008e', '2023-01-03 14:36:47.838000', '40288a8182a656740182a659f4d10001', '2023-01-03 14:39:56.012000', '40288a8182a656740182a659f4d10001', '1', NULL, '4028b8818575989b0185764a78b50057', 'x-disabled', 'true', NULL);
INSERT INTO `form_reaction` VALUES ('4028b8818575989b01857659af55008f', '2023-01-03 14:37:47.220000', '40288a8182a656740182a659f4d10001', '2023-01-03 14:39:20.648000', '40288a8182a656740182a659f4d10001', '1', NULL, '4028b8818575989b0185764a78b50057', 'visible', 'true', NULL);
INSERT INTO `form_reaction` VALUES ('4028b8818575989b0185765a4a870090', '2023-01-03 14:38:26.951000', '40288a8182a656740182a659f4d10001', '2023-01-03 14:39:56.011000', '40288a8182a656740182a659f4d10001', '1', NULL, '4028b8818575989b0185764a78b5005b', 'visible', 'true', NULL);
INSERT INTO `form_reaction` VALUES ('4028b8818575989b0185765a4a880091', '2023-01-03 14:38:26.952000', '40288a8182a656740182a659f4d10001', '2023-01-03 14:39:56.010000', '40288a8182a656740182a659f4d10001', '1', NULL, '4028b8818575989b0185764a78b5005a', 'visible', 'true', NULL);
INSERT INTO `form_reaction` VALUES ('4028b8818575989b0185765b1c4b0092', '2023-01-03 14:39:20.651000', '40288a8182a656740182a659f4d10001', '2023-01-03 14:39:56.009000', '40288a8182a656740182a659f4d10001', '1', NULL, '4028b8818575989b0185764a78b50059', 'visible', 'true', NULL);
INSERT INTO `form_reaction` VALUES ('4028b8818575989b01857674a61d0096', '2023-01-03 15:07:14.333000', '40288a8182a656740182a659f4d10001', NULL, NULL, '1', '4028b8818575989b01857674a61d0095', '4028b8818575989b0185764a78b50057', 'value', '\'{{($self.value.startsWith(\"/\")?$self.value.substring(1):$self.value).split(\"/\").join(\":\")}}\'', NULL);
INSERT INTO `form_reaction` VALUES ('4028b881857b04b801857d189b5b0054', '2023-01-04 22:04:02.779000', '40288a8182a656740182a659f4d10001', NULL, NULL, '1', '4028b881857b04b801857d189b5b0053', '4028b8818575989b0185764a78b50056', 'x-hidden', 'true', NULL);
INSERT INTO `form_reaction` VALUES ('4028b881857b04b801857d189b5b0055', '2023-01-04 22:04:02.779000', '40288a8182a656740182a659f4d10001', NULL, NULL, '1', '4028b881857b04b801857d189b5b0053', '4028b8818575989b0185764a78b50059', 'x-hidden', 'true', NULL);
INSERT INTO `form_reaction` VALUES ('4028b881857b04b801857d189b5b0056', '2023-01-04 22:04:02.779000', '40288a8182a656740182a659f4d10001', NULL, NULL, '1', '4028b881857b04b801857d189b5b0053', '4028b8818575989b0185764a78b5005b', 'x-hidden', 'true', NULL);
INSERT INTO `form_reaction` VALUES ('4028b881857b04b801857d189b5b0057', '2023-01-04 22:04:02.779000', '40288a8182a656740182a659f4d10001', NULL, NULL, '1', '4028b881857b04b801857d189b5b0053', '4028b8818575989b0185764a78b5005a', 'x-hidden', 'true', NULL);
INSERT INTO `form_reaction` VALUES ('4028b881857b04b801857d19db910059', '2023-01-04 22:05:24.753000', '40288a8182a656740182a659f4d10001', NULL, NULL, '1', '4028b881857b04b801857d19db910058', '4028b8818575989b0185764a78b50057', 'x-disabled', 'true', NULL);
INSERT INTO `form_reaction` VALUES ('4028b881858ce4ef01858cfdfb780011', '2023-01-08 00:08:53.367000', '40288a8182a656740182a659f4d10001', NULL, NULL, '1', '4028b881858ce4ef01858cfdfb770010', '4028b881858ce4ef01858cf892fa0006', 'x-hidden', 'true', NULL);

-- ----------------------------
-- Table structure for oa_customer
-- ----------------------------
DROP TABLE IF EXISTS `oa_customer`;
CREATE TABLE `oa_customer`  (
  `id` varchar(50) CHARACTER SET utf8mb4 COLLATE utf8mb4_general_ci NOT NULL,
  `create_date` datetime(6) NULL DEFAULT NULL,
  `create_id` varchar(255) CHARACTER SET utf8mb4 COLLATE utf8mb4_general_ci NULL DEFAULT NULL,
  `modify_date` datetime(6) NULL DEFAULT NULL,
  `modify_id` varchar(255) CHARACTER SET utf8mb4 COLLATE utf8mb4_general_ci NULL DEFAULT NULL,
  `status` varchar(2) CHARACTER SET utf8mb4 COLLATE utf8mb4_general_ci NULL DEFAULT NULL,
  `address` varchar(255) CHARACTER SET utf8mb4 COLLATE utf8mb4_general_ci NULL DEFAULT NULL,
  `link_area_id` varchar(255) CHARACTER SET utf8mb4 COLLATE utf8mb4_general_ci NULL DEFAULT NULL,
  `linkman` varchar(255) CHARACTER SET utf8mb4 COLLATE utf8mb4_general_ci NULL DEFAULT NULL,
  `linktel` varchar(255) CHARACTER SET utf8mb4 COLLATE utf8mb4_general_ci NULL DEFAULT NULL,
  `name` varchar(255) CHARACTER SET utf8mb4 COLLATE utf8mb4_general_ci NULL DEFAULT NULL,
  `sys_area_id` varchar(255) CHARACTER SET utf8mb4 COLLATE utf8mb4_general_ci NULL DEFAULT NULL,
  `sys_dept_id` varchar(255) CHARACTER SET utf8mb4 COLLATE utf8mb4_general_ci NULL DEFAULT NULL,
  `sys_org_id` varchar(255) CHARACTER SET utf8mb4 COLLATE utf8mb4_general_ci NULL DEFAULT NULL,
  PRIMARY KEY (`id`) USING BTREE
) ENGINE = InnoDB CHARACTER SET = utf8mb4 COLLATE = utf8mb4_general_ci ROW_FORMAT = DYNAMIC;

-- ----------------------------
-- Records of oa_customer
-- ----------------------------
INSERT INTO `oa_customer` VALUES ('40288a8183daaa7a0183daabc1220000', '2022-10-15 16:03:52.730000', NULL, NULL, NULL, '0', '111', NULL, '333', '333', '333', NULL, NULL, NULL);

-- ----------------------------
-- Table structure for oa_news
-- ----------------------------
DROP TABLE IF EXISTS `oa_news`;
CREATE TABLE `oa_news`  (
  `id` varchar(50) CHARACTER SET utf8mb4 COLLATE utf8mb4_unicode_ci NOT NULL,
  `create_date` datetime(6) NULL DEFAULT NULL,
  `create_id` varchar(255) CHARACTER SET utf8mb4 COLLATE utf8mb4_unicode_ci NULL DEFAULT NULL,
  `modify_date` datetime(6) NULL DEFAULT NULL,
  `modify_id` varchar(255) CHARACTER SET utf8mb4 COLLATE utf8mb4_unicode_ci NULL DEFAULT NULL,
  `status` varchar(2) CHARACTER SET utf8mb4 COLLATE utf8mb4_unicode_ci NULL DEFAULT NULL,
  `content` text CHARACTER SET utf8mb4 COLLATE utf8mb4_unicode_ci NULL,
  `img` varchar(255) CHARACTER SET utf8mb4 COLLATE utf8mb4_unicode_ci NULL DEFAULT NULL,
  `news_type` varchar(255) CHARACTER SET utf8mb4 COLLATE utf8mb4_unicode_ci NULL DEFAULT NULL,
  `sort` int(11) NULL DEFAULT NULL,
  `state` varchar(255) CHARACTER SET utf8mb4 COLLATE utf8mb4_unicode_ci NULL DEFAULT NULL,
  `sys_org_id` varchar(255) CHARACTER SET utf8mb4 COLLATE utf8mb4_unicode_ci NULL DEFAULT NULL,
  `title` varchar(255) CHARACTER SET utf8mb4 COLLATE utf8mb4_unicode_ci NULL DEFAULT NULL,
  `title_sub` varchar(255) CHARACTER SET utf8mb4 COLLATE utf8mb4_unicode_ci NULL DEFAULT NULL,
  `video_url` varchar(255) CHARACTER SET utf8mb4 COLLATE utf8mb4_unicode_ci NULL DEFAULT NULL,
  PRIMARY KEY (`id`) USING BTREE
) ENGINE = InnoDB CHARACTER SET = utf8mb4 COLLATE = utf8mb4_unicode_ci ROW_FORMAT = DYNAMIC;

-- ----------------------------
-- Records of oa_news
-- ----------------------------
INSERT INTO `oa_news` VALUES ('0', '2023-01-12 10:24:07.000000', NULL, NULL, NULL, '1', '32', 'https://www.ymtc.com/statics/home/pc/images/shadow.png', NULL, NULL, NULL, NULL, '标题0', NULL, NULL);
INSERT INTO `oa_news` VALUES ('1', '2023-01-12 10:24:07.000000', NULL, NULL, NULL, '1', '3', NULL, NULL, NULL, '1', NULL, '标题1', NULL, NULL);
INSERT INTO `oa_news` VALUES ('11', '2023-01-12 10:24:07.000000', NULL, NULL, NULL, '1', '21', 'https://www.ymtc.com/statics/home/pc/images/shadow.png', NULL, NULL, NULL, NULL, '标题11', NULL, NULL);
INSERT INTO `oa_news` VALUES ('12', '2023-01-12 10:24:07.000000', NULL, NULL, NULL, '1', '1', NULL, NULL, NULL, NULL, NULL, '标题12', NULL, NULL);
INSERT INTO `oa_news` VALUES ('13', '2023-01-12 10:24:07.000000', NULL, NULL, NULL, '1', '23', NULL, NULL, NULL, NULL, NULL, '标题13', NULL, NULL);
INSERT INTO `oa_news` VALUES ('14', '2023-01-12 10:24:07.000000', NULL, NULL, NULL, '1', '3', NULL, NULL, NULL, NULL, NULL, '标题14', NULL, NULL);
INSERT INTO `oa_news` VALUES ('15', '2023-01-12 10:24:07.000000', NULL, NULL, NULL, '1', '312', NULL, NULL, NULL, NULL, NULL, '标题16', NULL, NULL);
INSERT INTO `oa_news` VALUES ('16', '2023-01-12 10:24:07.000000', NULL, NULL, NULL, '1', '3', NULL, NULL, NULL, NULL, NULL, '标题15', NULL, NULL);
INSERT INTO `oa_news` VALUES ('17', '2023-01-12 10:24:07.000000', NULL, NULL, NULL, '1', '3', NULL, NULL, NULL, NULL, NULL, '标题17', NULL, NULL);
INSERT INTO `oa_news` VALUES ('18', '2023-01-12 10:24:07.000000', NULL, NULL, NULL, '1', '132', NULL, NULL, NULL, NULL, NULL, '标题18', NULL, NULL);
INSERT INTO `oa_news` VALUES ('19', '2023-01-12 10:24:07.000000', NULL, NULL, NULL, '1', '32', NULL, NULL, NULL, NULL, NULL, '标题19', NULL, NULL);
INSERT INTO `oa_news` VALUES ('2', '2023-01-12 10:24:07.000000', NULL, NULL, NULL, '1', '21', 'https://www.ymtc.com/statics/home/pc/images/shadow.png', NULL, NULL, NULL, NULL, '标题2', NULL, NULL);
INSERT INTO `oa_news` VALUES ('20', '2023-01-12 10:24:07.000000', NULL, NULL, NULL, '1', '1', 'https://www.ymtc.com/statics/home/pc/images/shadow.png', NULL, NULL, NULL, NULL, '标题20', NULL, NULL);
INSERT INTO `oa_news` VALUES ('21', '2023-01-12 10:24:07.000000', NULL, NULL, NULL, '1', '2', 'https://www.ymtc.com/statics/home/pc/images/shadow.png', NULL, NULL, NULL, NULL, '标题21', NULL, NULL);
INSERT INTO `oa_news` VALUES ('3', '2023-01-12 10:24:07.000000', NULL, NULL, NULL, '1', '1', 'https://www.ymtc.com/statics/home/pc/images/shadow.png', NULL, NULL, NULL, NULL, '标题3', NULL, NULL);
INSERT INTO `oa_news` VALUES ('4', '2023-01-12 10:24:07.000000', NULL, NULL, NULL, '1', '3', 'https://www.ymtc.com/statics/home/pc/images/shadow.png', NULL, NULL, NULL, NULL, '标题4', NULL, NULL);
INSERT INTO `oa_news` VALUES ('4028b88185bb3c1a0185bb44a6bf0002', '2023-01-16 23:48:36.670000', NULL, '2023-01-17 10:26:58.199000', NULL, '1', '<ol><li style=\"text-align: left; line-height: 2;\"><span style=\"font-size: 22px; font-family: 标楷体;\">大萨达撒大萨达撒多发发发发发发付付付付付uuuuuuuuuuuuu</span></li><li style=\"text-align: left; line-height: 2;\"><span style=\"font-size: 22px; font-family: 标楷体;\">233333333333333333333333</span></li><li style=\"text-align: left; line-height: 2;\"><span style=\"font-size: 22px; font-family: 标楷体;\">2222222222222222</span></li></ol>', '4028b88185bb3c1a0185bb449db90001', NULL, NULL, NULL, NULL, '我的新闻', '我的第一个', NULL);
INSERT INTO `oa_news` VALUES ('6', '2023-01-12 10:24:07.000000', NULL, NULL, NULL, '1', '32', 'https://www.ymtc.com/statics/home/pc/images/shadow.png', NULL, NULL, NULL, NULL, '标题6', NULL, NULL);
INSERT INTO `oa_news` VALUES ('7', '2023-01-12 10:24:07.000000', NULL, NULL, NULL, '1', '21', 'https://www.ymtc.com/statics/home/pc/images/shadow.png', NULL, NULL, NULL, NULL, '标题7', NULL, NULL);
INSERT INTO `oa_news` VALUES ('8', '2023-01-12 10:24:07.000000', NULL, NULL, NULL, '1', '1', 'https://www.ymtc.com/statics/home/pc/images/shadow.png', NULL, NULL, NULL, NULL, '标题8', NULL, NULL);
INSERT INTO `oa_news` VALUES ('9', '2023-01-12 10:24:07.000000', NULL, NULL, NULL, '1', '3', 'https://www.ymtc.com/statics/home/pc/images/shadow.png', NULL, NULL, NULL, NULL, '标题9', NULL, NULL);

-- ----------------------------
-- Table structure for oa_project
-- ----------------------------
DROP TABLE IF EXISTS `oa_project`;
CREATE TABLE `oa_project`  (
  `id` varchar(50) CHARACTER SET utf8mb4 COLLATE utf8mb4_general_ci NOT NULL,
  `create_date` datetime(6) NULL DEFAULT NULL,
  `create_id` varchar(255) CHARACTER SET utf8mb4 COLLATE utf8mb4_general_ci NULL DEFAULT NULL,
  `modify_date` datetime(6) NULL DEFAULT NULL,
  `modify_id` varchar(255) CHARACTER SET utf8mb4 COLLATE utf8mb4_general_ci NULL DEFAULT NULL,
  `status` varchar(2) CHARACTER SET utf8mb4 COLLATE utf8mb4_general_ci NULL DEFAULT NULL,
  `name` varchar(255) CHARACTER SET utf8mb4 COLLATE utf8mb4_general_ci NULL DEFAULT NULL,
  `project_no` varchar(255) CHARACTER SET utf8mb4 COLLATE utf8mb4_general_ci NULL DEFAULT NULL,
  `start_date` datetime(6) NULL DEFAULT NULL,
  `state` varchar(255) CHARACTER SET utf8mb4 COLLATE utf8mb4_general_ci NULL DEFAULT NULL,
  `sys_org_id` varchar(255) CHARACTER SET utf8mb4 COLLATE utf8mb4_general_ci NULL DEFAULT NULL,
  `sys_user_id` varchar(255) CHARACTER SET utf8mb4 COLLATE utf8mb4_general_ci NULL DEFAULT NULL,
  `sys_area_id` varchar(255) CHARACTER SET utf8mb4 COLLATE utf8mb4_general_ci NULL DEFAULT NULL,
  `sys_dept_id` varchar(255) CHARACTER SET utf8mb4 COLLATE utf8mb4_general_ci NULL DEFAULT NULL,
  `money` int(11) NULL DEFAULT NULL,
  `customer` varchar(255) CHARACTER SET utf8mb4 COLLATE utf8mb4_general_ci NULL DEFAULT NULL,
  `amount` double NULL DEFAULT NULL,
  PRIMARY KEY (`id`) USING BTREE
) ENGINE = InnoDB CHARACTER SET = utf8mb4 COLLATE = utf8mb4_general_ci ROW_FORMAT = DYNAMIC;

-- ----------------------------
-- Records of oa_project
-- ----------------------------
INSERT INTO `oa_project` VALUES ('4028b88184ae06240184ae0a44240002', '2022-11-25 17:06:59.236000', '40288a8182a656740182a659f4d10001', NULL, NULL, '0', '测试', '1', '2022-11-15 00:00:00.000000', NULL, '40288a81828ad2b801828ad66e790004', '40288a8183cc91b90183ccad79bb000b', '420000', '1', NULL, '111', 4);
INSERT INTO `oa_project` VALUES ('4028b88184ae06240184ae0bb1a30003', '2022-11-25 17:08:32.803000', '40288a8182a656740182a659f4d10001', NULL, NULL, '1', '222', '222', NULL, NULL, '40288a81828ad2b801828ad66e790004', NULL, '420000', '1', NULL, NULL, 3);
INSERT INTO `oa_project` VALUES ('4028b88184ae0ca50184ae0ddfeb0000', '2022-11-25 17:10:55.719000', '40288a8182a656740182a659f4d10001', NULL, NULL, '1', '333', '333', NULL, NULL, '40288a81828ad2b801828ad66e790004', NULL, '420000', '2', NULL, NULL, 2);
INSERT INTO `oa_project` VALUES ('4028b88184ae0ca50184ae0e9b540001', '2022-11-25 17:11:43.700000', '40288a8183cc91b90183ccad79bb000b', '2022-12-08 20:23:57.442000', '40288a8182a656740182a659f4d10001', '1', '444', NULL, NULL, '3', '40288a81828ad2b801828ad66e790004', NULL, '420000', '1', NULL, NULL, 1);
INSERT INTO `oa_project` VALUES ('4028b881856c601401856dd64d0e003b', '2023-01-01 22:57:19.118000', '40288a8182a656740182a659f4d10001', '2023-01-02 10:12:37.540000', '40288a8182a656740182a659f4d10001', '1', '1', '2', NULL, '1', '40288a81828ad2b801828ad66e790004', NULL, '420000', '1', NULL, '333333', 7);
INSERT INTO `oa_project` VALUES ('4028b881856c601401856dfb2669003f', '2023-01-01 23:37:34.056000', '40288a8182a656740182a659f4d10001', '2023-01-02 10:12:32.123000', '40288a8182a656740182a659f4d10001', '1', '76767', NULL, NULL, NULL, '40288a81828ad2b801828ad66e790004', NULL, '420000', '1', NULL, NULL, 5);
INSERT INTO `oa_project` VALUES ('4028b881857029f801857040fa670019', '2023-01-02 10:13:04.743000', '40288a8182a656740182a659f4d10001', '2023-01-02 23:15:32.219000', '40288a8182a656740182a659f4d10001', '1', 'abcd', 'vvvvv', '2023-01-18 00:00:00.000000', '1', '40288a81828ad2b801828ad66e790004', '40288a8183cc91b90183ccad79bb000b', '420000', '1', NULL, 'hhhhhh', 20);
INSERT INTO `oa_project` VALUES ('4028b88185725e400185725fc0b00003', '2023-01-02 20:05:56.015000', '4028b881857029f801857044e50d001b', '2023-01-02 20:07:05.522000', '4028b881857029f801857044e50d001b', '0', '666', '888', '2023-01-17 00:00:00.000000', '2', '40288a8183c0cc550183c1424aac0012', '4028b881857029f801857044e50d001b', '40288a8183c0cc550183c144659b0021', NULL, NULL, '999', 8);
INSERT INTO `oa_project` VALUES ('4028b88185726463018572658d490000', '2023-01-02 20:12:16.070000', '4028b881857029f801857044e50d001b', NULL, NULL, '1', '111', '222', '2023-01-11 00:00:00.000000', '1', '40288a8183c0cc550183c1424aac0012', '4028b881857029f801857044e50d001b', '40288a8183c0cc550183c144659b0021', NULL, NULL, '333', 12);
INSERT INTO `oa_project` VALUES ('4028b8818576b48b018576bea1940024', '2023-01-03 16:28:02.836000', '40288a8182a656740182a659f4d10001', NULL, NULL, '1', 'abcd', '222222', '2023-01-10 00:00:00.000000', '1', '4028b881857568ed01857590c3c40053', '4028b881857568ed01857593efa20065', '4028b881857568ed0185758e3c63004e', '4028b8818575989b0185759fb4660004', NULL, '222', 12);
INSERT INTO `oa_project` VALUES ('4028b881857b04b801857d395ee20073', '2023-01-04 22:39:49.986000', '40288a8182a656740182a659f4d10001', '2023-01-04 23:14:04.619000', '40288a8182a656740182a659f4d10001', '1', '66666', '7777', '2023-01-11 00:00:00.000000', '3', '4028b881857568ed01857590c3c40053', '40288a8182a656740182a659f4d10001', '4028b881857568ed0185758e3c63004e', '4028b8818575989b0185759fb4660004', NULL, '哈哈哈', 6666);

-- ----------------------------
-- Table structure for oa_project_task
-- ----------------------------
DROP TABLE IF EXISTS `oa_project_task`;
CREATE TABLE `oa_project_task`  (
  `id` varchar(50) CHARACTER SET utf8mb4 COLLATE utf8mb4_general_ci NOT NULL,
  `create_date` datetime(6) NULL DEFAULT NULL,
  `create_id` varchar(255) CHARACTER SET utf8mb4 COLLATE utf8mb4_general_ci NULL DEFAULT NULL,
  `modify_date` datetime(6) NULL DEFAULT NULL,
  `modify_id` varchar(255) CHARACTER SET utf8mb4 COLLATE utf8mb4_general_ci NULL DEFAULT NULL,
  `status` varchar(2) CHARACTER SET utf8mb4 COLLATE utf8mb4_general_ci NULL DEFAULT NULL,
  `name` varchar(255) CHARACTER SET utf8mb4 COLLATE utf8mb4_general_ci NULL DEFAULT NULL,
  `project_id` varchar(255) CHARACTER SET utf8mb4 COLLATE utf8mb4_general_ci NULL DEFAULT NULL,
  `state` varchar(255) CHARACTER SET utf8mb4 COLLATE utf8mb4_general_ci NULL DEFAULT NULL,
  PRIMARY KEY (`id`) USING BTREE
) ENGINE = InnoDB CHARACTER SET = utf8mb4 COLLATE = utf8mb4_general_ci ROW_FORMAT = DYNAMIC;

-- ----------------------------
-- Records of oa_project_task
-- ----------------------------
INSERT INTO `oa_project_task` VALUES ('40288a818411a347018411ac66950001', '2022-10-26 08:23:41.971000', '40288a8182a656740182a659f4d10001', '2022-10-26 08:24:04.103000', '40288a8182a656740182a659f4d10001', '0', '44', '40288a818411a347018411ac66860000', '0');
INSERT INTO `oa_project_task` VALUES ('40288a818411a347018411ac66950002', '2022-10-26 08:23:41.973000', '40288a8182a656740182a659f4d10001', NULL, NULL, '0', '444', '40288a818411a347018411ac66860000', '1');
INSERT INTO `oa_project_task` VALUES ('40288a818411a347018411acbd1f0003', '2022-10-26 08:24:04.126000', '40288a8182a656740182a659f4d10001', NULL, NULL, '0', '333', '40288a818411a347018411ac66860000', '1');
INSERT INTO `oa_project_task` VALUES ('40288a81842194ff018421dda7e80008', '2022-10-29 11:51:25.415000', '40288a8182a656740182a659f4d10001', '2022-10-29 11:51:36.581000', '40288a8182a656740182a659f4d10001', '1', '5555444', '40288a81842194ff018421dda7e60007', '0');
INSERT INTO `oa_project_task` VALUES ('40288a81842194ff018421dda7e90009', '2022-10-29 11:51:25.416000', '40288a8182a656740182a659f4d10001', NULL, NULL, '0', '555', '40288a81842194ff018421dda7e60007', '1');
INSERT INTO `oa_project_task` VALUES ('40288a81842194ff018421ddd390000a', '2022-10-29 11:51:36.592000', '40288a8182a656740182a659f4d10001', NULL, NULL, '1', '666', '40288a81842194ff018421dda7e60007', '0');
INSERT INTO `oa_project_task` VALUES ('4028b88184a7b9d10184a7bf35130004', '2022-11-24 11:47:16.882000', '40288a8182a656740182a659f4d10001', '2022-11-24 14:38:55.977000', '40288a8182a656740182a659f4d10001', '1', '2224444444444', '40288a8184510a7e0184510fceff0000', '0');
INSERT INTO `oa_project_task` VALUES ('4028b88184a7b9d10184a7bf87730005', '2022-11-24 11:47:37.971000', '40288a8182a656740182a659f4d10001', '2022-11-24 14:38:55.975000', '40288a8182a656740182a659f4d10001', '1', '222', '40288a8184510a7e0184510fceff0000', '1');
INSERT INTO `oa_project_task` VALUES ('4028b881856c601401856dd64d0f003c', '2023-01-01 22:57:19.118000', '40288a8182a656740182a659f4d10001', '2023-01-01 23:34:25.774000', '40288a8182a656740182a659f4d10001', '0', '8888', '4028b881856c601401856dd64d0e003b', '3');
INSERT INTO `oa_project_task` VALUES ('4028b881856c601401856dfb26690040', '2023-01-01 23:37:34.057000', '40288a8182a656740182a659f4d10001', NULL, NULL, '1', '777', '4028b881856c601401856dfb2669003f', '1');
INSERT INTO `oa_project_task` VALUES ('4028b881856c601401856dfb26690041', '2023-01-01 23:37:34.057000', '40288a8182a656740182a659f4d10001', NULL, NULL, '1', '8888', '4028b881856c601401856dfb2669003f', '0');
INSERT INTO `oa_project_task` VALUES ('4028b88185725e400185725fc0b00004', '2023-01-02 20:05:56.016000', '4028b881857029f801857044e50d001b', '2023-01-02 20:07:05.527000', '4028b881857029f801857044e50d001b', '0', '7', '4028b88185725e400185725fc0b00003', '1');
INSERT INTO `oa_project_task` VALUES ('4028b881857264630185730d56fd0010', '2023-01-02 23:15:32.221000', '40288a8182a656740182a659f4d10001', NULL, NULL, '1', '33', '4028b881857029f801857040fa670019', '1');
INSERT INTO `oa_project_task` VALUES ('4028b881857b04b801857d395ee30074', '2023-01-04 22:39:49.987000', '40288a8182a656740182a659f4d10001', '2023-01-04 23:14:04.632000', '40288a8182a656740182a659f4d10001', '1', '333', '4028b881857b04b801857d395ee20073', '1');

-- ----------------------------
-- Table structure for page_api_param
-- ----------------------------
DROP TABLE IF EXISTS `page_api_param`;
CREATE TABLE `page_api_param`  (
  `id` varchar(50) CHARACTER SET utf8mb4 COLLATE utf8mb4_unicode_ci NOT NULL,
  `create_date` datetime(6) NULL DEFAULT NULL,
  `create_id` varchar(255) CHARACTER SET utf8mb4 COLLATE utf8mb4_unicode_ci NULL DEFAULT NULL,
  `modify_date` datetime(6) NULL DEFAULT NULL,
  `modify_id` varchar(255) CHARACTER SET utf8mb4 COLLATE utf8mb4_unicode_ci NULL DEFAULT NULL,
  `status` varchar(2) CHARACTER SET utf8mb4 COLLATE utf8mb4_unicode_ci NULL DEFAULT NULL,
  `page_component_prop_id` varchar(255) CHARACTER SET utf8mb4 COLLATE utf8mb4_unicode_ci NULL DEFAULT NULL,
  `param_name` varchar(255) CHARACTER SET utf8mb4 COLLATE utf8mb4_unicode_ci NULL DEFAULT NULL,
  `param_val` varchar(255) CHARACTER SET utf8mb4 COLLATE utf8mb4_unicode_ci NULL DEFAULT NULL,
  `source_type` varchar(255) CHARACTER SET utf8mb4 COLLATE utf8mb4_unicode_ci NULL DEFAULT NULL,
  PRIMARY KEY (`id`) USING BTREE
) ENGINE = InnoDB CHARACTER SET = utf8mb4 COLLATE = utf8mb4_unicode_ci ROW_FORMAT = DYNAMIC;

-- ----------------------------
-- Records of page_api_param
-- ----------------------------
INSERT INTO `page_api_param` VALUES ('4028b881855108dc0185516d7a4d0004', '2022-12-27 10:33:27.373000', NULL, '2023-01-02 09:52:15.839000', NULL, '1', '4028b881855108dc0185516d7a4d0003', 'code', 'numnum', 'fixed');
INSERT INTO `page_api_param` VALUES ('4028b881855b49d501855b6f658f0001', '2022-12-29 09:11:45.294000', '40288a8182a656740182a659f4d10001', '2023-01-02 19:45:41.368000', '4028b881857029f801857044e50d001b', '1', '4028b881855b49d501855b6f65890000', 'ids', 'avatar', 'field');
INSERT INTO `page_api_param` VALUES ('4028b8818566026a0185665398c60001', '2022-12-31 11:57:12.774000', '40288a8182a656740182a659f4d10001', NULL, NULL, '1', '4028b8818566026a0185665398c00000', 'menuCode', 'menuCode', 'field');
INSERT INTO `page_api_param` VALUES ('4028b881856b483e01856b4dd99d0001', '2023-01-01 11:09:02.236000', '40288a8182a656740182a659f4d10001', NULL, NULL, '1', '4028b881856b483e01856b4dd98b0000', 'formId', 'formId', 'field');
INSERT INTO `page_api_param` VALUES ('4028b881856b483e01856b4f3b5b0003', '2023-01-01 11:10:32.795000', '40288a8182a656740182a659f4d10001', NULL, NULL, '1', '4028b881856b483e01856b4f3b5b0002', 'formId', 'formId', 'field');
INSERT INTO `page_api_param` VALUES ('4028b881856b483e01856b4f3b680005', '2023-01-01 11:10:32.808000', '40288a8182a656740182a659f4d10001', NULL, NULL, '1', '4028b881856b483e01856b4f3b680004', 'formId', 'formId', 'field');
INSERT INTO `page_api_param` VALUES ('4028b881856b483e01856b53ce580008', '2023-01-01 11:15:32.568000', '40288a8182a656740182a659f4d10001', '2023-01-01 15:06:46.114000', '40288a8182a656740182a659f4d10001', '1', '4028b881856b483e01856b53ce580007', 'formId', 'formId', 'field');
INSERT INTO `page_api_param` VALUES ('4028b881856b483e01856b96a29f000c', '2023-01-01 12:28:32.287000', '40288a8182a656740182a659f4d10001', NULL, NULL, '0', '4028b881856b483e01856b95955a000b', 'formId', 'formId', 'field');
INSERT INTO `page_api_param` VALUES ('4028b881856b483e01856b96e7b1000d', '2023-01-01 12:28:49.969000', '40288a8182a656740182a659f4d10001', NULL, NULL, '1', '4028b881856b483e01856b95955a000b', 'formId', 'formId', 'field');
INSERT INTO `page_api_param` VALUES ('4028b881856c262401856c277ff40003', '2023-01-01 15:06:46.132000', '40288a8182a656740182a659f4d10001', NULL, NULL, '1', '4028b881856c262401856c277ff40002', 'formId', 'formId', 'field');
INSERT INTO `page_api_param` VALUES ('4028b881856c601401856da4d6540038', '2023-01-01 22:03:17.459000', '40288a8182a656740182a659f4d10001', '2023-01-02 22:13:11.932000', '40288a8182a656740182a659f4d10001', '1', '4028b881856c601401856da4d6530037', 'ids', 'sysFile_id', 'field');
INSERT INTO `page_api_param` VALUES ('4028b881856c601401856dfd94570046', '2023-01-01 23:40:13.271000', NULL, '2023-01-02 09:52:15.828000', NULL, '1', '4028b881856c601401856dfd94570045', 'code', 'totalMoney', 'fixed');
INSERT INTO `page_api_param` VALUES ('4028b881857029f801857034d10e000e', '2023-01-02 09:59:47.726000', NULL, '2023-01-08 09:18:20.104000', NULL, '1', '4028b881857029f801857034d10e000d', 'code', 'numnum', 'fixed');
INSERT INTO `page_api_param` VALUES ('4028b881857029f801857034d10e0012', '2023-01-02 09:59:47.726000', NULL, '2023-01-08 09:18:20.118000', NULL, '1', '4028b881857029f801857034d10e0011', 'code', 'totalMoney', 'fixed');
INSERT INTO `page_api_param` VALUES ('4028b881857029f801857034d10f0016', '2023-01-02 09:59:47.727000', NULL, '2023-01-08 09:18:20.076000', NULL, '1', '4028b881857029f801857034d10f0015', 'code', 'avg', 'fixed');
INSERT INTO `page_api_param` VALUES ('4028b8818575989b018576764e2a009a', '2023-01-03 15:09:02.890000', '40288a8182a656740182a659f4d10001', NULL, NULL, '1', '4028b8818575989b018576764e2a0099', 'menuCode', 'menuCode', 'field');
INSERT INTO `page_api_param` VALUES ('4028b8818575989b018576892c41009d', '2023-01-03 15:29:39.393000', '40288a8182a656740182a659f4d10001', '2023-01-04 22:31:52.972000', '40288a8182a656740182a659f4d10001', '1', '4028b8818575989b018576892c41009c', 'menuCode', 'menuCode', 'field');
INSERT INTO `page_api_param` VALUES ('4028b8818576b48b0185774af4be007d', '2023-01-03 19:01:19.166000', '40288a8182a656740182a659f4d10001', '2023-01-03 19:15:48.587000', '40288a8182a656740182a659f4d10001', '1', '4028b8818576b48b0185774af4be007c', 'formId', 'formId', 'field');
INSERT INTO `page_api_param` VALUES ('4028b8818576b48b0185774cd389007f', '2023-01-03 19:03:21.737000', '40288a8182a656740182a659f4d10001', NULL, NULL, '1', '4028b8818576b48b0185774cd389007e', 'formId', 'formId', 'field');
INSERT INTO `page_api_param` VALUES ('4028b8818576b48b0185774d371a0081', '2023-01-03 19:03:47.225000', '40288a8182a656740182a659f4d10001', NULL, NULL, '1', '4028b8818576b48b0185774d37190080', 'formId', 'formId', 'field');
INSERT INTO `page_api_param` VALUES ('4028b8818576b48b0185774edd430084', '2023-01-03 19:05:35.299000', '40288a8182a656740182a659f4d10001', NULL, NULL, '1', '4028b8818576b48b0185774edd430083', 'formId', 'formId', 'field');
INSERT INTO `page_api_param` VALUES ('4028b8818576b48b01857751abd60086', '2023-01-03 19:08:39.254000', '40288a8182a656740182a659f4d10001', '2023-01-03 21:27:50.847000', '40288a8182a656740182a659f4d10001', '1', '4028b8818576b48b01857751abd60085', 'formId', 'formId', 'field');
INSERT INTO `page_api_param` VALUES ('4028b88185776075018577d11b2a0001', '2023-01-03 21:27:50.825000', '40288a8182a656740182a659f4d10001', NULL, NULL, '1', '4028b88185776075018577d11b180000', 'formId', 'formId', 'field');
INSERT INTO `page_api_param` VALUES ('4028b88185776075018577ec02ba0003', '2023-01-03 21:57:14.042000', '40288a8182a656740182a659f4d10001', NULL, NULL, '1', '4028b88185776075018577ec02ba0002', 'formId', 'formId', 'field');
INSERT INTO `page_api_param` VALUES ('4028b881857760750185780335d80007', '2023-01-03 22:22:34.455000', '40288a8182a656740182a659f4d10001', '2023-01-03 22:30:43.407000', '40288a8182a656740182a659f4d10001', '1', '4028b881857760750185780335d70006', 'formId', 'formId', 'field');
INSERT INTO `page_api_param` VALUES ('4028b881857760750185780aabd50009', '2023-01-03 22:30:43.413000', '40288a8182a656740182a659f4d10001', NULL, NULL, '1', '4028b881857760750185780aabd50008', 'formId', 'formId', 'field');
INSERT INTO `page_api_param` VALUES ('4028b881857760750185780f18810018', '2023-01-03 22:35:33.376000', '40288a8182a656740182a659f4d10001', NULL, NULL, '1', '4028b881857760750185780f18800017', 'formId', 'formId', 'field');
INSERT INTO `page_api_param` VALUES ('4028b881857760750185780f80be001a', '2023-01-03 22:36:00.062000', '40288a8182a656740182a659f4d10001', NULL, NULL, '1', '4028b881857760750185780f80be0019', 'formId', 'formId', 'field');
INSERT INTO `page_api_param` VALUES ('4028b88185776075018578103dd1001d', '2023-01-03 22:36:48.465000', '40288a8182a656740182a659f4d10001', '2023-01-04 23:58:31.205000', '40288a8182a656740182a659f4d10001', '1', '4028b88185776075018578103dd1001c', 'formId', 'formId', 'field');
INSERT INTO `page_api_param` VALUES ('4028b88185776075018578103dd7001f', '2023-01-03 22:36:48.471000', '40288a8182a656740182a659f4d10001', '2023-01-04 23:58:31.218000', '40288a8182a656740182a659f4d10001', '1', '4028b88185776075018578103dd7001e', 'formId', 'formId', 'field');
INSERT INTO `page_api_param` VALUES ('4028b881857b04b801857d09c47e0003', '2023-01-04 21:47:50.270000', '40288a8182a656740182a659f4d10001', NULL, NULL, '1', '4028b881857b04b801857d09c47e0002', 'ids', 'avatar', 'field');
INSERT INTO `page_api_param` VALUES ('4028b881857b04b801857d39f3eb0076', '2023-01-04 22:40:28.139000', '40288a8182a656740182a659f4d10001', '2023-01-04 22:47:08.905000', '40288a8182a656740182a659f4d10001', '1', '4028b881857b04b801857d39f3eb0075', 'ids', 'sysFile_id', 'field');
INSERT INTO `page_api_param` VALUES ('4028b881858ef32901858f1f40380006', '2023-01-08 10:04:28.087000', NULL, NULL, NULL, '1', '4028b881858ef32901858f1f40370005', 'code', 'numnum', 'fixed');
INSERT INTO `page_api_param` VALUES ('4028b881858ef32901858f1f4039000b', '2023-01-08 10:04:28.089000', NULL, NULL, NULL, '1', '4028b881858ef32901858f1f4039000a', 'code', 'totalMoney', 'fixed');
INSERT INTO `page_api_param` VALUES ('4028b881858ef32901858f3839060012', '2023-01-08 10:31:44.646000', NULL, NULL, NULL, '1', '4028b881858ef32901858f3839060011', 'code', 'totalMoney', 'fixed');
INSERT INTO `page_api_param` VALUES ('4028b88185adc0f00185aef8c59f0004', '2023-01-14 14:30:17.246000', NULL, '2023-01-14 17:02:15.107000', NULL, '1', '4028b88185adc0f00185ae4d110f0002', 'pager.page', '1', 'fixed');
INSERT INTO `page_api_param` VALUES ('4028b88185adc0f00185af83e6440006', '2023-01-14 17:02:15.108000', NULL, NULL, NULL, '1', '4028b88185adc0f00185ae4d110f0002', 'pager.size', '12', 'fixed');
INSERT INTO `page_api_param` VALUES ('4028b88185adc0f00185b06341d70010', '2023-01-14 21:06:13.079000', NULL, NULL, NULL, '1', '4028b88185adc0f00185b06341d7000f', 'pager.page', '1', 'fixed');
INSERT INTO `page_api_param` VALUES ('4028b88185adc0f00185b06341d70011', '2023-01-14 21:06:13.079000', NULL, NULL, NULL, '1', '4028b88185adc0f00185b06341d7000f', 'pager.size', '12', 'fixed');
INSERT INTO `page_api_param` VALUES ('4028b88185adc0f00185b09d0a2e0029', '2023-01-14 22:09:19.918000', NULL, '2023-01-21 00:21:01.162000', NULL, '1', '4028b88185adc0f00185b09d0a2e0028', 'pager.page', '1', 'fixed');
INSERT INTO `page_api_param` VALUES ('4028b88185adc0f00185b09d0a2e002a', '2023-01-14 22:09:19.918000', NULL, '2023-01-21 00:21:01.163000', NULL, '1', '4028b88185adc0f00185b09d0a2e0028', 'pager.size', '8', 'fixed');
INSERT INTO `page_api_param` VALUES ('4028b88185c38a810185c5488e2e000a', '2023-01-18 22:29:04.685000', NULL, NULL, NULL, '1', '4028b88185c38a810185c5488e2d0009', 'pager.size', '12', 'fixed');
INSERT INTO `page_api_param` VALUES ('4028b88185c38a810185c5488e2e000b', '2023-01-18 22:29:04.686000', NULL, NULL, NULL, '1', '4028b88185c38a810185c5488e2d0009', 'pager.page', '1', 'fixed');

-- ----------------------------
-- Table structure for page_component
-- ----------------------------
DROP TABLE IF EXISTS `page_component`;
CREATE TABLE `page_component`  (
  `id` varchar(50) CHARACTER SET utf8mb4 COLLATE utf8mb4_unicode_ci NOT NULL,
  `create_date` datetime(6) NULL DEFAULT NULL,
  `create_id` varchar(255) CHARACTER SET utf8mb4 COLLATE utf8mb4_unicode_ci NULL DEFAULT NULL,
  `modify_date` datetime(6) NULL DEFAULT NULL,
  `modify_id` varchar(255) CHARACTER SET utf8mb4 COLLATE utf8mb4_unicode_ci NULL DEFAULT NULL,
  `status` varchar(2) CHARACTER SET utf8mb4 COLLATE utf8mb4_unicode_ci NULL DEFAULT NULL,
  `component` varchar(255) CHARACTER SET utf8mb4 COLLATE utf8mb4_unicode_ci NULL DEFAULT NULL,
  `h` varchar(255) CHARACTER SET utf8mb4 COLLATE utf8mb4_unicode_ci NULL DEFAULT NULL,
  `name` varchar(255) CHARACTER SET utf8mb4 COLLATE utf8mb4_unicode_ci NULL DEFAULT NULL,
  `page_key` varchar(255) CHARACTER SET utf8mb4 COLLATE utf8mb4_unicode_ci NULL DEFAULT NULL,
  `page_layout_id` varchar(255) CHARACTER SET utf8mb4 COLLATE utf8mb4_unicode_ci NULL DEFAULT NULL,
  `w` varchar(255) CHARACTER SET utf8mb4 COLLATE utf8mb4_unicode_ci NULL DEFAULT NULL,
  `x` varchar(255) CHARACTER SET utf8mb4 COLLATE utf8mb4_unicode_ci NULL DEFAULT NULL,
  `y` varchar(255) CHARACTER SET utf8mb4 COLLATE utf8mb4_unicode_ci NULL DEFAULT NULL,
  `module_id` varchar(255) CHARACTER SET utf8mb4 COLLATE utf8mb4_unicode_ci NULL DEFAULT NULL,
  `i` int(11) NULL DEFAULT NULL,
  `layout_top` bit(1) NULL DEFAULT NULL,
  PRIMARY KEY (`id`) USING BTREE
) ENGINE = InnoDB CHARACTER SET = utf8mb4 COLLATE = utf8mb4_unicode_ci ROW_FORMAT = DYNAMIC;

-- ----------------------------
-- Records of page_component
-- ----------------------------
INSERT INTO `page_component` VALUES ('4028b88185adc0f00185b096896d0016', '2023-01-14 22:02:13.741000', NULL, '2023-01-17 13:01:03.513000', NULL, '1', 'Header', '43', NULL, 'comp0', '4028b88185adc0f00185b096896d0015', '12', '0', '0', NULL, NULL, NULL);
INSERT INTO `page_component` VALUES ('4028b88185adc0f00185b09949d5001e', '2023-01-14 22:05:14.069000', NULL, '2023-01-29 19:51:33.886000', NULL, '1', NULL, '43', NULL, 'comp0', '4028b88185adc0f00185b09949d5001d', '12', '0', '0', '4028b88185adc0f00185b096896d0015', NULL, b'1');
INSERT INTO `page_component` VALUES ('4028b88185adc0f00185b09949d5001f', '2023-01-14 22:05:14.069000', NULL, NULL, NULL, '0', 'VfCarousel', '160', NULL, 'comp1', '4028b88185adc0f00185b09949d5001d', '12', '0', '43', NULL, NULL, NULL);
INSERT INTO `page_component` VALUES ('4028b88185adc0f00185b09a0e830020', '2023-01-14 22:06:04.418000', NULL, NULL, NULL, '0', 'VfCarousel', '160', NULL, 'comp1', '4028b88185adc0f00185b09949d5001d', '12', '0', '43', NULL, NULL, NULL);
INSERT INTO `page_component` VALUES ('4028b88185adc0f00185b09b2cb00022', '2023-01-14 22:07:17.680000', NULL, '2023-01-21 10:22:50.088000', NULL, '1', NULL, '43', NULL, 'comp0', '4028b88185adc0f00185b09b2cb00021', '12', '0', '0', '4028b88185adc0f00185b096896d0015', NULL, b'1');
INSERT INTO `page_component` VALUES ('4028b88185adc0f00185b09b2cb00023', '2023-01-14 22:07:17.680000', NULL, '2023-01-14 22:08:41.319000', NULL, '0', 'Price', '863', NULL, 'comp1', '4028b88185adc0f00185b09b2cb00021', '12', '0', '43', NULL, NULL, NULL);
INSERT INTO `page_component` VALUES ('4028b88185adc0f00185b09d0a2e0025', '2023-01-14 22:09:19.918000', NULL, '2023-01-21 00:21:01.152000', NULL, '1', NULL, '43', NULL, 'comp0', '4028b88185adc0f00185b09d0a2e0024', '12', '0', '0', '4028b88185adc0f00185b096896d0015', 1, b'1');
INSERT INTO `page_component` VALUES ('4028b88185adc0f00185b09d0a2e0026', '2023-01-14 22:09:19.918000', NULL, '2023-01-21 00:21:01.155000', NULL, '1', 'newPage', '477', NULL, 'comp1', '4028b88185adc0f00185b09d0a2e0024', '12', '0', '43', NULL, 0, b'0');
INSERT INTO `page_component` VALUES ('4028b88185b30e080185b3172d120001', '2023-01-15 09:41:58.674000', NULL, '2023-01-17 23:32:59.045000', NULL, '0', NULL, '43', NULL, 'comp0', '4028b88185b30e080185b3172d0c0000', '12', '0', '0', '4028b88185adc0f00185b096896d0015', NULL, NULL);
INSERT INTO `page_component` VALUES ('4028b88185b30e080185b3172d140002', '2023-01-15 09:41:58.676000', NULL, NULL, NULL, '0', 'VfCarousel', '160', NULL, 'comp1', '4028b88185b30e080185b3172d0c0000', '12', '0', '43', NULL, NULL, NULL);
INSERT INTO `page_component` VALUES ('4028b88185b566730185b5f5cc140000', '2023-01-15 23:04:22.791000', NULL, '2023-01-29 19:51:33.635000', NULL, '1', 'VfCarousel', '160', NULL, 'comp1', '4028b88185adc0f00185b09949d5001d', '12', '0', '43', NULL, NULL, b'0');
INSERT INTO `page_component` VALUES ('4028b88185b566730185b60b51490001', '2023-01-15 23:27:53.161000', NULL, '2023-01-21 10:22:50.068000', NULL, '1', 'Price', '863', NULL, 'comp1', '4028b88185adc0f00185b09b2cb00021', '12', '0', '43', NULL, NULL, b'0');
INSERT INTO `page_component` VALUES ('4028b88185bd802f0185c006ee2c0001', '2023-01-17 21:59:17.804000', NULL, NULL, NULL, '0', 'VfCarousel', '160', NULL, 'comp1', '4028b88185b30e080185b3172d0c0000', '12', '0', '44', NULL, NULL, NULL);
INSERT INTO `page_component` VALUES ('4028b88185bd802f0185c00768b20002', '2023-01-17 21:59:49.170000', NULL, '2023-01-17 23:32:59.026000', NULL, '0', 'VfCarousel', '160', NULL, 'comp1', '4028b88185b30e080185b3172d0c0000', '12', '0', '44', NULL, NULL, NULL);
INSERT INTO `page_component` VALUES ('4028b88185c02b5e0185c05e6f070001', '2023-01-17 23:34:52.422000', NULL, '2023-01-18 15:10:17.144000', NULL, '0', 'VfCarousel', '160', NULL, 'comp0', '4028b88185c02b5e0185c05e6efe0000', '12', '0', '5', NULL, 40, NULL);
INSERT INTO `page_component` VALUES ('4028b88185c02b5e0185c05e6f070002', '2023-01-17 23:34:52.423000', NULL, '2023-01-18 15:10:17.141000', NULL, '0', 'Header', '42', NULL, 'comp1', '4028b88185c02b5e0185c05e6efe0000', '12', '0', '173', NULL, 40, NULL);
INSERT INTO `page_component` VALUES ('4028b88185c38a810185c3ca1aed0001', '2023-01-18 15:31:20.429000', NULL, '2023-01-18 18:02:46.470000', NULL, '0', 'VfCarousel', '160', NULL, 'comp0', '4028b88185c02b5e0185c05e6efe0000', '12', '0', '1', NULL, 30, NULL);
INSERT INTO `page_component` VALUES ('4028b88185c38a810185c3ca1aed0002', '2023-01-18 15:31:20.429000', NULL, '2023-01-18 15:32:03.162000', NULL, '0', 'Header', '42', NULL, 'comp1', '4028b88185c02b5e0185c05e6efe0000', '12', '0', '161', NULL, NULL, NULL);
INSERT INTO `page_component` VALUES ('4028b88185c38a810185c3e99cae0003', '2023-01-18 16:05:45.262000', NULL, '2023-01-18 18:02:46.467000', NULL, '0', NULL, '43', NULL, 'comp1', '4028b88185c02b5e0185c05e6efe0000', '12', '0', '0', '4028b88185adc0f00185b096896d0015', 40, NULL);
INSERT INTO `page_component` VALUES ('4028b88185c38a810185c4a6098d0004', '2023-01-18 19:31:33.901000', NULL, '2023-01-18 19:50:01.049000', NULL, '0', 'Header', '42', NULL, 'comp0', '4028b88185c02b5e0185c05e6efe0000', '12', '0', '0', NULL, NULL, NULL);
INSERT INTO `page_component` VALUES ('4028b88185c38a810185c528b5570007', '2023-01-18 21:54:17.559000', NULL, '2023-01-20 23:36:44.529000', NULL, '1', 'Header', '42', NULL, 'comp0', '4028b88185c02b5e0185c05e6efe0000', '12', '0', '863', NULL, 6, b'1');
INSERT INTO `page_component` VALUES ('4028b88185c38a810185c575d356000d', '2023-01-18 23:18:31.510000', NULL, '2023-01-18 23:28:32.335000', NULL, '0', 'Price', '863', NULL, 'comp1', '4028b88185c02b5e0185c05e6efe0000', '12', '0', '43', NULL, NULL, NULL);
INSERT INTO `page_component` VALUES ('4028b88185c77e850185c7ff16db0000', '2023-01-19 11:07:41.654000', NULL, '2023-01-20 23:36:44.525000', NULL, '1', 'Price', '863', NULL, 'comp1', '4028b88185c02b5e0185c05e6efe0000', '12', '0', '0', NULL, NULL, b'0');
INSERT INTO `page_component` VALUES ('4028b88185f32b720185f32d3a090000', '2023-01-27 20:21:45.598000', NULL, NULL, NULL, '0', 'Header', '42', NULL, 'comp0', '4028b88185b30e080185b3172d0c0000', '12', '0', '0', NULL, NULL, b'0');
INSERT INTO `page_component` VALUES ('4028b88185f32b720185f334c6ad0001', '2023-01-27 20:30:00.365000', NULL, NULL, NULL, '0', 'VfCarousel', '190', NULL, 'comp0', '4028b88185b30e080185b3172d0c0000', '12', '0', '0', NULL, NULL, b'0');
INSERT INTO `page_component` VALUES ('4028b88185f32b720185f3376fcc0003', '2023-01-27 20:32:54.732000', NULL, '2023-01-27 20:36:04.504000', NULL, '0', 'Header', '43', NULL, 'comp0', '4028b88185b30e080185b3172d0c0000', '12', '0', '190', NULL, NULL, b'0');
INSERT INTO `page_component` VALUES ('4028b88185f32b720185f3376fcc0004', '2023-01-27 20:32:54.732000', NULL, '2023-01-27 20:36:04.520000', NULL, '0', 'VfCarousel', '190', NULL, 'comp1', '4028b88185b30e080185b3172d0c0000', '12', '0', '0', NULL, NULL, b'0');
INSERT INTO `page_component` VALUES ('4028b88185f32b720185f34b64390005', '2023-01-27 20:54:42.489000', NULL, NULL, NULL, '1', 'Echart', '130', NULL, 'comp0', '4028b88185b30e080185b3172d0c0000', '12', '0', '0', NULL, NULL, b'0');

-- ----------------------------
-- Table structure for page_component_prop
-- ----------------------------
DROP TABLE IF EXISTS `page_component_prop`;
CREATE TABLE `page_component_prop`  (
  `id` varchar(50) CHARACTER SET utf8mb4 COLLATE utf8mb4_unicode_ci NOT NULL,
  `create_date` datetime(6) NULL DEFAULT NULL,
  `create_id` varchar(255) CHARACTER SET utf8mb4 COLLATE utf8mb4_unicode_ci NULL DEFAULT NULL,
  `modify_date` datetime(6) NULL DEFAULT NULL,
  `modify_id` varchar(255) CHARACTER SET utf8mb4 COLLATE utf8mb4_unicode_ci NULL DEFAULT NULL,
  `status` varchar(2) CHARACTER SET utf8mb4 COLLATE utf8mb4_unicode_ci NULL DEFAULT NULL,
  `page_component_id` varchar(255) CHARACTER SET utf8mb4 COLLATE utf8mb4_unicode_ci NULL DEFAULT NULL,
  `prop_name` varchar(255) CHARACTER SET utf8mb4 COLLATE utf8mb4_unicode_ci NULL DEFAULT NULL,
  `prop_val` varchar(255) CHARACTER SET utf8mb4 COLLATE utf8mb4_unicode_ci NULL DEFAULT NULL,
  `source_type` varchar(255) CHARACTER SET utf8mb4 COLLATE utf8mb4_unicode_ci NULL DEFAULT NULL,
  `list_no` int(11) NULL DEFAULT NULL,
  `sub_name` varchar(255) CHARACTER SET utf8mb4 COLLATE utf8mb4_unicode_ci NULL DEFAULT NULL,
  `api_method` varchar(255) CHARACTER SET utf8mb4 COLLATE utf8mb4_unicode_ci NULL DEFAULT NULL,
  `form_field_id` varchar(255) CHARACTER SET utf8mb4 COLLATE utf8mb4_unicode_ci NULL DEFAULT NULL,
  PRIMARY KEY (`id`) USING BTREE
) ENGINE = InnoDB CHARACTER SET = utf8mb4 COLLATE = utf8mb4_unicode_ci ROW_FORMAT = DYNAMIC;

-- ----------------------------
-- Records of page_component_prop
-- ----------------------------
INSERT INTO `page_component_prop` VALUES ('4028b881855108dc0185516d7a4c0001', '2022-12-27 10:33:27.372000', NULL, '2023-01-02 09:52:15.841000', NULL, '1', NULL, 'title', '1232222', 'fixed', NULL, NULL, NULL, NULL);
INSERT INTO `page_component_prop` VALUES ('4028b881855108dc0185516d7a4c0002', '2022-12-27 10:33:27.372000', NULL, '2023-01-02 09:52:15.844000', NULL, '1', NULL, 'info', '2', 'fixed', NULL, 'title', NULL, NULL);
INSERT INTO `page_component_prop` VALUES ('4028b881855108dc0185516d7a4d0003', '2022-12-27 10:33:27.373000', NULL, '2023-01-02 09:52:15.836000', NULL, '1', NULL, 'info', 'total', 'api', NULL, 'total', NULL, NULL);
INSERT INTO `page_component_prop` VALUES ('4028b881855108dc018551d8a7cd0005', '2022-12-27 12:30:31.373000', '40288a8182a656740182a659f4d10001', NULL, NULL, '1', NULL, 'datas', 'DELETE_TYPE', 'dict', NULL, NULL, NULL, NULL);
INSERT INTO `page_component_prop` VALUES ('4028b881855108dc01855233c5360006', '2022-12-27 14:10:02.678000', '40288a8182a656740182a659f4d10001', '2022-12-27 16:59:03.273000', '40288a8182a656740182a659f4d10001', '1', NULL, 'datas', 'GROUP_SCOPE', 'dict', NULL, NULL, NULL, NULL);
INSERT INTO `page_component_prop` VALUES ('4028b881855108dc018552672f830007', '2022-12-27 15:06:12.226000', '40288a8182a656740182a659f4d10001', '2023-01-01 11:16:57.588000', '40288a8182a656740182a659f4d10001', '1', NULL, 'optionList', 'form', 'table', NULL, NULL, NULL, NULL);
INSERT INTO `page_component_prop` VALUES ('4028b881855625fb01855628e4120000', '2022-12-28 08:36:38.059000', '40288a8182a656740182a659f4d10001', NULL, NULL, '1', NULL, 'optionList', 'USER_TYPE', 'dict', NULL, NULL, NULL, NULL);
INSERT INTO `page_component_prop` VALUES ('4028b881855625fb0185562959d10001', '2022-12-28 08:37:08.689000', '40288a8182a656740182a659f4d10001', '2023-01-02 19:45:41.380000', '4028b881857029f801857044e50d001b', '1', NULL, 'optionList', 'USER_TYPE', 'dict', NULL, NULL, NULL, '40288a8183b52a1f0183b62ce8a7000c');
INSERT INTO `page_component_prop` VALUES ('4028b881855625fb018556d776830002', '2022-12-28 11:47:19.298000', '40288a8182a656740182a659f4d10001', '2022-12-28 21:51:31.383000', '40288a8182a656740182a659f4d10001', '1', NULL, 'datas', 'USER_TYPE', 'dict', NULL, NULL, NULL, '40288a8183b52a1f0183b82b6f440027');
INSERT INTO `page_component_prop` VALUES ('4028b881855625fb018558c97af40003', '2022-12-28 20:51:17.364000', '40288a8182a656740182a659f4d10001', '2022-12-28 21:51:31.387000', '40288a8182a656740182a659f4d10001', '1', NULL, 'datas', 'orgTree', 'api', NULL, NULL, NULL, '40288a8183b52a1f0183b82b6f440029');
INSERT INTO `page_component_prop` VALUES ('4028b881855625fb01855900a03f0005', '2022-12-28 21:51:31.390000', '40288a8182a656740182a659f4d10001', NULL, NULL, '1', NULL, 'datas', 'deptTree', 'api', NULL, NULL, NULL, '40288a8183b52a1f0183b82b6f44002a');
INSERT INTO `page_component_prop` VALUES ('4028b881855625fb01855930bc3c0006', '2022-12-28 22:44:04.284000', '40288a8182a656740182a659f4d10001', '2023-01-02 19:45:41.387000', '4028b881857029f801857044e50d001b', '1', NULL, 'datas', 'orgTree', 'api', NULL, NULL, NULL, '40288a8183b52a1f0183b62ce8a7000e');
INSERT INTO `page_component_prop` VALUES ('4028b881855b49d501855b6f65890000', '2022-12-29 09:11:45.274000', '40288a8182a656740182a659f4d10001', '2023-01-02 19:45:41.355000', '4028b881857029f801857044e50d001b', '1', NULL, 'datas', 'sysFileDetails', 'api', NULL, NULL, NULL, '4028b88184efb2f70184efb31e840000');
INSERT INTO `page_component_prop` VALUES ('4028b881855b49d501855c847b410004', '2022-12-29 14:14:24.321000', '40288a8182a656740182a659f4d10001', NULL, NULL, '1', NULL, 'datas', 'areaTree', 'api', NULL, NULL, NULL, NULL);
INSERT INTO `page_component_prop` VALUES ('4028b881855b49d501855c84c99a0005', '2022-12-29 14:14:44.378000', '40288a8182a656740182a659f4d10001', NULL, NULL, '1', NULL, 'datas', 'areaTree', 'api', NULL, NULL, NULL, '40288a8183c0cc550183c1438d380019');
INSERT INTO `page_component_prop` VALUES ('4028b881855b49d501855c84c99e0006', '2022-12-29 14:14:44.382000', '40288a8182a656740182a659f4d10001', NULL, NULL, '1', NULL, 'optionList', 'AREA_LEVEL', 'dict', NULL, NULL, NULL, '40288a8183c0cc550183c1438d38001a');
INSERT INTO `page_component_prop` VALUES ('4028b881855b49d501855c855c180007', '2022-12-29 14:15:21.870000', '40288a8182a656740182a659f4d10001', NULL, NULL, '1', NULL, 'datas', 'AREA_LEVEL', 'dict', NULL, NULL, NULL, '40288a8183b52a1f0183b58e064d0003');
INSERT INTO `page_component_prop` VALUES ('4028b881855b49d501855c855c210008', '2022-12-29 14:15:21.888000', '40288a8182a656740182a659f4d10001', NULL, NULL, '1', NULL, 'datas', 'areaTree', 'api', NULL, NULL, NULL, '40288a8183b52a1f0183b58e064d0004');
INSERT INTO `page_component_prop` VALUES ('4028b881855b49d501855cee187f000a', '2022-12-29 16:09:45.855000', '40288a8182a656740182a659f4d10001', NULL, NULL, '1', NULL, 'optionList', 'GROUP_SCOPE', 'dict', NULL, NULL, NULL, '40288a8184141b990184143074d10003');
INSERT INTO `page_component_prop` VALUES ('4028b881855b49d501855cf23e1a000b', '2022-12-29 16:14:17.626000', '40288a8182a656740182a659f4d10001', NULL, NULL, '1', NULL, 'optionList', 'GROUP_SCOPE', 'dict', NULL, NULL, NULL, '40288a8183ac169d0183ac1b8f2e000b');
INSERT INTO `page_component_prop` VALUES ('4028b881855dade601855e1a22bd0000', '2022-12-29 21:37:29.273000', '40288a8182a656740182a659f4d10001', '2022-12-29 21:48:06.325000', '40288a8182a656740182a659f4d10001', '1', NULL, 'datas', 'sysFilterSelect', 'api', NULL, NULL, NULL, '40288a8183b52a1f0183bb616fef0034');
INSERT INTO `page_component_prop` VALUES ('4028b881855dade601855e32d73c0001', '2022-12-29 22:04:28.347000', '40288a8182a656740182a659f4d10001', NULL, NULL, '1', NULL, 'datas', 'roleAllResources', 'api', NULL, NULL, NULL, '40288a8183ac169d0183ac18c9be0004');
INSERT INTO `page_component_prop` VALUES ('4028b8818560a29201856219c8530022', '2022-12-30 16:15:34.995000', '40288a8182a656740182a659f4d10001', '2022-12-30 16:16:04.192000', '40288a8182a656740182a659f4d10001', '1', NULL, 'datas', 'orgTree', 'api', NULL, NULL, NULL, '40288a8183b52a1f0183b7fd1d44001b');
INSERT INTO `page_component_prop` VALUES ('4028b8818560a29201856219c8580023', '2022-12-30 16:15:34.999000', '40288a8182a656740182a659f4d10001', '2022-12-30 16:16:04.207000', '40288a8182a656740182a659f4d10001', '1', NULL, 'optionList', 'ORG_TYPE', 'dict', NULL, NULL, NULL, '40288a8183b52a1f0183b7fd1d44001c');
INSERT INTO `page_component_prop` VALUES ('4028b8818560a2920185621a3a730024', '2022-12-30 16:16:04.211000', '40288a8182a656740182a659f4d10001', NULL, NULL, '1', NULL, 'datas', 'areaTree', 'api', NULL, NULL, NULL, '40288a8183b52a1f0183b7fd1d44001d');
INSERT INTO `page_component_prop` VALUES ('4028b8818560a2920185621b487d0026', '2022-12-30 16:17:13.340000', '40288a8182a656740182a659f4d10001', NULL, NULL, '1', NULL, 'datas', 'ORG_TYPE', 'dict', NULL, NULL, NULL, '40288a8183ac60510183b31ce4910002');
INSERT INTO `page_component_prop` VALUES ('4028b8818560a2920185621b48820027', '2022-12-30 16:17:13.346000', '40288a8182a656740182a659f4d10001', NULL, NULL, '1', NULL, 'datas', 'areaTree', 'api', NULL, NULL, NULL, '40288a8183ac60510183b31ce4910003');
INSERT INTO `page_component_prop` VALUES ('4028b8818560a2920185621b48870028', '2022-12-30 16:17:13.350000', '40288a8182a656740182a659f4d10001', NULL, NULL, '1', NULL, 'datas', 'orgTree', 'api', NULL, NULL, NULL, '40288a8183ac60510183b31ce4910004');
INSERT INTO `page_component_prop` VALUES ('4028b8818560a2920185623e692e0029', '2022-12-30 16:55:35.470000', '40288a8182a656740182a659f4d10001', NULL, NULL, '1', NULL, 'datas', 'deptTree', 'api', NULL, NULL, NULL, '40288a8183a71aad0183a749c8ce0002');
INSERT INTO `page_component_prop` VALUES ('4028b8818560a2920185623ee517002a', '2022-12-30 16:56:07.191000', '40288a8182a656740182a659f4d10001', NULL, NULL, '1', NULL, 'datas', 'deptTree', 'api', NULL, NULL, NULL, '40288a8183f3a6bc0183f4425f380003');
INSERT INTO `page_component_prop` VALUES ('4028b8818560a2920185623ee51a002b', '2022-12-30 16:56:07.194000', '40288a8182a656740182a659f4d10001', NULL, NULL, '1', NULL, 'datas', 'orgTree', 'api', NULL, NULL, NULL, '40288a8183f3a6bc0183f4425f380004');
INSERT INTO `page_component_prop` VALUES ('4028b8818560a292018562d21caf002d', '2022-12-30 19:36:55.214000', '40288a8182a656740182a659f4d10001', '2022-12-31 11:57:12.719000', '40288a8182a656740182a659f4d10001', '1', NULL, 'optionList', 'SYSRESOURCES_TYPE', 'dict', NULL, NULL, NULL, '40288a8183a6aeb80183a6df25c10007');
INSERT INTO `page_component_prop` VALUES ('4028b8818560a292018562d63197002e', '2022-12-30 19:41:22.711000', '40288a8182a656740182a659f4d10001', '2022-12-30 20:21:11.607000', '40288a8182a656740182a659f4d10001', '1', NULL, 'optionList', NULL, 'table', NULL, NULL, NULL, NULL);
INSERT INTO `page_component_prop` VALUES ('4028b8818560a292018562e03c51002f', '2022-12-30 19:52:20.816000', '40288a8182a656740182a659f4d10001', '2022-12-31 10:52:58.177000', '40288a8182a656740182a659f4d10001', '1', NULL, 'datas', 'resourcesListAll', 'api', NULL, NULL, NULL, NULL);
INSERT INTO `page_component_prop` VALUES ('4028b8818560a292018562ff75df0030', '2022-12-30 20:26:27.167000', '40288a8182a656740182a659f4d10001', '2022-12-31 11:57:12.736000', '40288a8182a656740182a659f4d10001', '1', NULL, 'optionList', 'listMenu', 'api', NULL, NULL, NULL, '40288a8183a6aeb80183a6df25c2000d');
INSERT INTO `page_component_prop` VALUES ('4028b8818566026a0185665398c00000', '2022-12-31 11:57:12.742000', '40288a8182a656740182a659f4d10001', NULL, NULL, '1', NULL, 'optionList', 'resourcesListAll', 'api', NULL, NULL, NULL, '40288a8183a6aeb80183a6df25c2000c');
INSERT INTO `page_component_prop` VALUES ('4028b8818566026a018568801a950002', '2022-12-31 22:05:04.021000', '40288a8182a656740182a659f4d10001', '2022-12-31 22:06:09.933000', '40288a8182a656740182a659f4d10001', '1', NULL, 'datas', 'SYSRESOURCES_TYPE', 'dict', NULL, NULL, NULL, '40288a8183a71aad0183a7591c1b0005');
INSERT INTO `page_component_prop` VALUES ('4028b8818566026a01856882aab50003', '2022-12-31 22:07:51.989000', '40288a8182a656740182a659f4d10001', NULL, NULL, '1', NULL, 'optionList', 'formListALl', 'api', NULL, NULL, NULL, NULL);
INSERT INTO `page_component_prop` VALUES ('4028b8818566026a01856890c0940004', '2022-12-31 22:23:15.092000', '40288a8182a656740182a659f4d10001', NULL, NULL, '1', NULL, 'optionList', 'formListALl', 'api', NULL, NULL, NULL, '40288a8184419a01018441ee26b9004e');
INSERT INTO `page_component_prop` VALUES ('4028b8818566026a01856890c0980005', '2022-12-31 22:23:15.096000', '40288a8182a656740182a659f4d10001', NULL, NULL, '1', NULL, 'datas', 'formId', 'field', NULL, NULL, NULL, '40288a8184419a01018441ee26b9004f');
INSERT INTO `page_component_prop` VALUES ('4028b8818568cd52018568d1eb930000', '2022-12-31 23:34:25.936000', '40288a8182a656740182a659f4d10001', '2023-01-01 11:10:32.788000', '40288a8182a656740182a659f4d10001', '1', NULL, 'optionList', 'formListALl', 'api', NULL, NULL, NULL, '40288a81844a8d7101844a8e65230000');
INSERT INTO `page_component_prop` VALUES ('4028b8818568cd52018568d3b06b0001', '2022-12-31 23:36:21.867000', '40288a8182a656740182a659f4d10001', NULL, NULL, '1', NULL, 'optionList', 'sysDict', 'table', NULL, NULL, NULL, NULL);
INSERT INTO `page_component_prop` VALUES ('4028b8818568cd52018568d3b06f0002', '2022-12-31 23:36:21.871000', '40288a8182a656740182a659f4d10001', NULL, NULL, '1', NULL, 'optionList', 'ITEM_FUNC', 'dict', NULL, NULL, NULL, NULL);
INSERT INTO `page_component_prop` VALUES ('4028b8818568cd52018568d3d7c20003', '2022-12-31 23:36:31.937000', '40288a8182a656740182a659f4d10001', NULL, NULL, '1', NULL, 'optionList', NULL, 'table', NULL, NULL, NULL, NULL);
INSERT INTO `page_component_prop` VALUES ('4028b8818568cd52018568d3d7ca0004', '2022-12-31 23:36:31.946000', '40288a8182a656740182a659f4d10001', '2023-01-01 11:10:32.802000', '40288a8182a656740182a659f4d10001', '1', NULL, 'optionList', 'ITEM_FUNC', 'dict', NULL, NULL, NULL, '40288a8184419a010184419ae8fa0006');
INSERT INTO `page_component_prop` VALUES ('4028b881856b483e01856b4dd98b0000', '2023-01-01 11:09:02.210000', '40288a8182a656740182a659f4d10001', NULL, NULL, '1', NULL, 'optionList', 'formFieldListAll', 'api', NULL, NULL, NULL, NULL);
INSERT INTO `page_component_prop` VALUES ('4028b881856b483e01856b4f3b5b0002', '2023-01-01 11:10:32.795000', '40288a8182a656740182a659f4d10001', NULL, NULL, '1', NULL, 'optionList', 'formFieldListAll', 'api', NULL, NULL, NULL, '40288a8184419a010184419ae8fb0008');
INSERT INTO `page_component_prop` VALUES ('4028b881856b483e01856b4f3b680004', '2023-01-01 11:10:32.808000', '40288a8182a656740182a659f4d10001', NULL, NULL, '1', NULL, 'optionList', 'formConditionListAll', 'api', NULL, NULL, NULL, '40288a8184419a010184419ae8fb0009');
INSERT INTO `page_component_prop` VALUES ('4028b881856b483e01856b51c07c0006', '2023-01-01 11:13:17.948000', '40288a8182a656740182a659f4d10001', NULL, NULL, '1', NULL, 'optionList', 'formListALl', 'api', NULL, NULL, NULL, '40288a8184419a01018441f38a520059');
INSERT INTO `page_component_prop` VALUES ('4028b881856b483e01856b53ce580007', '2023-01-01 11:15:32.567000', '40288a8182a656740182a659f4d10001', '2023-01-01 15:06:46.112000', '40288a8182a656740182a659f4d10001', '1', NULL, 'optionList', 'reportItemListAll', 'api', NULL, NULL, NULL, '40288a818452c285018455b291170033');
INSERT INTO `page_component_prop` VALUES ('4028b881856b483e01856b9466070009', '2023-01-01 12:26:05.703000', '40288a8182a656740182a659f4d10001', NULL, NULL, '1', NULL, 'optionList', 'formListALl', 'api', NULL, NULL, NULL, NULL);
INSERT INTO `page_component_prop` VALUES ('4028b881856b483e01856b959553000a', '2023-01-01 12:27:23.347000', '40288a8182a656740182a659f4d10001', '2023-01-01 15:06:46.107000', '40288a8182a656740182a659f4d10001', '1', NULL, 'optionList', 'formListALl', 'api', NULL, NULL, NULL, '40288a818452c285018455b291160032');
INSERT INTO `page_component_prop` VALUES ('4028b881856b483e01856b95955a000b', '2023-01-01 12:27:23.354000', '40288a8182a656740182a659f4d10001', '2023-01-01 12:28:49.960000', '40288a8182a656740182a659f4d10001', '1', NULL, 'optionList', 'reportItemListAll', 'api', NULL, NULL, NULL, NULL);
INSERT INTO `page_component_prop` VALUES ('4028b881856b483e01856b9905d7000e', '2023-01-01 12:31:08.759000', '40288a8182a656740182a659f4d10001', NULL, NULL, '1', NULL, 'optionList', 'formListALl', 'api', NULL, NULL, NULL, '4028b88184aee3c20184aee821c90002');
INSERT INTO `page_component_prop` VALUES ('4028b881856b483e01856c1f4074000f', '2023-01-01 14:57:45.588000', '40288a8182a656740182a659f4d10001', '2023-01-01 16:56:53.383000', '40288a8182a656740182a659f4d10001', '1', NULL, 'datas', 'KPformReportItemPageSelect', 'api', NULL, NULL, NULL, '40288a818448532001844853b8240004');
INSERT INTO `page_component_prop` VALUES ('4028b881856c262401856c272c390001', '2023-01-01 15:06:24.697000', '40288a8182a656740182a659f4d10001', NULL, NULL, '1', NULL, 'optionList', 'reportItemListAll', 'api', NULL, NULL, NULL, NULL);
INSERT INTO `page_component_prop` VALUES ('4028b881856c262401856c277ff40002', '2023-01-01 15:06:46.132000', '40288a8182a656740182a659f4d10001', NULL, NULL, '1', NULL, 'optionList', 'reportItemListAll', 'api', NULL, NULL, NULL, '4028b881856c262401856c268a8a0000');
INSERT INTO `page_component_prop` VALUES ('4028b881856c601401856c636d0c0000', '2023-01-01 16:12:13.448000', '40288a8182a656740182a659f4d10001', NULL, NULL, '1', NULL, 'datas', 'formReportKpiPageSelect', 'api', NULL, NULL, NULL, NULL);
INSERT INTO `page_component_prop` VALUES ('4028b881856c601401856c8981050001', '2023-01-01 16:53:48.933000', '40288a8182a656740182a659f4d10001', '2023-01-01 16:56:53.387000', '40288a8182a656740182a659f4d10001', '1', NULL, 'datas', 'formReportKpiPageSelect', 'api', NULL, NULL, NULL, '40288a818448532001844853b8240005');
INSERT INTO `page_component_prop` VALUES ('4028b881856c601401856c8981050002', '2023-01-01 16:53:48.933000', '40288a8182a656740182a659f4d10001', '2023-01-01 16:56:53.388000', '40288a8182a656740182a659f4d10001', '1', NULL, 'selectType', 'more', 'fixed', NULL, NULL, NULL, '40288a818448532001844853b8240005');
INSERT INTO `page_component_prop` VALUES ('4028b881856c601401856c8b5a120003', '2023-01-01 16:55:50.034000', '40288a8182a656740182a659f4d10001', '2023-01-01 16:56:53.381000', '40288a8182a656740182a659f4d10001', '1', NULL, 'selectType', 'more', 'fixed', NULL, NULL, NULL, '40288a818448532001844853b8240004');
INSERT INTO `page_component_prop` VALUES ('4028b881856c601401856d904d3e0031', '2023-01-01 21:40:51.646000', '40288a8182a656740182a659f4d10001', '2023-01-01 21:41:55.224000', '40288a8182a656740182a659f4d10001', '1', NULL, 'optionList', 'PROJECT_STATE', 'dict', NULL, NULL, NULL, '40288a8184022597018405415ef70005');
INSERT INTO `page_component_prop` VALUES ('4028b881856c601401856d9216aa0032', '2023-01-01 21:42:48.746000', '40288a8182a656740182a659f4d10001', '2023-01-01 21:47:50.001000', '40288a8182a656740182a659f4d10001', '1', NULL, 'datas', 'PROJECT_STATE', 'dict', NULL, NULL, NULL, '40288a8183bf80750183bf839d4e0002');
INSERT INTO `page_component_prop` VALUES ('4028b881856c601401856d96af7b0033', '2023-01-01 21:47:50.010000', '40288a8182a656740182a659f4d10001', NULL, NULL, '1', NULL, 'datas', 'deptTree', 'api', NULL, NULL, NULL, '40288a8183bf80750183bf839d4e0005');
INSERT INTO `page_component_prop` VALUES ('4028b881856c601401856d96af860034', '2023-01-01 21:47:50.021000', '40288a8182a656740182a659f4d10001', NULL, NULL, '1', NULL, 'datas', 'orgTree', 'api', NULL, NULL, NULL, '40288a8183bf80750183bf839d4e0006');
INSERT INTO `page_component_prop` VALUES ('4028b881856c601401856d96af8b0035', '2023-01-01 21:47:50.027000', '40288a8182a656740182a659f4d10001', NULL, NULL, '1', NULL, 'datas', 'areaTree', 'api', NULL, NULL, NULL, '40288a8183bf80750183bf839d4f0007');
INSERT INTO `page_component_prop` VALUES ('4028b881856c601401856da4d64a0036', '2023-01-01 22:03:17.450000', '40288a8182a656740182a659f4d10001', '2023-01-02 22:13:11.888000', '40288a8182a656740182a659f4d10001', '1', NULL, 'optionList', 'PROJECT_STATE', 'dict', NULL, NULL, NULL, '40288a81840d42f001840d57fb4a0006');
INSERT INTO `page_component_prop` VALUES ('4028b881856c601401856da4d6530037', '2023-01-01 22:03:17.459000', '40288a8182a656740182a659f4d10001', '2023-01-02 22:13:11.925000', '40288a8182a656740182a659f4d10001', '1', NULL, 'datas', 'sysFileDetails', 'api', NULL, NULL, NULL, '4028b88184a842710184a84290150000');
INSERT INTO `page_component_prop` VALUES ('4028b881856c601401856dd571e2003a', '2023-01-01 22:56:23.010000', '40288a8182a656740182a659f4d10001', '2023-01-01 23:37:05.648000', '40288a8182a656740182a659f4d10001', '1', NULL, 'optionList', 'STATUS', 'dict', NULL, NULL, NULL, '40288a81840df15c01840e00abab0003');
INSERT INTO `page_component_prop` VALUES ('4028b881856c601401856df3fe9b003d', '2023-01-01 23:29:45.115000', '40288a8182a656740182a659f4d10001', '2023-01-02 22:13:11.906000', '40288a8182a656740182a659f4d10001', '1', NULL, 'type', 'type', 'sys', NULL, NULL, NULL, '40288a81840d42f001840d57fb4b0008');
INSERT INTO `page_component_prop` VALUES ('4028b881856c601401856dfd94570043', '2023-01-01 23:40:13.271000', NULL, '2023-01-02 09:52:15.806000', NULL, '1', NULL, 'infos', '222', 'fixed', 1, 'title', NULL, NULL);
INSERT INTO `page_component_prop` VALUES ('4028b881856c601401856dfd94570044', '2023-01-01 23:40:13.271000', NULL, '2023-01-02 09:52:15.821000', NULL, '1', NULL, 'infos', 'IconBrackets', 'fixed', 1, 'icon', NULL, NULL);
INSERT INTO `page_component_prop` VALUES ('4028b881856c601401856dfd94570045', '2023-01-01 23:40:13.271000', NULL, '2023-01-02 09:52:15.824000', NULL, '1', NULL, 'infos', 'total', 'api', 1, 'total', NULL, NULL);
INSERT INTO `page_component_prop` VALUES ('4028b881857029f80185702dec020001', '2023-01-02 09:52:15.874000', NULL, NULL, NULL, '1', NULL, 'group', 'sysDeptId', 'fixed', NULL, NULL, NULL, NULL);
INSERT INTO `page_component_prop` VALUES ('4028b881857029f80185702dec020002', '2023-01-02 09:52:15.874000', NULL, NULL, NULL, '1', NULL, 'codes', 'numnum', 'fixed', 1, NULL, NULL, NULL);
INSERT INTO `page_component_prop` VALUES ('4028b881857029f80185702dec020003', '2023-01-02 09:52:15.874000', NULL, NULL, NULL, '1', NULL, 'codes', 'totalMoney', 'fixed', 2, NULL, NULL, NULL);
INSERT INTO `page_component_prop` VALUES ('4028b881857029f80185702dec030004', '2023-01-02 09:52:15.874000', NULL, NULL, NULL, '1', NULL, 'title', '部门项目统计图', 'fixed', NULL, NULL, NULL, NULL);
INSERT INTO `page_component_prop` VALUES ('4028b881857230950185724d38220000', '2023-01-02 19:45:41.394000', '4028b881857029f801857044e50d001b', NULL, NULL, '1', NULL, 'datas', 'deptTree', 'api', NULL, NULL, NULL, '40288a8183b52a1f0183b62ce8a7000f');
INSERT INTO `page_component_prop` VALUES ('4028b8818572646301857273f6570002', '2023-01-02 20:28:00.471000', NULL, '2023-01-06 18:02:20.975000', NULL, '1', NULL, 'group', 'sysOrgId', 'fixed', NULL, NULL, NULL, NULL);
INSERT INTO `page_component_prop` VALUES ('4028b8818572646301857273f6570003', '2023-01-02 20:28:00.471000', NULL, '2023-01-06 18:02:20.991000', NULL, '1', NULL, 'codes', 'totalMoney', 'fixed', 1, NULL, NULL, NULL);
INSERT INTO `page_component_prop` VALUES ('4028b8818572646301857273f6570004', '2023-01-02 20:28:00.471000', NULL, '2023-01-06 18:02:20.994000', NULL, '1', NULL, 'codes', 'avg', 'fixed', 2, NULL, NULL, NULL);
INSERT INTO `page_component_prop` VALUES ('4028b8818572646301857273f6580005', '2023-01-02 20:28:00.471000', NULL, '2023-01-06 18:02:20.996000', NULL, '1', NULL, 'title', '机构图表', 'fixed', NULL, NULL, NULL, NULL);
INSERT INTO `page_component_prop` VALUES ('4028b8818572646301857273f6580007', '2023-01-02 20:28:00.472000', NULL, NULL, NULL, '1', NULL, 'group', 'sysDeptId', 'fixed', NULL, NULL, NULL, NULL);
INSERT INTO `page_component_prop` VALUES ('4028b8818572646301857273f6590008', '2023-01-02 20:28:00.473000', NULL, NULL, NULL, '1', NULL, 'title', '部门图表', 'fixed', NULL, NULL, NULL, NULL);
INSERT INTO `page_component_prop` VALUES ('4028b8818572646301857273f6590009', '2023-01-02 20:28:00.473000', NULL, NULL, NULL, '1', NULL, 'codes', 'avg', 'fixed', 1, NULL, NULL, NULL);
INSERT INTO `page_component_prop` VALUES ('4028b8818572646301857273f659000a', '2023-01-02 20:28:00.473000', NULL, NULL, NULL, '1', NULL, 'codes', 'numnum', 'fixed', 2, NULL, NULL, NULL);
INSERT INTO `page_component_prop` VALUES ('4028b8818572646301857273f659000c', '2023-01-02 20:28:00.473000', NULL, NULL, NULL, '1', NULL, 'title', '图表3', 'fixed', NULL, NULL, NULL, NULL);
INSERT INTO `page_component_prop` VALUES ('4028b8818572646301857273f659000d', '2023-01-02 20:28:00.473000', NULL, NULL, NULL, '1', NULL, 'group', 'createId', 'fixed', NULL, NULL, NULL, NULL);
INSERT INTO `page_component_prop` VALUES ('4028b8818572646301857273f659000e', '2023-01-02 20:28:00.473000', NULL, NULL, NULL, '1', NULL, 'codes', 'numnum', 'fixed', 1, NULL, NULL, NULL);
INSERT INTO `page_component_prop` VALUES ('4028b881857568ed0185757362480014', '2023-01-03 10:26:14.216000', '40288a8182a656740182a659f4d10001', '2023-01-04 21:47:50.234000', '40288a8182a656740182a659f4d10001', '1', NULL, 'optionList', 'USER_TYPE', 'dict', NULL, NULL, NULL, '4028b881857568ed0185756c7da10008');
INSERT INTO `page_component_prop` VALUES ('4028b881857568ed01857573624f0015', '2023-01-03 10:26:14.223000', '40288a8182a656740182a659f4d10001', '2023-01-04 21:47:50.245000', '40288a8182a656740182a659f4d10001', '1', NULL, 'optionList', 'ITEM_STATE', 'dict', NULL, NULL, NULL, '4028b881857568ed0185756c7da10009');
INSERT INTO `page_component_prop` VALUES ('4028b881857568ed0185757362560016', '2023-01-03 10:26:14.230000', '40288a8182a656740182a659f4d10001', '2023-01-04 21:47:50.251000', '40288a8182a656740182a659f4d10001', '1', NULL, 'datas', 'orgTree', 'api', NULL, NULL, NULL, '4028b881857568ed0185756c7da1000a');
INSERT INTO `page_component_prop` VALUES ('4028b881857568ed01857573625b0017', '2023-01-03 10:26:14.235000', '40288a8182a656740182a659f4d10001', '2023-01-04 21:47:50.261000', '40288a8182a656740182a659f4d10001', '1', NULL, 'datas', 'deptTree', 'api', NULL, NULL, NULL, '4028b881857568ed0185756c7da1000b');
INSERT INTO `page_component_prop` VALUES ('4028b881857568ed01857575479a001e', '2023-01-03 10:28:18.458000', '40288a8182a656740182a659f4d10001', '2023-01-03 10:30:38.958000', '40288a8182a656740182a659f4d10001', '1', NULL, 'datas', 'USER_TYPE', 'dict', NULL, NULL, NULL, '4028b881857568ed0185757479b7001a');
INSERT INTO `page_component_prop` VALUES ('4028b881857568ed0185757547a5001f', '2023-01-03 10:28:18.468000', '40288a8182a656740182a659f4d10001', '2023-01-03 10:30:38.976000', '40288a8182a656740182a659f4d10001', '1', NULL, 'datas', 'orgTree', 'api', NULL, NULL, NULL, '4028b881857568ed0185757479b8001c');
INSERT INTO `page_component_prop` VALUES ('4028b881857568ed0185757547ab0020', '2023-01-03 10:28:18.475000', '40288a8182a656740182a659f4d10001', '2023-01-03 10:30:38.980000', '40288a8182a656740182a659f4d10001', '1', NULL, 'datas', 'deptTree', 'api', NULL, NULL, NULL, '4028b881857568ed0185757479b8001d');
INSERT INTO `page_component_prop` VALUES ('4028b881857568ed0185757ab51b002f', '2023-01-03 10:34:14.171000', '40288a8182a656740182a659f4d10001', '2023-01-04 21:52:49.587000', '40288a8182a656740182a659f4d10001', '1', NULL, 'datas', 'orgTree', 'api', NULL, NULL, NULL, '4028b881857568ed01857577fc270025');
INSERT INTO `page_component_prop` VALUES ('4028b881857568ed0185757ab51f0030', '2023-01-03 10:34:14.175000', '40288a8182a656740182a659f4d10001', '2023-01-04 21:52:49.593000', '40288a8182a656740182a659f4d10001', '1', NULL, 'optionList', 'ORG_TYPE', 'dict', NULL, NULL, NULL, '4028b881857568ed01857577fc270026');
INSERT INTO `page_component_prop` VALUES ('4028b881857568ed0185757ab5230031', '2023-01-03 10:34:14.179000', '40288a8182a656740182a659f4d10001', '2023-01-04 21:52:49.599000', '40288a8182a656740182a659f4d10001', '1', NULL, 'datas', 'areaTree', 'api', NULL, NULL, NULL, '4028b881857568ed01857577fc270027');
INSERT INTO `page_component_prop` VALUES ('4028b881857568ed0185757d4feb0037', '2023-01-03 10:37:04.875000', '40288a8182a656740182a659f4d10001', NULL, NULL, '1', NULL, 'datas', 'ORG_TYPE', 'dict', NULL, NULL, NULL, '4028b881857568ed0185757b9bf20034');
INSERT INTO `page_component_prop` VALUES ('4028b881857568ed0185757d4fee0038', '2023-01-03 10:37:04.878000', '40288a8182a656740182a659f4d10001', NULL, NULL, '1', NULL, 'datas', 'areaTree', 'api', NULL, NULL, NULL, '4028b881857568ed0185757b9bf20035');
INSERT INTO `page_component_prop` VALUES ('4028b881857568ed0185757d4ff10039', '2023-01-03 10:37:04.881000', '40288a8182a656740182a659f4d10001', NULL, NULL, '1', NULL, 'datas', 'orgTree', 'api', NULL, NULL, NULL, '4028b881857568ed0185757b9bf20036');
INSERT INTO `page_component_prop` VALUES ('4028b881857568ed0185758d0aeb003e', '2023-01-03 10:54:15.787000', '40288a8182a656740182a659f4d10001', NULL, NULL, '1', NULL, 'datas', 'AREA_LEVEL', 'dict', NULL, NULL, NULL, '4028b881857568ed0185758ab327003c');
INSERT INTO `page_component_prop` VALUES ('4028b881857568ed0185758d0af0003f', '2023-01-03 10:54:15.792000', '40288a8182a656740182a659f4d10001', NULL, NULL, '1', NULL, 'datas', 'areaTree', 'api', NULL, NULL, NULL, '4028b881857568ed0185758ab327003d');
INSERT INTO `page_component_prop` VALUES ('4028b881857568ed0185758de18f004c', '2023-01-03 10:55:10.735000', '40288a8182a656740182a659f4d10001', '2023-01-04 21:49:36.030000', '40288a8182a656740182a659f4d10001', '1', NULL, 'datas', 'areaTree', 'api', NULL, NULL, NULL, '4028b881857568ed0185758d6f660044');
INSERT INTO `page_component_prop` VALUES ('4028b881857568ed0185758de192004d', '2023-01-03 10:55:10.738000', '40288a8182a656740182a659f4d10001', '2023-01-04 21:49:36.040000', '40288a8182a656740182a659f4d10001', '1', NULL, 'optionList', 'AREA_LEVEL', 'dict', NULL, NULL, NULL, '4028b881857568ed0185758d6f660045');
INSERT INTO `page_component_prop` VALUES ('4028b881857568ed018575930d480063', '2023-01-03 11:00:49.608000', '40288a8182a656740182a659f4d10001', '2023-01-03 11:12:46.610000', '40288a8182a656740182a659f4d10001', '1', NULL, 'datas', 'deptTree', 'api', NULL, NULL, NULL, '4028b881857568ed01857592e0930062');
INSERT INTO `page_component_prop` VALUES ('4028b8818575989b0185759f70300003', '2023-01-03 11:14:21.360000', '40288a8182a656740182a659f4d10001', '2023-01-04 21:53:45.518000', '40288a8182a656740182a659f4d10001', '1', NULL, 'datas', 'deptTree', 'api', NULL, NULL, NULL, '4028b881857568ed01857591dff40058');
INSERT INTO `page_component_prop` VALUES ('4028b8818575989b018576029649000e', '2023-01-03 13:02:39.177000', '4028b881857568ed01857593efa20065', '2023-01-04 21:39:25.518000', '40288a8182a656740182a659f4d10001', '1', NULL, 'datas', 'roleAllResources', 'api', NULL, NULL, NULL, '4028b8818575989b018575a277a6000d');
INSERT INTO `page_component_prop` VALUES ('4028b8818575989b0185761d3c140025', '2023-01-03 13:31:45.556000', '40288a8182a656740182a659f4d10001', NULL, NULL, '1', NULL, 'optionList', 'GROUP_SCOPE', 'dict', NULL, NULL, NULL, '4028b8818575989b0185761c768a001e');
INSERT INTO `page_component_prop` VALUES ('4028b8818575989b0185761e7cc7002c', '2023-01-03 13:33:07.655000', '40288a8182a656740182a659f4d10001', NULL, NULL, '1', NULL, 'optionList', 'GROUP_SCOPE', 'dict', NULL, NULL, NULL, '4028b8818575989b0185761e00a4002b');
INSERT INTO `page_component_prop` VALUES ('4028b8818575989b01857623184f003a', '2023-01-03 13:38:09.615000', '40288a8182a656740182a659f4d10001', NULL, NULL, '1', NULL, 'selectType', 'typeOne', 'fixed', NULL, NULL, NULL, '4028b8818575989b0185762161960039');
INSERT INTO `page_component_prop` VALUES ('4028b8818575989b01857623184f003b', '2023-01-03 13:38:09.615000', '40288a8182a656740182a659f4d10001', NULL, NULL, '1', NULL, 'datas', 'sysFilterSelect', 'api', NULL, NULL, NULL, '4028b8818575989b0185762161960039');
INSERT INTO `page_component_prop` VALUES ('4028b8818575989b01857649e8930052', '2023-01-03 14:20:33.299000', '40288a8182a656740182a659f4d10001', NULL, NULL, '1', NULL, 'datas', 'SYSRESOURCES_TYPE', 'dict', NULL, NULL, NULL, '4028b8818575989b01857648302e0050');
INSERT INTO `page_component_prop` VALUES ('4028b8818575989b0185764b4cc70062', '2023-01-03 14:22:04.487000', '40288a8182a656740182a659f4d10001', NULL, NULL, '1', NULL, 'optionList', 'SYSRESOURCES_TYPE', 'dict', NULL, NULL, NULL, NULL);
INSERT INTO `page_component_prop` VALUES ('4028b8818575989b0185765256540065', '2023-01-03 14:29:45.684000', '40288a8182a656740182a659f4d10001', NULL, NULL, '1', NULL, 'optionList', 'SYSRESOURCES_TYPE', 'dict', NULL, NULL, NULL, NULL);
INSERT INTO `page_component_prop` VALUES ('4028b8818575989b01857652d6a50066', '2023-01-03 14:30:18.533000', '40288a8182a656740182a659f4d10001', '2023-01-03 15:09:02.873000', '40288a8182a656740182a659f4d10001', '1', NULL, 'optionList', 'SYSRESOURCES_TYPE', 'dict', NULL, NULL, NULL, NULL);
INSERT INTO `page_component_prop` VALUES ('4028b8818575989b01857675d4e30097', '2023-01-03 15:08:31.842000', '40288a8182a656740182a659f4d10001', NULL, NULL, '1', NULL, 'optionList', 'listMenu', 'api', NULL, NULL, NULL, NULL);
INSERT INTO `page_component_prop` VALUES ('4028b8818575989b018576764e260098', '2023-01-03 15:09:02.886000', '40288a8182a656740182a659f4d10001', NULL, NULL, '1', NULL, 'optionList', 'listMenu', 'api', NULL, NULL, NULL, NULL);
INSERT INTO `page_component_prop` VALUES ('4028b8818575989b018576764e2a0099', '2023-01-03 15:09:02.890000', '40288a8182a656740182a659f4d10001', NULL, NULL, '1', NULL, 'optionList', 'resourcesListAll', 'api', NULL, NULL, NULL, NULL);
INSERT INTO `page_component_prop` VALUES ('4028b8818575989b018576892c3d009b', '2023-01-03 15:29:39.389000', '40288a8182a656740182a659f4d10001', '2023-01-04 22:31:52.968000', '40288a8182a656740182a659f4d10001', '1', NULL, 'optionList', 'listMenu', 'api', NULL, NULL, NULL, '4028b8818575989b0185764a78b5005b');
INSERT INTO `page_component_prop` VALUES ('4028b8818575989b018576892c41009c', '2023-01-03 15:29:39.393000', '40288a8182a656740182a659f4d10001', '2023-01-04 22:31:52.971000', '40288a8182a656740182a659f4d10001', '1', NULL, 'optionList', 'resourcesListAll_code', 'api', NULL, NULL, NULL, '4028b8818575989b0185764a78b5005a');
INSERT INTO `page_component_prop` VALUES ('4028b881857695d20185769714df0000', '2023-01-03 15:44:50.907000', '40288a8182a656740182a659f4d10001', NULL, NULL, '1', NULL, 'optionList', 'SYSRESOURCES_TYPE', 'dict', NULL, NULL, NULL, NULL);
INSERT INTO `page_component_prop` VALUES ('4028b881857695d2018576a22d5a0001', '2023-01-03 15:56:58.074000', '40288a8182a656740182a659f4d10001', '2023-01-03 16:05:46.909000', '40288a8182a656740182a659f4d10001', '1', NULL, 'optionList', 'SYSRESOURCES_TYPE', 'dict', NULL, NULL, NULL, '4028b8818575989b0185764a78b50055');
INSERT INTO `page_component_prop` VALUES ('4028b881857695d2018576a58e3b0002', '2023-01-03 16:00:39.483000', '40288a8182a656740182a659f4d10001', NULL, NULL, '1', NULL, 'optionList', 'SYSRESOURCES_TYPE', 'dict', NULL, NULL, NULL, NULL);
INSERT INTO `page_component_prop` VALUES ('4028b881857695d2018576b4371a0004', '2023-01-03 16:16:40.218000', '40288a8182a656740182a659f4d10001', '2023-01-04 22:31:52.957000', '40288a8182a656740182a659f4d10001', '1', NULL, 'optionList', 'SYSRESOURCES_TYPE', 'dict', NULL, NULL, NULL, '4028b881857695d2018576ab6adf0003');
INSERT INTO `page_component_prop` VALUES ('4028b8818576b48b018576bc022d0011', '2023-01-03 16:25:10.957000', '40288a8182a656740182a659f4d10001', '2023-01-04 23:41:15.979000', '40288a8182a656740182a659f4d10001', '1', NULL, 'optionList', 'PROJECT_STATE', 'dict', NULL, NULL, NULL, '4028b8818576b48b018576bba3760005');
INSERT INTO `page_component_prop` VALUES ('4028b8818576b48b018576bd20c9001a', '2023-01-03 16:26:24.329000', '40288a8182a656740182a659f4d10001', '2023-01-03 16:27:05.624000', '40288a8182a656740182a659f4d10001', '1', NULL, 'datas', 'PROJECT_STATE', 'dict', NULL, NULL, NULL, '4028b8818576b48b018576bc89790014');
INSERT INTO `page_component_prop` VALUES ('4028b8818576b48b018576bdc22c001b', '2023-01-03 16:27:05.644000', '40288a8182a656740182a659f4d10001', NULL, NULL, '1', NULL, 'datas', 'deptTree', 'api', NULL, NULL, NULL, '4028b8818576b48b018576bc897a0017');
INSERT INTO `page_component_prop` VALUES ('4028b8818576b48b018576bdc230001c', '2023-01-03 16:27:05.648000', '40288a8182a656740182a659f4d10001', NULL, NULL, '1', NULL, 'datas', 'orgTree', 'api', NULL, NULL, NULL, '4028b8818576b48b018576bc897a0018');
INSERT INTO `page_component_prop` VALUES ('4028b8818576b48b018576bdc233001d', '2023-01-03 16:27:05.651000', '40288a8182a656740182a659f4d10001', NULL, NULL, '1', NULL, 'datas', 'areaTree', 'api', NULL, NULL, NULL, '4028b8818576b48b018576bc897a0019');
INSERT INTO `page_component_prop` VALUES ('4028b8818576b48b018576dcf13f003d', '2023-01-03 17:01:09.311000', '40288a8182a656740182a659f4d10001', '2023-01-03 17:02:06.185000', '40288a8182a656740182a659f4d10001', '1', NULL, 'optionList', 'form', 'table', NULL, NULL, NULL, NULL);
INSERT INTO `page_component_prop` VALUES ('4028b8818576b48b018576dd7361003e', '2023-01-03 17:01:42.625000', '40288a8182a656740182a659f4d10001', NULL, NULL, '1', NULL, 'datas', 'formId', 'field', NULL, NULL, NULL, NULL);
INSERT INTO `page_component_prop` VALUES ('4028b8818576b48b018576dda6a6003f', '2023-01-03 17:01:55.750000', '40288a8182a656740182a659f4d10001', NULL, NULL, '1', NULL, 'datas', 'formId', 'field', NULL, NULL, NULL, NULL);
INSERT INTO `page_component_prop` VALUES ('4028b8818576b48b018576ddcf770040', '2023-01-03 17:02:06.199000', '40288a8182a656740182a659f4d10001', '2023-01-03 19:14:55.463000', '40288a8182a656740182a659f4d10001', '1', NULL, 'datas', 'formId', 'field', NULL, NULL, NULL, '4028b8818576b48b018576d94ddd0028');
INSERT INTO `page_component_prop` VALUES ('4028b8818576b48b018576dfe80f0044', '2023-01-03 17:04:23.567000', '40288a8182a656740182a659f4d10001', NULL, NULL, '1', NULL, 'optionList', 'form', 'table', NULL, NULL, NULL, NULL);
INSERT INTO `page_component_prop` VALUES ('4028b8818576b48b0185774911de0053', '2023-01-03 18:59:15.550000', '40288a8182a656740182a659f4d10001', '2023-01-03 22:30:43.410000', '40288a8182a656740182a659f4d10001', '1', NULL, 'optionList', 'ITEM_FUNC', 'dict', NULL, NULL, NULL, '4028b8818576b48b01857747a11b0048');
INSERT INTO `page_component_prop` VALUES ('4028b8818576b48b0185774911e20054', '2023-01-03 18:59:15.554000', '40288a8182a656740182a659f4d10001', '2023-01-03 19:08:39.242000', '40288a8182a656740182a659f4d10001', '1', NULL, 'optionList', 'form', 'table', NULL, NULL, NULL, NULL);
INSERT INTO `page_component_prop` VALUES ('4028b8818576b48b0185774af4be007c', '2023-01-03 19:01:19.166000', '40288a8182a656740182a659f4d10001', '2023-01-03 19:15:48.586000', '40288a8182a656740182a659f4d10001', '1', NULL, 'optionList', 'formFieldListAll', 'api', NULL, NULL, NULL, NULL);
INSERT INTO `page_component_prop` VALUES ('4028b8818576b48b0185774cd389007e', '2023-01-03 19:03:21.737000', '40288a8182a656740182a659f4d10001', NULL, NULL, '1', NULL, 'optionList', 'formConditionListAll', 'api', NULL, NULL, NULL, NULL);
INSERT INTO `page_component_prop` VALUES ('4028b8818576b48b0185774d37190080', '2023-01-03 19:03:47.225000', '40288a8182a656740182a659f4d10001', NULL, NULL, '1', NULL, 'optionList', 'formConditionListAll', 'api', NULL, NULL, NULL, NULL);
INSERT INTO `page_component_prop` VALUES ('4028b8818576b48b0185774edd430083', '2023-01-03 19:05:35.299000', '40288a8182a656740182a659f4d10001', NULL, NULL, '1', NULL, 'optionList', 'formConditionListAll', 'api', NULL, NULL, NULL, NULL);
INSERT INTO `page_component_prop` VALUES ('4028b8818576b48b01857751abd60085', '2023-01-03 19:08:39.254000', '40288a8182a656740182a659f4d10001', '2023-01-03 21:27:50.845000', '40288a8182a656740182a659f4d10001', '1', NULL, 'optionList', 'formConditionListAll', 'api', NULL, NULL, NULL, NULL);
INSERT INTO `page_component_prop` VALUES ('4028b8818576b48b0185775415270087', '2023-01-03 19:11:17.286000', '40288a8182a656740182a659f4d10001', '2023-01-03 22:30:43.402000', '40288a8182a656740182a659f4d10001', '1', NULL, 'optionList', 'formListALl', 'api', NULL, NULL, NULL, '4028b8818576b48b01857747a11b0049');
INSERT INTO `page_component_prop` VALUES ('4028b8818576b48b0185775769630088', '2023-01-03 19:14:55.459000', '40288a8182a656740182a659f4d10001', NULL, NULL, '1', NULL, 'optionList', 'formListALl', 'api', NULL, NULL, NULL, '4028b8818576b48b018576d94ddd0027');
INSERT INTO `page_component_prop` VALUES ('4028b8818576b48b018577590363008d', '2023-01-03 19:16:40.419000', '40288a8182a656740182a659f4d10001', NULL, NULL, '1', NULL, 'datas', 'ITEM_FUNC', 'dict', NULL, NULL, NULL, '4028b8818576b48b0185775882cd008b');
INSERT INTO `page_component_prop` VALUES ('4028b8818576b48b018577590365008e', '2023-01-03 19:16:40.421000', '40288a8182a656740182a659f4d10001', NULL, NULL, '1', NULL, 'optionList', 'formListALl', 'api', NULL, NULL, NULL, '4028b8818576b48b0185775882cd008c');
INSERT INTO `page_component_prop` VALUES ('4028b8818576b48b0185775ce598008f', '2023-01-03 19:20:54.936000', '40288a8182a656740182a659f4d10001', NULL, NULL, '1', NULL, 'optionList', 'formField', 'table', NULL, NULL, NULL, NULL);
INSERT INTO `page_component_prop` VALUES ('4028b88185776075018577d11b180000', '2023-01-03 21:27:50.796000', '40288a8182a656740182a659f4d10001', NULL, NULL, '1', NULL, 'optionList', 'formFieldListAll', 'api', NULL, NULL, NULL, NULL);
INSERT INTO `page_component_prop` VALUES ('4028b88185776075018577ec02ba0002', '2023-01-03 21:57:14.042000', '40288a8182a656740182a659f4d10001', NULL, NULL, '1', NULL, 'optionList', 'formFieldListAll', 'api', NULL, NULL, NULL, NULL);
INSERT INTO `page_component_prop` VALUES ('4028b88185776075018577ec02c90004', '2023-01-03 21:57:14.057000', '40288a8182a656740182a659f4d10001', '2023-01-03 22:27:07.072000', '40288a8182a656740182a659f4d10001', '1', NULL, 'optionList', 'form', 'table', NULL, NULL, NULL, NULL);
INSERT INTO `page_component_prop` VALUES ('4028b88185776075018577ec80470005', '2023-01-03 21:57:46.183000', '40288a8182a656740182a659f4d10001', NULL, NULL, '1', NULL, 'optionList', 'form', 'table', NULL, NULL, NULL, NULL);
INSERT INTO `page_component_prop` VALUES ('4028b881857760750185780335d70006', '2023-01-03 22:22:34.455000', '40288a8182a656740182a659f4d10001', '2023-01-03 22:30:43.406000', '40288a8182a656740182a659f4d10001', '1', NULL, 'optionList', 'formFieldListAll_fieldName', 'api', NULL, NULL, NULL, '4028b8818576b48b01857747a11b004a');
INSERT INTO `page_component_prop` VALUES ('4028b881857760750185780aabd50008', '2023-01-03 22:30:43.413000', '40288a8182a656740182a659f4d10001', NULL, NULL, '1', NULL, 'optionList', 'formConditionListAll', 'api', NULL, NULL, NULL, '4028b8818576b48b01857747a11b004b');
INSERT INTO `page_component_prop` VALUES ('4028b881857760750185780e8f900016', '2023-01-03 22:34:58.319000', '40288a8182a656740182a659f4d10001', '2023-01-04 23:58:31.198000', '40288a8182a656740182a659f4d10001', '1', NULL, 'optionList', 'formListALl', 'api', NULL, NULL, NULL, '4028b881857760750185780cfe80000d');
INSERT INTO `page_component_prop` VALUES ('4028b881857760750185780f18800017', '2023-01-03 22:35:33.376000', '40288a8182a656740182a659f4d10001', NULL, NULL, '1', NULL, 'optionList', 'reportItemListAll', 'api', NULL, NULL, NULL, NULL);
INSERT INTO `page_component_prop` VALUES ('4028b881857760750185780f80be0019', '2023-01-03 22:36:00.062000', '40288a8182a656740182a659f4d10001', NULL, NULL, '1', NULL, 'optionList', 'reportItemListAll', 'api', NULL, NULL, NULL, NULL);
INSERT INTO `page_component_prop` VALUES ('4028b881857760750185780f80c3001b', '2023-01-03 22:36:00.067000', '40288a8182a656740182a659f4d10001', NULL, NULL, '1', NULL, 'optionList', 'reportItemListAll', 'api', NULL, NULL, NULL, NULL);
INSERT INTO `page_component_prop` VALUES ('4028b88185776075018578103dd1001c', '2023-01-03 22:36:48.465000', '40288a8182a656740182a659f4d10001', '2023-01-04 23:58:31.203000', '40288a8182a656740182a659f4d10001', '1', NULL, 'optionList', 'reportItemListAll', 'api', NULL, NULL, NULL, '4028b881857760750185780cfe81000e');
INSERT INTO `page_component_prop` VALUES ('4028b88185776075018578103dd7001e', '2023-01-03 22:36:48.471000', '40288a8182a656740182a659f4d10001', '2023-01-04 23:58:31.216000', '40288a8182a656740182a659f4d10001', '1', NULL, 'optionList', 'reportItemListAll', 'api', NULL, NULL, NULL, '4028b881857760750185780cfe81000f');
INSERT INTO `page_component_prop` VALUES ('4028b8818577607501857811b5b30023', '2023-01-03 22:38:24.691000', '40288a8182a656740182a659f4d10001', NULL, NULL, '1', NULL, 'optionList', 'formListALl', 'api', NULL, NULL, NULL, '4028b881857760750185781153620022');
INSERT INTO `page_component_prop` VALUES ('4028b88185776075018578144a920037', '2023-01-03 22:41:13.873000', '40288a8182a656740182a659f4d10001', '2023-01-03 22:42:21.474000', '40288a8182a656740182a659f4d10001', '1', NULL, 'datas', 'KPformReportItemPageSelect', 'api', NULL, NULL, NULL, '4028b88185776075018578134bdd0035');
INSERT INTO `page_component_prop` VALUES ('4028b88185776075018578144a920038', '2023-01-03 22:41:13.874000', '40288a8182a656740182a659f4d10001', '2023-01-03 22:42:21.472000', '40288a8182a656740182a659f4d10001', '1', NULL, 'selectType', 'more', 'fixed', NULL, NULL, NULL, '4028b88185776075018578134bdd0035');
INSERT INTO `page_component_prop` VALUES ('4028b88185776075018578144a980039', '2023-01-03 22:41:13.879000', '40288a8182a656740182a659f4d10001', '2023-01-03 22:42:21.479000', '40288a8182a656740182a659f4d10001', '1', NULL, 'datas', 'formReportKpiPageSelect', 'api', NULL, NULL, NULL, '4028b88185776075018578134bdd0036');
INSERT INTO `page_component_prop` VALUES ('4028b88185776075018578144a98003a', '2023-01-03 22:41:13.880000', '40288a8182a656740182a659f4d10001', '2023-01-03 22:42:21.477000', '40288a8182a656740182a659f4d10001', '1', NULL, 'selectType', 'more', 'fixed', NULL, NULL, NULL, '4028b88185776075018578134bdd0036');
INSERT INTO `page_component_prop` VALUES ('4028b881857760750185783a399a004c', '2023-01-03 23:22:39.898000', '40288a8182a656740182a659f4d10001', NULL, NULL, '1', NULL, 'optionList', 'formListALl', 'api', NULL, NULL, NULL, '4028b8818576b48b018576df077f0043');
INSERT INTO `page_component_prop` VALUES ('4028b881857b04b801857d09c47e0002', '2023-01-04 21:47:50.269000', '40288a8182a656740182a659f4d10001', NULL, NULL, '1', NULL, 'datas', 'sysFileDetails', 'api', NULL, NULL, NULL, '4028b881857568ed0185756c7d9c0001');
INSERT INTO `page_component_prop` VALUES ('4028b881857b04b801857d1043f90010', '2023-01-04 21:54:56.121000', '40288a8182a656740182a659f4d10001', NULL, NULL, '1', NULL, 'optionList', 'TF', 'dict', NULL, NULL, NULL, NULL);
INSERT INTO `page_component_prop` VALUES ('4028b881857b04b801857d1043fd0011', '2023-01-04 21:54:56.125000', '40288a8182a656740182a659f4d10001', NULL, NULL, '1', NULL, 'optionList', 'TF', 'dict', NULL, NULL, NULL, NULL);
INSERT INTO `page_component_prop` VALUES ('4028b881857b04b801857d11270b0051', '2023-01-04 21:55:54.251000', '40288a8182a656740182a659f4d10001', NULL, NULL, '1', NULL, 'optionList', 'TF', 'dict', NULL, NULL, NULL, '4028b881857b04b801857d0faa070008');
INSERT INTO `page_component_prop` VALUES ('4028b881857b04b801857d1127100052', '2023-01-04 21:55:54.256000', '40288a8182a656740182a659f4d10001', NULL, NULL, '1', NULL, 'optionList', 'TF', 'dict', NULL, NULL, NULL, '4028b881857b04b801857d0faa070009');
INSERT INTO `page_component_prop` VALUES ('4028b881857b04b801857d35dffa006f', '2023-01-04 22:36:00.890000', '40288a8182a656740182a659f4d10001', '2023-01-04 22:38:36.614000', '40288a8182a656740182a659f4d10001', '1', NULL, 'optionList', 'STATE', 'dict', NULL, NULL, NULL, '4028b881857b04b801857d34eed00068');
INSERT INTO `page_component_prop` VALUES ('4028b881857b04b801857d373a870070', '2023-01-04 22:37:29.607000', '40288a8182a656740182a659f4d10001', '2023-01-04 22:47:08.892000', '40288a8182a656740182a659f4d10001', '1', NULL, 'optionList', 'PROJECT_STATE', 'dict', NULL, NULL, NULL, '4028b881857b04b801857d34683c0060');
INSERT INTO `page_component_prop` VALUES ('4028b881857b04b801857d373a910071', '2023-01-04 22:37:29.617000', '40288a8182a656740182a659f4d10001', '2023-01-04 22:47:08.898000', '40288a8182a656740182a659f4d10001', '1', NULL, 'type', 'type', 'sys', NULL, NULL, NULL, '4028b881857b04b801857d34683c0062');
INSERT INTO `page_component_prop` VALUES ('4028b881857b04b801857d39f3eb0075', '2023-01-04 22:40:28.139000', '40288a8182a656740182a659f4d10001', '2023-01-04 22:47:08.903000', '40288a8182a656740182a659f4d10001', '1', NULL, 'datas', 'sysFileDetails', 'api', NULL, NULL, NULL, '4028b881857b04b801857d34683c0063');
INSERT INTO `page_component_prop` VALUES ('4028b8818587247a018587589b3e0003', '2023-01-06 21:50:09.214000', NULL, '2023-01-07 10:32:53.762000', NULL, '1', NULL, 'menu', '路由地址', 'fixed', 1, 'name', NULL, NULL);
INSERT INTO `page_component_prop` VALUES ('4028b8818587247a018587589b3f0004', '2023-01-06 21:50:09.215000', NULL, '2023-01-07 10:32:53.760000', NULL, '1', NULL, 'menu', 'abc', 'fixed', 1, 'url', NULL, NULL);
INSERT INTO `page_component_prop` VALUES ('4028b8818589d59901858a12eb040001', '2023-01-07 10:32:53.764000', NULL, NULL, NULL, '1', NULL, 'menu', 'aaa', 'fixed', 2, 'name', NULL, NULL);
INSERT INTO `page_component_prop` VALUES ('4028b8818589d59901858a12eb040002', '2023-01-07 10:32:53.764000', NULL, NULL, NULL, '1', NULL, 'menu', 'ddd', 'fixed', 2, 'url', NULL, NULL);
INSERT INTO `page_component_prop` VALUES ('4028b8818589d59901858a12eb040003', '2023-01-07 10:32:53.764000', NULL, NULL, NULL, '1', NULL, 'menu', 'ccc', 'fixed', 3, 'name', NULL, NULL);
INSERT INTO `page_component_prop` VALUES ('4028b8818589d59901858a12eb040004', '2023-01-07 10:32:53.764000', NULL, NULL, NULL, '1', NULL, 'menu', 'ddd', 'fixed', 3, 'url', NULL, NULL);
INSERT INTO `page_component_prop` VALUES ('4028b881858ce4ef01858cfd3889000f', '2023-01-08 00:08:03.465000', '40288a8182a656740182a659f4d10001', NULL, NULL, '1', NULL, 'optionList', 'TF', 'dict', NULL, NULL, NULL, NULL);
INSERT INTO `page_component_prop` VALUES ('4028b881858ce4ef01858cfe7e2b0012', '2023-01-08 00:09:26.827000', '40288a8182a656740182a659f4d10001', NULL, NULL, '1', NULL, 'optionList', 'TF', 'dict', NULL, NULL, NULL, '4028b881858ce4ef01858cf892fe0008');
INSERT INTO `page_component_prop` VALUES ('4028b881858ef32901858f1f40370003', '2023-01-08 10:04:28.087000', NULL, NULL, NULL, '1', NULL, 'title', '333', 'fixed', NULL, NULL, NULL, NULL);
INSERT INTO `page_component_prop` VALUES ('4028b881858ef32901858f1f40370004', '2023-01-08 10:04:28.087000', NULL, NULL, NULL, '1', NULL, 'infos', '222', 'fixed', 1, 'title', NULL, NULL);
INSERT INTO `page_component_prop` VALUES ('4028b881858ef32901858f1f40370005', '2023-01-08 10:04:28.087000', NULL, NULL, NULL, '1', NULL, 'infos', 'total', 'api', 1, 'total', NULL, NULL);
INSERT INTO `page_component_prop` VALUES ('4028b881858ef32901858f1f40380007', '2023-01-08 10:04:28.088000', NULL, NULL, NULL, '1', NULL, 'infos', 'IconTick', 'fixed', 1, 'icon', NULL, NULL);
INSERT INTO `page_component_prop` VALUES ('4028b881858ef32901858f1f40380008', '2023-01-08 10:04:28.088000', NULL, NULL, NULL, '1', NULL, 'infos', '333', 'fixed', 2, 'title', NULL, NULL);
INSERT INTO `page_component_prop` VALUES ('4028b881858ef32901858f1f40390009', '2023-01-08 10:04:28.089000', NULL, NULL, NULL, '1', NULL, 'infos', 'IconHome', 'fixed', 2, 'icon', NULL, NULL);
INSERT INTO `page_component_prop` VALUES ('4028b881858ef32901858f1f4039000a', '2023-01-08 10:04:28.089000', NULL, NULL, NULL, '1', NULL, 'infos', 'total', 'api', 2, 'total', NULL, NULL);
INSERT INTO `page_component_prop` VALUES ('4028b881858ef3290185906267bf0037', '2023-01-08 15:57:26.335000', NULL, '2023-01-08 22:07:36.202000', NULL, '1', '4028b881858ef3290185906214e40035', 'logo', '4028b881858ef3290185906234a80036', 'fixed', NULL, NULL, NULL, NULL);
INSERT INTO `page_component_prop` VALUES ('4028b881858ef3290185906267bf0038', '2023-01-08 15:57:26.335000', NULL, '2023-01-08 22:07:36.206000', NULL, '1', '4028b881858ef3290185906214e40035', 'menu', '首页', 'fixed', 1, 'name', NULL, NULL);
INSERT INTO `page_component_prop` VALUES ('4028b881858ef3290185906267bf0039', '2023-01-08 15:57:26.335000', NULL, '2023-01-08 22:07:36.208000', NULL, '1', '4028b881858ef3290185906214e40035', 'menu', '/', 'fixed', 1, 'url', NULL, NULL);
INSERT INTO `page_component_prop` VALUES ('4028b8818594a6e5018594b88b0d0002', '2023-01-09 12:10:00.332000', NULL, '2023-01-09 12:11:09.435000', NULL, '1', NULL, 'menu', '菜单页面(abc)', 'fixed', 1, 'url', NULL, NULL);
INSERT INTO `page_component_prop` VALUES ('4028b8818594a6e5018594b88b0e0003', '2023-01-09 12:10:00.334000', NULL, '2023-01-09 12:11:09.431000', NULL, '1', NULL, 'menu', 'abc', 'fixed', 1, 'name', NULL, NULL);
INSERT INTO `page_component_prop` VALUES ('4028b8818594a6e5018594b88b0f0004', '2023-01-09 12:10:00.335000', NULL, '2023-01-10 10:53:31.667000', NULL, '1', NULL, 'logo', '4028b88185997fcd01859998d2060001', 'fixed', NULL, NULL, NULL, NULL);
INSERT INTO `page_component_prop` VALUES ('4028b8818594a6e5018594ba0cc40005', '2023-01-09 12:11:39.076000', NULL, '2023-01-10 10:53:31.662000', NULL, '1', NULL, 'menu', '首页', 'fixed', 1, 'name', NULL, NULL);
INSERT INTO `page_component_prop` VALUES ('4028b8818594a6e5018594ba0cc40006', '2023-01-09 12:11:39.076000', NULL, '2023-01-10 10:53:31.660000', NULL, '1', NULL, 'menu', 'cms', 'fixed', 1, 'url', NULL, NULL);
INSERT INTO `page_component_prop` VALUES ('4028b8818594a6e5018594bbac840007', '2023-01-09 12:13:25.508000', NULL, '2023-01-10 10:53:31.664000', NULL, '1', NULL, 'menu', 'desktop', 'fixed', 2, 'url', NULL, NULL);
INSERT INTO `page_component_prop` VALUES ('4028b8818594a6e5018594bbac840008', '2023-01-09 12:13:25.508000', NULL, '2023-01-10 10:53:31.665000', NULL, '1', NULL, 'menu', '产品中心', 'fixed', 2, 'name', NULL, NULL);
INSERT INTO `page_component_prop` VALUES ('4028b8818594a6e50185956fe831000d', '2023-01-09 15:30:17.265000', NULL, '2023-01-09 21:20:41.974000', NULL, '1', NULL, 'imgs', '12345444444444', 'fixed', 1, 'title', NULL, NULL);
INSERT INTO `page_component_prop` VALUES ('4028b8818594a6e50185956fe832000e', '2023-01-09 15:30:17.266000', NULL, '2023-01-09 21:20:41.972000', NULL, '1', NULL, 'imgs', NULL, 'fixed', 1, 'src', NULL, NULL);
INSERT INTO `page_component_prop` VALUES ('4028b8818594a6e501859570b488000f', '2023-01-09 15:31:09.576000', NULL, '2023-01-09 21:20:41.969000', NULL, '1', NULL, 'imgs', '33333333', 'fixed', 1, 'line1', NULL, NULL);
INSERT INTO `page_component_prop` VALUES ('4028b8818594a6e501859570b4880010', '2023-01-09 15:31:09.576000', NULL, '2023-01-09 21:20:41.970000', NULL, '1', NULL, 'imgs', '3333333333', 'fixed', 1, 'line2', NULL, NULL);
INSERT INTO `page_component_prop` VALUES ('4028b8818594a6e5018595733cc90013', '2023-01-09 15:33:55.529000', NULL, '2023-01-09 21:20:41.961000', NULL, '1', NULL, 'imgs', '333333333333344444444444444443', 'fixed', 2, 'title', NULL, NULL);
INSERT INTO `page_component_prop` VALUES ('4028b8818594a6e5018595733cc90014', '2023-01-09 15:33:55.529000', NULL, '2023-01-09 21:20:41.963000', NULL, '1', NULL, 'imgs', NULL, 'fixed', 2, 'src', NULL, NULL);
INSERT INTO `page_component_prop` VALUES ('4028b8818594a6e5018595733cc90015', '2023-01-09 15:33:55.529000', NULL, '2023-01-09 21:20:41.965000', NULL, '1', NULL, 'imgs', '333', 'fixed', 2, 'line1', NULL, NULL);
INSERT INTO `page_component_prop` VALUES ('4028b8818594a6e5018595733cc90016', '2023-01-09 15:33:55.529000', NULL, '2023-01-09 21:20:41.966000', NULL, '1', NULL, 'imgs', '3333333333', 'fixed', 2, 'line2', NULL, NULL);
INSERT INTO `page_component_prop` VALUES ('4028b8818594a6e5018595a51bfd0018', '2023-01-09 16:28:23.933000', NULL, '2023-01-09 17:10:21.097000', NULL, '1', NULL, 'imgs', '22222222222222', 'fixed', 1, 'title', NULL, NULL);
INSERT INTO `page_component_prop` VALUES ('4028b8818594a6e5018595cb84ab001c', '2023-01-09 17:10:21.099000', NULL, NULL, NULL, '1', NULL, 'imgs', '4028b8818594a6e5018595cb7956001b', 'fixed', 1, 'src', NULL, NULL);
INSERT INTO `page_component_prop` VALUES ('4028b8818594a6e5018595dd317d001e', '2023-01-09 17:29:39.453000', NULL, NULL, NULL, '1', NULL, 'imgs', '33333333', 'fixed', 1, 'title', NULL, NULL);
INSERT INTO `page_component_prop` VALUES ('4028b8818594a6e5018595dd317d001f', '2023-01-09 17:29:39.453000', NULL, NULL, NULL, '1', NULL, 'imgs', '4028b8818594a6e5018595dd1ea0001d', 'fixed', 1, 'src', NULL, NULL);
INSERT INTO `page_component_prop` VALUES ('4028b8818594a6e5018595dd8fb90022', '2023-01-09 17:30:03.577000', NULL, '2023-01-10 10:52:47.660000', NULL, '1', NULL, 'imgs', '111111111111211122', 'fixed', 1, 'title', NULL, NULL);
INSERT INTO `page_component_prop` VALUES ('4028b8818594a6e5018595dd8fb90023', '2023-01-09 17:30:03.577000', NULL, '2023-01-10 10:52:47.662000', NULL, '1', NULL, 'imgs', '4028b8818594a6e501859638fc13002a', 'fixed', 1, 'src', NULL, NULL);
INSERT INTO `page_component_prop` VALUES ('4028b8818594a6e5018595ddfb940025', '2023-01-09 17:30:31.188000', NULL, '2023-01-10 10:52:47.656000', NULL, '1', NULL, 'imgs', '3333333333333333333333333333333333333333333333333', 'fixed', 2, 'title', NULL, NULL);
INSERT INTO `page_component_prop` VALUES ('4028b8818594a6e5018595ddfb940026', '2023-01-09 17:30:31.188000', NULL, '2023-01-10 10:52:47.658000', NULL, '1', NULL, 'imgs', '4028b8818594a6e5018595ddeb670024', 'fixed', 2, 'src', NULL, NULL);
INSERT INTO `page_component_prop` VALUES ('4028b8818594a6e5018595e6382a0028', '2023-01-09 17:39:30.986000', NULL, '2023-01-10 10:52:47.651000', NULL, '1', NULL, 'imgs', '33333333333', 'fixed', 3, 'title', NULL, NULL);
INSERT INTO `page_component_prop` VALUES ('4028b8818594a6e5018595e6382a0029', '2023-01-09 17:39:30.986000', NULL, '2023-01-10 10:52:47.654000', NULL, '1', NULL, 'imgs', '4028b8818594a6e5018595e62e070027', 'fixed', 3, 'src', NULL, NULL);
INSERT INTO `page_component_prop` VALUES ('4028b8818594a6e50185963920c3002b', '2023-01-09 19:10:04.483000', NULL, '2023-01-10 10:52:47.634000', NULL, '1', NULL, 'imgs', '222222', 'fixed', 1, 'line1', NULL, NULL);
INSERT INTO `page_component_prop` VALUES ('4028b8818594a6e50185963920c3002c', '2023-01-09 19:10:04.483000', NULL, '2023-01-10 10:52:47.649000', NULL, '1', NULL, 'imgs', '222222', 'fixed', 1, 'line2', NULL, NULL);
INSERT INTO `page_component_prop` VALUES ('4028b88185969cc401859715a42e0008', '2023-01-09 23:10:56.045000', NULL, '2023-01-09 23:11:11.104000', NULL, '1', NULL, 'logo', '4028b88185969cc40185971526230005', 'fixed', NULL, NULL, NULL, NULL);
INSERT INTO `page_component_prop` VALUES ('4028b88185969cc401859715a42e0009', '2023-01-09 23:10:56.046000', NULL, '2023-01-09 23:11:11.096000', NULL, '1', NULL, 'menu', 'cms', 'fixed', 1, 'url', NULL, NULL);
INSERT INTO `page_component_prop` VALUES ('4028b88185969cc401859715a42e000a', '2023-01-09 23:10:56.046000', NULL, '2023-01-09 23:11:11.099000', NULL, '1', NULL, 'menu', '董立超', 'fixed', 1, 'name', NULL, NULL);
INSERT INTO `page_component_prop` VALUES ('4028b88185969cc401859715a42e000b', '2023-01-09 23:10:56.046000', NULL, '2023-01-09 23:11:11.100000', NULL, '1', NULL, 'menu', '李静', 'fixed', 2, 'name', NULL, NULL);
INSERT INTO `page_component_prop` VALUES ('4028b88185969cc401859715a42e000c', '2023-01-09 23:10:56.046000', NULL, '2023-01-09 23:11:11.102000', NULL, '1', NULL, 'menu', 'desktop', 'fixed', 2, 'url', NULL, NULL);
INSERT INTO `page_component_prop` VALUES ('4028b88185997fcd018599d3210e000b', '2023-01-10 11:57:08.750000', NULL, '2023-01-14 16:35:34.413000', NULL, '1', '4028b88185997fcd018599d3210e000a', 'logo', '4028b88185adc0f00185af6b6e340005', 'fixed', NULL, NULL, NULL, NULL);
INSERT INTO `page_component_prop` VALUES ('4028b88185997fcd018599d3210e000c', '2023-01-10 11:57:08.750000', NULL, '2023-01-14 16:35:34.406000', NULL, '1', '4028b88185997fcd018599d3210e000a', 'menu', '首页', 'fixed', 1, 'name', NULL, NULL);
INSERT INTO `page_component_prop` VALUES ('4028b88185997fcd018599d3210e000d', '2023-01-10 11:57:08.750000', NULL, '2023-01-14 16:35:34.408000', NULL, '1', '4028b88185997fcd018599d3210e000a', 'menu', 'cms', 'fixed', 1, 'url', NULL, NULL);
INSERT INTO `page_component_prop` VALUES ('4028b88185997fcd018599d3210e000e', '2023-01-10 11:57:08.750000', NULL, '2023-01-14 16:35:34.409000', NULL, '1', '4028b88185997fcd018599d3210e000a', 'menu', '产品', 'fixed', 2, 'name', NULL, NULL);
INSERT INTO `page_component_prop` VALUES ('4028b88185997fcd018599d3210e000f', '2023-01-10 11:57:08.750000', NULL, '2023-01-14 16:35:34.411000', NULL, '1', '4028b88185997fcd018599d3210e000a', 'menu', 'price', 'fixed', 2, 'url', NULL, NULL);
INSERT INTO `page_component_prop` VALUES ('4028b88185997fcd018599d3210e0010', '2023-01-10 11:57:08.750000', NULL, '2023-01-10 17:21:29.700000', NULL, '1', NULL, 'menu', 'vlife', 'fixed', 3, 'name', NULL, NULL);
INSERT INTO `page_component_prop` VALUES ('4028b88185997fcd018599d3210e0011', '2023-01-10 11:57:08.750000', NULL, '2023-01-10 17:21:29.702000', NULL, '1', NULL, 'menu', 'donglc', 'fixed', 3, 'url', NULL, NULL);
INSERT INTO `page_component_prop` VALUES ('4028b88185997fcd01859a69ebce001d', '2023-01-10 14:41:51.053000', NULL, '2023-01-10 16:18:16.630000', NULL, '1', NULL, 'size', '4', 'fixed', NULL, NULL, NULL, NULL);
INSERT INTO `page_component_prop` VALUES ('4028b88185997fcd01859a6b7fa30020', '2023-01-10 14:43:34.435000', NULL, '2023-01-10 16:18:16.620000', NULL, '1', NULL, 'infos', '全开源', 'fixed', 1, 'title', NULL, NULL);
INSERT INTO `page_component_prop` VALUES ('4028b88185997fcd01859a6b7fa30021', '2023-01-10 14:43:34.435000', NULL, '2023-01-10 16:18:16.623000', NULL, '1', NULL, 'infos', '4028b88185997fcd01859a6a8504001e', 'fixed', 1, 'img', NULL, NULL);
INSERT INTO `page_component_prop` VALUES ('4028b88185997fcd01859a6b7fa30022', '2023-01-10 14:43:34.435000', NULL, '2023-01-10 16:18:16.625000', NULL, '1', NULL, 'infos', '好用的开源平台', 'fixed', 1, 'desc', NULL, NULL);
INSERT INTO `page_component_prop` VALUES ('4028b88185997fcd01859a6b7fa30023', '2023-01-10 14:43:34.435000', NULL, '2023-01-10 16:18:16.626000', NULL, '1', NULL, 'infos', '全开源2', 'fixed', 2, 'title', NULL, NULL);
INSERT INTO `page_component_prop` VALUES ('4028b88185997fcd01859a6b7fa30024', '2023-01-10 14:43:34.435000', NULL, '2023-01-10 16:18:16.628000', NULL, '1', NULL, 'infos', '4028b88185997fcd01859a6ae277001f', 'fixed', 2, 'img', NULL, NULL);
INSERT INTO `page_component_prop` VALUES ('4028b88185997fcd01859a6b7fa30025', '2023-01-10 14:43:34.435000', NULL, '2023-01-10 16:18:16.629000', NULL, '1', NULL, 'infos', '很好用哦', 'fixed', 2, 'desc', NULL, NULL);
INSERT INTO `page_component_prop` VALUES ('4028b88185997fcd01859aa373c70028', '2023-01-10 15:44:41.415000', NULL, NULL, NULL, '1', '4028b88185997fcd01859aa373c70027', 'infos', '22', 'fixed', 1, 'title', NULL, NULL);
INSERT INTO `page_component_prop` VALUES ('4028b88185997fcd01859aa373c70029', '2023-01-10 15:44:41.415000', NULL, NULL, NULL, '1', '4028b88185997fcd01859aa373c70027', 'infos', '4028b88185997fcd01859aa331d40026', 'fixed', 1, 'img', NULL, NULL);
INSERT INTO `page_component_prop` VALUES ('4028b88185997fcd01859aa373c7002a', '2023-01-10 15:44:41.415000', NULL, NULL, NULL, '1', '4028b88185997fcd01859aa373c70027', 'title', '解决方案', 'fixed', NULL, NULL, NULL, NULL);
INSERT INTO `page_component_prop` VALUES ('4028b88185997fcd01859ac233bb002d', '2023-01-10 16:18:16.635000', NULL, NULL, NULL, '1', NULL, 'title', '解决方案', 'fixed', NULL, NULL, NULL, NULL);
INSERT INTO `page_component_prop` VALUES ('4028b88185997fcd01859ac233bb002e', '2023-01-10 16:18:16.635000', NULL, NULL, NULL, '1', NULL, 'infos', '研发平台', 'fixed', 1, 'title', NULL, NULL);
INSERT INTO `page_component_prop` VALUES ('4028b88185997fcd01859ac233bb002f', '2023-01-10 16:18:16.635000', NULL, NULL, NULL, '1', NULL, 'infos', '4028b88185997fcd01859ac1ea74002b', 'fixed', 1, 'img', NULL, NULL);
INSERT INTO `page_component_prop` VALUES ('4028b88185a01f270185a0cc3efb0003', '2023-01-11 20:26:58.171000', NULL, '2023-01-14 16:35:34.401000', NULL, '1', '4028b88185997fcd018599d3210e000a', 'menu', 'news', 'fixed', 3, 'url', NULL, NULL);
INSERT INTO `page_component_prop` VALUES ('4028b88185a01f270185a0cc3efb0004', '2023-01-11 20:26:58.171000', NULL, '2023-01-14 16:35:34.404000', NULL, '1', '4028b88185997fcd018599d3210e000a', 'menu', '新闻', 'fixed', 3, 'name', NULL, NULL);
INSERT INTO `page_component_prop` VALUES ('4028b88185a0f14c0185a1112b1e0001', '2023-01-11 21:42:15.069000', NULL, '2023-01-14 18:03:34.693000', NULL, '1', '4028b88185997fcd01859c85ea5f003b', 'imgs', '4028b88185a0f14c0185a11100c90000', 'fixed', 1, 'src', NULL, NULL);
INSERT INTO `page_component_prop` VALUES ('4028b88185a0f14c0185a1112b1f0002', '2023-01-11 21:42:15.071000', NULL, '2023-01-14 18:03:34.692000', NULL, '1', '4028b88185997fcd01859c85ea5f003b', 'imgs', '111222', 'fixed', 1, 'title', NULL, NULL);
INSERT INTO `page_component_prop` VALUES ('4028b88185a8b1e50185a9a23b450000', '2023-01-13 13:37:39.646000', NULL, '2023-01-13 14:22:55.494000', NULL, '1', NULL, 'onDataChange', 'oaNewsPage', NULL, NULL, NULL, NULL, NULL);
INSERT INTO `page_component_prop` VALUES ('4028b88185a9cb620185a9cbac030000', '2023-01-13 14:22:55.488000', NULL, NULL, NULL, '1', NULL, 'data', 'oaNewsPage', 'api', NULL, NULL, NULL, NULL);
INSERT INTO `page_component_prop` VALUES ('4028b88185adc0f00185ae4d110f0002', '2023-01-14 11:22:44.367000', NULL, '2023-01-14 17:02:15.105000', NULL, '1', NULL, 'data', 'oaNewsPage', 'api', NULL, NULL, NULL, NULL);
INSERT INTO `page_component_prop` VALUES ('4028b88185adc0f00185ae4d11100003', '2023-01-14 11:22:44.368000', NULL, '2023-01-14 17:02:15.103000', NULL, '1', NULL, 'onDataChange', 'oaNewsPage', NULL, NULL, NULL, NULL, NULL);
INSERT INTO `page_component_prop` VALUES ('4028b88185adc0f00185afbc0ba70008', '2023-01-14 18:03:34.695000', NULL, NULL, NULL, '1', '4028b88185997fcd01859c85ea5f003b', 'imgs', '6777777', 'fixed', 1, 'line1', NULL, NULL);
INSERT INTO `page_component_prop` VALUES ('4028b88185adc0f00185afbc0ba70009', '2023-01-14 18:03:34.695000', NULL, NULL, NULL, '1', '4028b88185997fcd01859c85ea5f003b', 'imgs', '999999999999999', 'fixed', 1, 'line2', NULL, NULL);
INSERT INTO `page_component_prop` VALUES ('4028b88185adc0f00185afbc0ba7000a', '2023-01-14 18:03:34.695000', NULL, NULL, NULL, '1', '4028b88185997fcd01859c85ea5f003b', 'imgs', '8888888', 'fixed', 2, 'title', NULL, NULL);
INSERT INTO `page_component_prop` VALUES ('4028b88185adc0f00185afbc0ba7000b', '2023-01-14 18:03:34.695000', NULL, NULL, NULL, '1', '4028b88185997fcd01859c85ea5f003b', 'imgs', '4028b88185adc0f00185afbbe5770007', 'fixed', 2, 'src', NULL, NULL);
INSERT INTO `page_component_prop` VALUES ('4028b88185adc0f00185afbc0ba7000c', '2023-01-14 18:03:34.695000', NULL, NULL, NULL, '1', '4028b88185997fcd01859c85ea5f003b', 'imgs', '7878', 'fixed', 2, 'line1', NULL, NULL);
INSERT INTO `page_component_prop` VALUES ('4028b88185adc0f00185afbc0ba7000d', '2023-01-14 18:03:34.695000', NULL, NULL, NULL, '1', '4028b88185997fcd01859c85ea5f003b', 'imgs', '9999', 'fixed', 2, 'line2', NULL, NULL);
INSERT INTO `page_component_prop` VALUES ('4028b88185adc0f00185b06341d7000f', '2023-01-14 21:06:13.079000', NULL, NULL, NULL, '1', '4028b88185adc0f00185b06341d7000e', 'data', 'oaNewsPage', 'api', NULL, NULL, NULL, NULL);
INSERT INTO `page_component_prop` VALUES ('4028b88185adc0f00185b06341d70012', '2023-01-14 21:06:13.079000', NULL, NULL, NULL, '1', '4028b88185adc0f00185b06341d7000e', 'onDataChange', 'oaNewsPage', NULL, NULL, NULL, NULL, NULL);
INSERT INTO `page_component_prop` VALUES ('4028b88185adc0f00185b096896d0017', '2023-01-14 22:02:13.741000', NULL, '2023-01-17 13:01:03.550000', NULL, '1', '4028b88185adc0f00185b096896d0016', 'menu', '首页', 'fixed', 1, 'name', NULL, NULL);
INSERT INTO `page_component_prop` VALUES ('4028b88185adc0f00185b096896d0018', '2023-01-14 22:02:13.741000', NULL, '2023-01-17 13:01:03.552000', NULL, '1', '4028b88185adc0f00185b096896d0016', 'menu', '产品', 'fixed', 2, 'name', NULL, NULL);
INSERT INTO `page_component_prop` VALUES ('4028b88185adc0f00185b096896d0019', '2023-01-14 22:02:13.741000', NULL, '2023-01-17 13:01:03.555000', NULL, '1', '4028b88185adc0f00185b096896d0016', 'menu', '新闻', 'fixed', 3, 'name', NULL, NULL);
INSERT INTO `page_component_prop` VALUES ('4028b88185adc0f00185b09d0a2e0027', '2023-01-14 22:09:19.918000', NULL, '2023-01-21 00:21:01.158000', NULL, '1', '4028b88185adc0f00185b09d0a2e0026', 'onDataChange', 'oaNewsPage', NULL, NULL, NULL, NULL, NULL);
INSERT INTO `page_component_prop` VALUES ('4028b88185adc0f00185b09d0a2e0028', '2023-01-14 22:09:19.918000', NULL, '2023-01-21 00:21:01.161000', NULL, '1', '4028b88185adc0f00185b09d0a2e0026', 'data', 'oaNewsPage', 'api', NULL, NULL, NULL, NULL);
INSERT INTO `page_component_prop` VALUES ('4028b88185adc0f00185b09df950002b', '2023-01-14 22:10:21.136000', NULL, '2023-01-17 13:01:03.545000', NULL, '1', '4028b88185adc0f00185b096896d0016', 'menu', 'cms', 'fixed', 1, 'url', NULL, NULL);
INSERT INTO `page_component_prop` VALUES ('4028b88185adc0f00185b09df954002c', '2023-01-14 22:10:21.140000', NULL, '2023-01-17 13:01:03.542000', NULL, '1', '4028b88185adc0f00185b096896d0016', 'menu', 'product', 'fixed', 2, 'url', NULL, NULL);
INSERT INTO `page_component_prop` VALUES ('4028b88185adc0f00185b09df957002d', '2023-01-14 22:10:21.143000', NULL, '2023-01-17 13:01:03.527000', NULL, '1', '4028b88185adc0f00185b096896d0016', 'menu', 'news', 'fixed', 3, 'url', NULL, NULL);
INSERT INTO `page_component_prop` VALUES ('4028b88185babe200185bb1de9310002', '2023-01-16 23:06:17.769000', NULL, '2023-01-29 19:51:33.862000', NULL, '1', '4028b88185b566730185b5f5cc140000', 'imgs', '222', 'fixed', 1, 'title', NULL, NULL);
INSERT INTO `page_component_prop` VALUES ('4028b88185babe200185bb1de9320003', '2023-01-16 23:06:17.778000', NULL, '2023-01-29 19:51:33.697000', NULL, '1', '4028b88185b566730185b5f5cc140000', 'imgs', '4028b88185babe200185bb1d5cd40000', 'fixed', 1, 'src', NULL, NULL);
INSERT INTO `page_component_prop` VALUES ('4028b88185babe200185bb1de9320004', '2023-01-16 23:06:17.778000', NULL, '2023-01-29 19:51:33.781000', NULL, '1', '4028b88185b566730185b5f5cc140000', 'imgs', '4028b88185babe200185bb1dbf930001', 'fixed', 2, 'src', NULL, NULL);
INSERT INTO `page_component_prop` VALUES ('4028b88185babe200185bb1de9320005', '2023-01-16 23:06:17.778000', NULL, '2023-01-29 19:51:33.802000', NULL, '1', '4028b88185b566730185b5f5cc140000', 'imgs', '222333', 'fixed', 2, 'title', NULL, NULL);
INSERT INTO `page_component_prop` VALUES ('4028b88185babe200185bb1de9320006', '2023-01-16 23:06:17.778000', NULL, '2023-01-29 19:51:33.823000', NULL, '1', '4028b88185b566730185b5f5cc140000', 'imgs', '1', 'fixed', 2, 'line1', NULL, NULL);
INSERT INTO `page_component_prop` VALUES ('4028b88185babe200185bb1de9320007', '2023-01-16 23:06:17.778000', NULL, '2023-01-29 19:51:33.834000', NULL, '1', '4028b88185b566730185b5f5cc140000', 'imgs', '2', 'fixed', 2, 'line2', NULL, NULL);
INSERT INTO `page_component_prop` VALUES ('4028b88185babe200185bb3301d2001b', '2023-01-16 23:29:20.338000', '40288a8182a656740182a659f4d10001', NULL, NULL, '1', NULL, 'datas', 'PROJECT_STATE', 'dict', NULL, NULL, NULL, '4028b88185babe200185bb323777001a');
INSERT INTO `page_component_prop` VALUES ('4028b88185bd802f0185be1a28e00000', '2023-01-17 13:01:03.558000', NULL, NULL, NULL, '1', '4028b88185adc0f00185b096896d0016', 'title', 'vlife低代码', 'fixed', NULL, NULL, NULL, NULL);
INSERT INTO `page_component_prop` VALUES ('4028b88185c38a810185c5488e2d0009', '2023-01-18 22:29:04.685000', NULL, NULL, NULL, '1', NULL, 'data', 'oaNewsPage', 'api', NULL, NULL, NULL, NULL);
INSERT INTO `page_component_prop` VALUES ('4028b88185c38a810185c5488e2e000c', '2023-01-18 22:29:04.686000', NULL, NULL, NULL, '1', NULL, 'onDataChange', 'oaNewsPage', NULL, NULL, NULL, NULL, NULL);
INSERT INTO `page_component_prop` VALUES ('4028b88185f32b720185f334c6ad0002', '2023-01-27 20:30:00.365000', NULL, NULL, NULL, '1', NULL, 'imgs', '777', 'fixed', 1, 'title', NULL, NULL);
INSERT INTO `page_component_prop` VALUES ('4028b88185f32b720185f34b64390006', '2023-01-27 20:54:42.489000', NULL, NULL, NULL, '1', '4028b88185f32b720185f34b64390005', 'title', '我的图标i', 'fixed', NULL, NULL, NULL, NULL);
INSERT INTO `page_component_prop` VALUES ('4028b88185f32b720185f34b64410007', '2023-01-27 20:54:42.489000', NULL, NULL, NULL, '1', '4028b88185f32b720185f34b64390005', 'group', 'sysDeptId', 'fixed', NULL, NULL, NULL, NULL);
INSERT INTO `page_component_prop` VALUES ('4028b88185f32b720185f34b64410008', '2023-01-27 20:54:42.497000', NULL, NULL, NULL, '1', '4028b88185f32b720185f34b64390005', 'codes', 'numnum', 'fixed', 1, NULL, NULL, NULL);

-- ----------------------------
-- Table structure for page_layout
-- ----------------------------
DROP TABLE IF EXISTS `page_layout`;
CREATE TABLE `page_layout`  (
  `id` varchar(50) CHARACTER SET utf8mb4 COLLATE utf8mb4_unicode_ci NOT NULL,
  `create_date` datetime(6) NULL DEFAULT NULL,
  `create_id` varchar(255) CHARACTER SET utf8mb4 COLLATE utf8mb4_unicode_ci NULL DEFAULT NULL,
  `modify_date` datetime(6) NULL DEFAULT NULL,
  `modify_id` varchar(255) CHARACTER SET utf8mb4 COLLATE utf8mb4_unicode_ci NULL DEFAULT NULL,
  `status` varchar(2) CHARACTER SET utf8mb4 COLLATE utf8mb4_unicode_ci NULL DEFAULT NULL,
  `name` varchar(255) CHARACTER SET utf8mb4 COLLATE utf8mb4_unicode_ci NULL DEFAULT NULL,
  `auth` bit(1) NULL DEFAULT NULL,
  `url` varchar(255) CHARACTER SET utf8mb4 COLLATE utf8mb4_unicode_ci NULL DEFAULT NULL,
  `module` bit(1) NULL DEFAULT NULL,
  `h` int(11) NULL DEFAULT NULL,
  `img` varchar(255) CHARACTER SET utf8mb4 COLLATE utf8mb4_unicode_ci NULL DEFAULT NULL,
  `over1` bit(1) NULL DEFAULT NULL,
  `component_over` bit(1) NULL DEFAULT NULL,
  PRIMARY KEY (`id`) USING BTREE
) ENGINE = InnoDB CHARACTER SET = utf8mb4 COLLATE = utf8mb4_unicode_ci ROW_FORMAT = DYNAMIC;

-- ----------------------------
-- Records of page_layout
-- ----------------------------
INSERT INTO `page_layout` VALUES ('4028b88185adc0f00185b096896d0015', '2023-01-14 22:02:13.741000', NULL, '2023-01-17 13:01:03.498000', NULL, '1', '菜单栏', NULL, NULL, b'1', 43, '4028b88185adc0f00185b095adfd0014', NULL, NULL);
INSERT INTO `page_layout` VALUES ('4028b88185adc0f00185b09949d5001d', '2023-01-14 22:05:14.069000', NULL, '2023-01-29 19:51:33.565000', NULL, '1', 'vlife低代码平台', NULL, 'cms', b'0', 43, 'ff80808185fd01c80185fd5d28e4000a', NULL, NULL);
INSERT INTO `page_layout` VALUES ('4028b88185adc0f00185b09b2cb00021', '2023-01-14 22:07:17.680000', NULL, '2023-01-21 10:22:50.049000', NULL, '1', '产品页', NULL, 'product', NULL, 43, NULL, NULL, NULL);
INSERT INTO `page_layout` VALUES ('4028b88185adc0f00185b09d0a2e0024', '2023-01-14 22:09:19.918000', NULL, '2023-01-21 00:21:01.149000', NULL, '1', '新闻页', NULL, 'news', b'0', 520, NULL, NULL, b'0');
INSERT INTO `page_layout` VALUES ('4028b88185b30e080185b3172d0c0000', '2023-01-15 09:41:58.659000', NULL, '2023-01-27 20:54:42.481000', NULL, '1', '桌面', NULL, 'desktop', NULL, 130, NULL, NULL, b'0');
INSERT INTO `page_layout` VALUES ('4028b88185c02b5e0185c05e6efe0000', '2023-01-17 23:34:52.411000', NULL, '2023-01-20 23:36:44.519000', NULL, '1', '组件覆盖页面', NULL, 'over', NULL, 905, NULL, NULL, b'0');

-- ----------------------------
-- Table structure for report_item
-- ----------------------------
DROP TABLE IF EXISTS `report_item`;
CREATE TABLE `report_item`  (
  `id` varchar(50) CHARACTER SET utf8mb4 COLLATE utf8mb4_general_ci NOT NULL,
  `create_date` datetime(6) NULL DEFAULT NULL,
  `create_id` varchar(255) CHARACTER SET utf8mb4 COLLATE utf8mb4_general_ci NULL DEFAULT NULL,
  `modify_date` datetime(6) NULL DEFAULT NULL,
  `modify_id` varchar(255) CHARACTER SET utf8mb4 COLLATE utf8mb4_general_ci NULL DEFAULT NULL,
  `status` varchar(2) CHARACTER SET utf8mb4 COLLATE utf8mb4_general_ci NULL DEFAULT NULL,
  `code` varchar(255) CHARACTER SET utf8mb4 COLLATE utf8mb4_general_ci NULL DEFAULT NULL,
  `field_name` varchar(255) CHARACTER SET utf8mb4 COLLATE utf8mb4_general_ci NULL DEFAULT NULL,
  `form_condition_id` varchar(255) CHARACTER SET utf8mb4 COLLATE utf8mb4_general_ci NULL DEFAULT NULL,
  `form_id` varchar(255) CHARACTER SET utf8mb4 COLLATE utf8mb4_general_ci NULL DEFAULT NULL,
  `func` varchar(255) CHARACTER SET utf8mb4 COLLATE utf8mb4_general_ci NULL DEFAULT NULL,
  `having_filter` varchar(255) CHARACTER SET utf8mb4 COLLATE utf8mb4_general_ci NULL DEFAULT NULL,
  `name` varchar(255) CHARACTER SET utf8mb4 COLLATE utf8mb4_general_ci NULL DEFAULT NULL,
  `form_field_id` varchar(255) CHARACTER SET utf8mb4 COLLATE utf8mb4_general_ci NULL DEFAULT NULL,
  `match_code` varchar(255) CHARACTER SET utf8mb4 COLLATE utf8mb4_general_ci NULL DEFAULT NULL,
  `report_item_id` varchar(255) CHARACTER SET utf8mb4 COLLATE utf8mb4_general_ci NULL DEFAULT NULL,
  PRIMARY KEY (`id`) USING BTREE
) ENGINE = InnoDB CHARACTER SET = utf8mb4 COLLATE = utf8mb4_general_ci ROW_FORMAT = DYNAMIC;

-- ----------------------------
-- Records of report_item
-- ----------------------------
INSERT INTO `report_item` VALUES ('40288a818457ce4f018457d2cad40000', '2022-11-08 23:19:03.115000', NULL, '2023-01-03 22:32:42.826000', NULL, '1', 'avg', 'amount', NULL, '4028b8818576b48b018576bba36f0000', 'avg', NULL, '合同均值', NULL, NULL, NULL);
INSERT INTO `report_item` VALUES ('40288a818457dbdc018457e44d900000', '2022-11-08 23:38:10.697000', NULL, '2023-01-05 10:09:29.434000', NULL, '1', 'totalMoney', 'amount', NULL, '4028b8818576b48b018576bba36f0000', 'sum', NULL, '总合同额', NULL, NULL, NULL);
INSERT INTO `report_item` VALUES ('4028b88184ad070f0184ad179c190000', '2022-11-25 12:41:56.501000', NULL, '2023-01-03 22:31:27.354000', NULL, '1', 'numnum', 'id', '4028b8818576b48b0185774e4d070082', '4028b8818576b48b018576bba36f0000', 'count', NULL, '合同数量', NULL, NULL, NULL);

-- ----------------------------
-- Table structure for report_kpi
-- ----------------------------
DROP TABLE IF EXISTS `report_kpi`;
CREATE TABLE `report_kpi`  (
  `id` varchar(50) CHARACTER SET utf8mb4 COLLATE utf8mb4_general_ci NOT NULL,
  `create_date` datetime(6) NULL DEFAULT NULL,
  `create_id` varchar(255) CHARACTER SET utf8mb4 COLLATE utf8mb4_general_ci NULL DEFAULT NULL,
  `modify_date` datetime(6) NULL DEFAULT NULL,
  `modify_id` varchar(255) CHARACTER SET utf8mb4 COLLATE utf8mb4_general_ci NULL DEFAULT NULL,
  `status` varchar(2) CHARACTER SET utf8mb4 COLLATE utf8mb4_general_ci NULL DEFAULT NULL,
  `code` varchar(255) CHARACTER SET utf8mb4 COLLATE utf8mb4_general_ci NULL DEFAULT NULL,
  `form_id` varchar(255) CHARACTER SET utf8mb4 COLLATE utf8mb4_general_ci NULL DEFAULT NULL,
  `name` varchar(255) CHARACTER SET utf8mb4 COLLATE utf8mb4_general_ci NULL DEFAULT NULL,
  `report_item_id` varchar(255) CHARACTER SET utf8mb4 COLLATE utf8mb4_general_ci NULL DEFAULT NULL,
  `report_item_other_id` varchar(255) CHARACTER SET utf8mb4 COLLATE utf8mb4_general_ci NULL DEFAULT NULL,
  PRIMARY KEY (`id`) USING BTREE
) ENGINE = InnoDB CHARACTER SET = utf8mb4 COLLATE = utf8mb4_general_ci ROW_FORMAT = DYNAMIC;

-- ----------------------------
-- Records of report_kpi
-- ----------------------------
INSERT INTO `report_kpi` VALUES ('1234', '2022-11-08 23:38:44.098000', NULL, '2022-11-25 21:23:29.173000', NULL, '0', 'bl', '40288a8184022597018405415ee20000', '比率1', '40288a818457ce4f018457d2cad40000', NULL);
INSERT INTO `report_kpi` VALUES ('40288a818457dbdc018457e4d0030001', '2022-11-08 23:38:44.098000', NULL, '2023-01-03 22:37:14.695000', NULL, '1', 'bl', '4028b8818576b48b018576bba36f0000', '指标A', '40288a818457ce4f018457d2cad40000', '40288a818457dbdc018457e44d900000');

-- ----------------------------
-- Table structure for report_table
-- ----------------------------
DROP TABLE IF EXISTS `report_table`;
CREATE TABLE `report_table`  (
  `id` varchar(50) CHARACTER SET utf8mb4 COLLATE utf8mb4_general_ci NOT NULL,
  `create_date` datetime(6) NULL DEFAULT NULL,
  `create_id` varchar(255) CHARACTER SET utf8mb4 COLLATE utf8mb4_general_ci NULL DEFAULT NULL,
  `modify_date` datetime(6) NULL DEFAULT NULL,
  `modify_id` varchar(255) CHARACTER SET utf8mb4 COLLATE utf8mb4_general_ci NULL DEFAULT NULL,
  `status` varchar(2) CHARACTER SET utf8mb4 COLLATE utf8mb4_general_ci NULL DEFAULT NULL,
  `code` varchar(255) CHARACTER SET utf8mb4 COLLATE utf8mb4_general_ci NULL DEFAULT NULL,
  `func` varchar(255) CHARACTER SET utf8mb4 COLLATE utf8mb4_general_ci NULL DEFAULT NULL,
  `group_column` varchar(255) CHARACTER SET utf8mb4 COLLATE utf8mb4_general_ci NULL DEFAULT NULL,
  `name` varchar(255) CHARACTER SET utf8mb4 COLLATE utf8mb4_general_ci NULL DEFAULT NULL,
  PRIMARY KEY (`id`) USING BTREE
) ENGINE = InnoDB CHARACTER SET = utf8mb4 COLLATE = utf8mb4_general_ci ROW_FORMAT = DYNAMIC;

-- ----------------------------
-- Records of report_table
-- ----------------------------
INSERT INTO `report_table` VALUES ('4028b88184efb2f70184f1d647ef0099', '2022-12-08 21:04:23.023000', '40288a8182a656740182a659f4d10001', '2023-01-03 22:43:21.949000', '40288a8182a656740182a659f4d10001', '1', 'dept', NULL, 'sysDeptId', '部门项目情况统计');
INSERT INTO `report_table` VALUES ('4028b88184efb2f70184f1d88d0f00a4', '2022-12-08 21:06:51.791000', '40288a8182a656740182a659f4d10001', '2023-01-03 22:43:17.723000', '40288a8182a656740182a659f4d10001', '1', 'unit', NULL, 'sysOrgId', '单位项目情况统计');
INSERT INTO `report_table` VALUES ('4028b881856c601401856d8e036d002c', '2023-01-01 21:38:21.677000', '40288a8182a656740182a659f4d10001', '2023-01-04 23:35:42.215000', '40288a8182a656740182a659f4d10001', '1', '333', NULL, 'sysAreaId', '地区项目情况统计');

-- ----------------------------
-- Table structure for report_table_item
-- ----------------------------
DROP TABLE IF EXISTS `report_table_item`;
CREATE TABLE `report_table_item`  (
  `id` varchar(50) CHARACTER SET utf8mb4 COLLATE utf8mb4_general_ci NOT NULL,
  `create_date` datetime(6) NULL DEFAULT NULL,
  `create_id` varchar(255) CHARACTER SET utf8mb4 COLLATE utf8mb4_general_ci NULL DEFAULT NULL,
  `modify_date` datetime(6) NULL DEFAULT NULL,
  `modify_id` varchar(255) CHARACTER SET utf8mb4 COLLATE utf8mb4_general_ci NULL DEFAULT NULL,
  `status` varchar(2) CHARACTER SET utf8mb4 COLLATE utf8mb4_general_ci NULL DEFAULT NULL,
  `report_item_id` varchar(255) CHARACTER SET utf8mb4 COLLATE utf8mb4_general_ci NULL DEFAULT NULL,
  `report_kpi_id` varchar(255) CHARACTER SET utf8mb4 COLLATE utf8mb4_general_ci NULL DEFAULT NULL,
  `report_table_id` varchar(255) CHARACTER SET utf8mb4 COLLATE utf8mb4_general_ci NULL DEFAULT NULL,
  `sort` int(11) NULL DEFAULT NULL,
  `title` varchar(255) CHARACTER SET utf8mb4 COLLATE utf8mb4_general_ci NULL DEFAULT NULL,
  PRIMARY KEY (`id`) USING BTREE
) ENGINE = InnoDB CHARACTER SET = utf8mb4 COLLATE = utf8mb4_general_ci ROW_FORMAT = DYNAMIC;

-- ----------------------------
-- Records of report_table_item
-- ----------------------------
INSERT INTO `report_table_item` VALUES ('4028b88184efb2f70184f1d647f0009a', '2022-12-08 21:04:23.024000', '40288a8182a656740182a659f4d10001', NULL, NULL, '1', '40288a818457dbdc018457e44d900000', NULL, NULL, 0, NULL);
INSERT INTO `report_table_item` VALUES ('4028b88184efb2f70184f1d647f0009b', '2022-12-08 21:04:23.024000', '40288a8182a656740182a659f4d10001', NULL, NULL, '1', '40288a818457ce4f018457d2cad40000', NULL, NULL, 1, NULL);
INSERT INTO `report_table_item` VALUES ('4028b88184efb2f70184f1d647f1009c', '2022-12-08 21:04:23.025000', '40288a8182a656740182a659f4d10001', NULL, NULL, '1', '4028b88184ad070f0184ad179c190000', NULL, NULL, 2, NULL);
INSERT INTO `report_table_item` VALUES ('4028b88184efb2f70184f1d647f1009d', '2022-12-08 21:04:23.025000', '40288a8182a656740182a659f4d10001', '2023-01-01 17:53:59.612000', '40288a8182a656740182a659f4d10001', '1', NULL, '40288a818457dbdc018457e4d0030001', '4028b881856c601401856cc0993c0008', 3, NULL);
INSERT INTO `report_table_item` VALUES ('4028b88184efb2f70184f1d7fa08009e', '2022-12-08 21:06:14.152000', '40288a8182a656740182a659f4d10001', NULL, NULL, '1', '40288a818457dbdc018457e44d900000', NULL, NULL, 0, NULL);
INSERT INTO `report_table_item` VALUES ('4028b88184efb2f70184f1d7fa09009f', '2022-12-08 21:06:14.153000', '40288a8182a656740182a659f4d10001', NULL, NULL, '1', '40288a818457ce4f018457d2cad40000', NULL, NULL, 1, NULL);
INSERT INTO `report_table_item` VALUES ('4028b88184efb2f70184f1d7fa0900a0', '2022-12-08 21:06:14.153000', '40288a8182a656740182a659f4d10001', NULL, NULL, '1', '4028b88184ad070f0184ad179c190000', NULL, NULL, 2, NULL);
INSERT INTO `report_table_item` VALUES ('4028b88184efb2f70184f1d7fa2500a1', '2022-12-08 21:06:14.181000', '40288a8182a656740182a659f4d10001', NULL, NULL, '1', '40288a818457dbdc018457e44d900000', NULL, NULL, 0, NULL);
INSERT INTO `report_table_item` VALUES ('4028b88184efb2f70184f1d7fa2500a2', '2022-12-08 21:06:14.181000', '40288a8182a656740182a659f4d10001', NULL, NULL, '1', '40288a818457ce4f018457d2cad40000', NULL, NULL, 1, NULL);
INSERT INTO `report_table_item` VALUES ('4028b88184efb2f70184f1d7fa2500a3', '2022-12-08 21:06:14.181000', '40288a8182a656740182a659f4d10001', NULL, NULL, '1', '4028b88184ad070f0184ad179c190000', NULL, NULL, 2, NULL);
INSERT INTO `report_table_item` VALUES ('4028b88184efb2f70184f1d88d0f00a5', '2022-12-08 21:06:51.791000', '40288a8182a656740182a659f4d10001', '2023-01-01 17:53:52.514000', '40288a8182a656740182a659f4d10001', '1', NULL, '40288a818457dbdc018457e4d0030001', '4028b881856c601401856cc07d820004', 0, NULL);
INSERT INTO `report_table_item` VALUES ('4028b88184efb2f70184f1d88d0f00a6', '2022-12-08 21:06:51.791000', '40288a8182a656740182a659f4d10001', NULL, NULL, '1', '40288a818457dbdc018457e44d900000', NULL, NULL, 1, NULL);
INSERT INTO `report_table_item` VALUES ('4028b88184efb2f70184f1d88d1000a7', '2022-12-08 21:06:51.791000', '40288a8182a656740182a659f4d10001', NULL, NULL, '1', '4028b88184ad070f0184ad179c190000', NULL, NULL, 2, NULL);
INSERT INTO `report_table_item` VALUES ('4028b88184efb2f70184f1d88d1000a8', '2022-12-08 21:06:51.792000', '40288a8182a656740182a659f4d10001', NULL, NULL, '1', '40288a818457ce4f018457d2cad40000', NULL, NULL, 3, NULL);
INSERT INTO `report_table_item` VALUES ('4028b88184efb2f70184f1d9635f00a9', '2022-12-08 21:07:46.655000', '40288a8182a656740182a659f4d10001', NULL, NULL, '1', '40288a818457dbdc018457e44d900000', NULL, NULL, 1, NULL);
INSERT INTO `report_table_item` VALUES ('4028b88184efb2f70184f1d9635f00aa', '2022-12-08 21:07:46.655000', '40288a8182a656740182a659f4d10001', NULL, NULL, '1', '4028b88184ad070f0184ad179c190000', NULL, NULL, 2, NULL);
INSERT INTO `report_table_item` VALUES ('4028b88184efb2f70184f1d9635f00ab', '2022-12-08 21:07:46.655000', '40288a8182a656740182a659f4d10001', NULL, NULL, '1', '40288a818457ce4f018457d2cad40000', NULL, NULL, 3, NULL);
INSERT INTO `report_table_item` VALUES ('4028b881856c601401856cc07d8c0005', '2023-01-01 17:53:52.523000', '40288a8182a656740182a659f4d10001', NULL, NULL, '1', '40288a818457dbdc018457e44d900000', NULL, '4028b881856c601401856cc07d820004', 1, NULL);
INSERT INTO `report_table_item` VALUES ('4028b881856c601401856cc07d8d0006', '2023-01-01 17:53:52.524000', '40288a8182a656740182a659f4d10001', NULL, NULL, '1', '4028b88184ad070f0184ad179c190000', NULL, '4028b881856c601401856cc07d820004', 2, NULL);
INSERT INTO `report_table_item` VALUES ('4028b881856c601401856cc07d8d0007', '2023-01-01 17:53:52.525000', '40288a8182a656740182a659f4d10001', NULL, NULL, '1', '40288a818457ce4f018457d2cad40000', NULL, '4028b881856c601401856cc07d820004', 3, NULL);
INSERT INTO `report_table_item` VALUES ('4028b881856c601401856cc0993c0009', '2023-01-01 17:53:59.612000', '40288a8182a656740182a659f4d10001', NULL, NULL, '1', '40288a818457dbdc018457e44d900000', NULL, '4028b881856c601401856cc0993c0008', 0, NULL);
INSERT INTO `report_table_item` VALUES ('4028b881856c601401856cc0993c000a', '2023-01-01 17:53:59.612000', '40288a8182a656740182a659f4d10001', NULL, NULL, '1', '40288a818457ce4f018457d2cad40000', NULL, '4028b881856c601401856cc0993c0008', 1, NULL);
INSERT INTO `report_table_item` VALUES ('4028b881856c601401856cc0993c000b', '2023-01-01 17:53:59.612000', '40288a8182a656740182a659f4d10001', NULL, NULL, '1', '4028b88184ad070f0184ad179c190000', NULL, '4028b881856c601401856cc0993c0008', 2, NULL);
INSERT INTO `report_table_item` VALUES ('4028b881856c601401856cc55c5a000c', '2023-01-01 17:59:11.706000', '40288a8182a656740182a659f4d10001', NULL, NULL, '1', NULL, '40288a818457dbdc018457e4d0030001', NULL, 0, NULL);
INSERT INTO `report_table_item` VALUES ('4028b881856c601401856cc55c5a000d', '2023-01-01 17:59:11.706000', '40288a8182a656740182a659f4d10001', NULL, NULL, '1', '4028b88184ad070f0184ad179c190000', NULL, NULL, 1, NULL);
INSERT INTO `report_table_item` VALUES ('4028b881856c601401856cc55c5a000e', '2023-01-01 17:59:11.706000', '40288a8182a656740182a659f4d10001', NULL, NULL, '1', '40288a818457dbdc018457e44d900000', NULL, NULL, 2, NULL);
INSERT INTO `report_table_item` VALUES ('4028b881856c601401856cc55c5a000f', '2023-01-01 17:59:11.706000', '40288a8182a656740182a659f4d10001', NULL, NULL, '1', '40288a818457ce4f018457d2cad40000', NULL, NULL, 3, NULL);
INSERT INTO `report_table_item` VALUES ('4028b881856c601401856d663cab0010', '2023-01-01 20:54:54.891000', '40288a8182a656740182a659f4d10001', NULL, NULL, '1', '4028b88184ad070f0184ad179c190000', NULL, NULL, 0, NULL);
INSERT INTO `report_table_item` VALUES ('4028b881856c601401856d663cab0011', '2023-01-01 20:54:54.891000', '40288a8182a656740182a659f4d10001', NULL, NULL, '1', '40288a818457ce4f018457d2cad40000', NULL, NULL, 1, NULL);
INSERT INTO `report_table_item` VALUES ('4028b881856c601401856d663cab0012', '2023-01-01 20:54:54.891000', '40288a8182a656740182a659f4d10001', NULL, NULL, '1', '40288a818457dbdc018457e44d900000', NULL, NULL, 2, NULL);
INSERT INTO `report_table_item` VALUES ('4028b881856c601401856d663cab0013', '2023-01-01 20:54:54.891000', '40288a8182a656740182a659f4d10001', NULL, NULL, '1', NULL, '40288a818457dbdc018457e4d0030001', NULL, 3, NULL);
INSERT INTO `report_table_item` VALUES ('4028b881856c601401856d68aadb0015', '2023-01-01 20:57:34.171000', '40288a8182a656740182a659f4d10001', NULL, NULL, '1', NULL, '40288a818457dbdc018457e4d0030001', '', 0, NULL);
INSERT INTO `report_table_item` VALUES ('4028b881856c601401856d68aadb0016', '2023-01-01 20:57:34.171000', '40288a8182a656740182a659f4d10001', NULL, NULL, '1', '4028b88184ad070f0184ad179c190000', NULL, '', 1, NULL);
INSERT INTO `report_table_item` VALUES ('4028b881856c601401856d68aadc0017', '2023-01-01 20:57:34.171000', '40288a8182a656740182a659f4d10001', NULL, NULL, '1', '40288a818457dbdc018457e44d900000', NULL, '', 2, NULL);
INSERT INTO `report_table_item` VALUES ('4028b881856c601401856d68aadc0018', '2023-01-01 20:57:34.172000', '40288a8182a656740182a659f4d10001', NULL, NULL, '1', '40288a818457ce4f018457d2cad40000', NULL, '', 3, NULL);
INSERT INTO `report_table_item` VALUES ('4028b881856c601401856d69eb0e001a', '2023-01-01 20:58:56.142000', '40288a8182a656740182a659f4d10001', NULL, NULL, '1', NULL, '40288a818457dbdc018457e4d0030001', NULL, 0, NULL);
INSERT INTO `report_table_item` VALUES ('4028b881856c601401856d69eb0e001b', '2023-01-01 20:58:56.142000', '40288a8182a656740182a659f4d10001', NULL, NULL, '1', '4028b88184ad070f0184ad179c190000', NULL, NULL, 1, NULL);
INSERT INTO `report_table_item` VALUES ('4028b881856c601401856d69eb0f001c', '2023-01-01 20:58:56.143000', '40288a8182a656740182a659f4d10001', NULL, NULL, '1', '40288a818457dbdc018457e44d900000', NULL, NULL, 2, NULL);
INSERT INTO `report_table_item` VALUES ('4028b881856c601401856d69eb0f001d', '2023-01-01 20:58:56.143000', '40288a8182a656740182a659f4d10001', NULL, NULL, '1', '40288a818457ce4f018457d2cad40000', NULL, NULL, 3, NULL);
INSERT INTO `report_table_item` VALUES ('4028b881856c601401856d8aee75001f', '2023-01-01 21:34:59.701000', '40288a8182a656740182a659f4d10001', NULL, NULL, '1', NULL, '40288a818457dbdc018457e4d0030001', NULL, 0, NULL);
INSERT INTO `report_table_item` VALUES ('4028b881856c601401856d8aee750020', '2023-01-01 21:34:59.701000', '40288a8182a656740182a659f4d10001', NULL, NULL, '1', '4028b88184ad070f0184ad179c190000', NULL, NULL, 1, NULL);
INSERT INTO `report_table_item` VALUES ('4028b881856c601401856d8aee760021', '2023-01-01 21:34:59.702000', '40288a8182a656740182a659f4d10001', NULL, NULL, '1', '40288a818457dbdc018457e44d900000', NULL, NULL, 2, NULL);
INSERT INTO `report_table_item` VALUES ('4028b881856c601401856d8aee760022', '2023-01-01 21:34:59.702000', '40288a8182a656740182a659f4d10001', NULL, NULL, '1', '40288a818457ce4f018457d2cad40000', NULL, NULL, 3, NULL);
INSERT INTO `report_table_item` VALUES ('4028b881856c601401856d8c47f10024', '2023-01-01 21:36:28.144000', '40288a8182a656740182a659f4d10001', NULL, NULL, '1', NULL, '40288a818457dbdc018457e4d0030001', '4028b881856c601401856d8c47f00023', 0, NULL);
INSERT INTO `report_table_item` VALUES ('4028b881856c601401856d8c47f20025', '2023-01-01 21:36:28.146000', '40288a8182a656740182a659f4d10001', NULL, NULL, '1', '4028b88184ad070f0184ad179c190000', NULL, '4028b881856c601401856d8c47f00023', 1, NULL);
INSERT INTO `report_table_item` VALUES ('4028b881856c601401856d8c47f20026', '2023-01-01 21:36:28.146000', '40288a8182a656740182a659f4d10001', NULL, NULL, '1', '40288a818457dbdc018457e44d900000', NULL, '4028b881856c601401856d8c47f00023', 2, NULL);
INSERT INTO `report_table_item` VALUES ('4028b881856c601401856d8d618e0028', '2023-01-01 21:37:40.238000', '40288a8182a656740182a659f4d10001', NULL, NULL, '1', NULL, '40288a818457dbdc018457e4d0030001', '4028b881856c601401856d8d618e0027', 0, NULL);
INSERT INTO `report_table_item` VALUES ('4028b881856c601401856d8d618e0029', '2023-01-01 21:37:40.238000', '40288a8182a656740182a659f4d10001', NULL, NULL, '1', '4028b88184ad070f0184ad179c190000', NULL, '4028b881856c601401856d8d618e0027', 1, NULL);
INSERT INTO `report_table_item` VALUES ('4028b881856c601401856d8d618e002a', '2023-01-01 21:37:40.238000', '40288a8182a656740182a659f4d10001', NULL, NULL, '1', '40288a818457dbdc018457e44d900000', NULL, '4028b881856c601401856d8d618e0027', 2, NULL);
INSERT INTO `report_table_item` VALUES ('4028b881856c601401856d8d618e002b', '2023-01-01 21:37:40.238000', '40288a8182a656740182a659f4d10001', NULL, NULL, '1', '40288a818457ce4f018457d2cad40000', NULL, '4028b881856c601401856d8d618e0027', 3, NULL);
INSERT INTO `report_table_item` VALUES ('4028b881856c601401856d8e036d002d', '2023-01-01 21:38:21.677000', '40288a8182a656740182a659f4d10001', '2023-01-02 09:54:56.132000', '40288a8182a656740182a659f4d10001', '1', NULL, '40288a818457dbdc018457e4d0030001', NULL, 0, NULL);
INSERT INTO `report_table_item` VALUES ('4028b881856c601401856d8e036d002e', '2023-01-01 21:38:21.677000', '40288a8182a656740182a659f4d10001', NULL, NULL, '1', '4028b88184ad070f0184ad179c190000', NULL, NULL, 1, NULL);
INSERT INTO `report_table_item` VALUES ('4028b881856c601401856d8e036d002f', '2023-01-01 21:38:21.677000', '40288a8182a656740182a659f4d10001', NULL, NULL, '1', '40288a818457dbdc018457e44d900000', NULL, NULL, 2, NULL);
INSERT INTO `report_table_item` VALUES ('4028b881856c601401856d8e036d0030', '2023-01-01 21:38:21.677000', '40288a8182a656740182a659f4d10001', NULL, NULL, '1', '40288a818457ce4f018457d2cad40000', NULL, NULL, 3, NULL);
INSERT INTO `report_table_item` VALUES ('4028b881857029f80185702fc2560005', '2023-01-02 09:54:16.277000', '40288a8182a656740182a659f4d10001', NULL, NULL, '1', '4028b88184ad070f0184ad179c190000', NULL, NULL, 1, NULL);
INSERT INTO `report_table_item` VALUES ('4028b881857029f80185702fc2560006', '2023-01-02 09:54:16.278000', '40288a8182a656740182a659f4d10001', NULL, NULL, '1', '40288a818457dbdc018457e44d900000', NULL, NULL, 2, NULL);
INSERT INTO `report_table_item` VALUES ('4028b881857029f80185702fc2570007', '2023-01-02 09:54:16.278000', '40288a8182a656740182a659f4d10001', NULL, NULL, '1', '40288a818457ce4f018457d2cad40000', NULL, NULL, 3, NULL);
INSERT INTO `report_table_item` VALUES ('4028b881857029f8018570305e080008', '2023-01-02 09:54:56.136000', '40288a8182a656740182a659f4d10001', NULL, NULL, '1', '4028b88184ad070f0184ad179c190000', NULL, NULL, 1, NULL);
INSERT INTO `report_table_item` VALUES ('4028b881857029f8018570305e090009', '2023-01-02 09:54:56.137000', '40288a8182a656740182a659f4d10001', NULL, NULL, '1', '40288a818457dbdc018457e44d900000', NULL, NULL, 2, NULL);
INSERT INTO `report_table_item` VALUES ('4028b881857029f8018570305e09000a', '2023-01-02 09:54:56.137000', '40288a8182a656740182a659f4d10001', NULL, NULL, '1', '40288a818457ce4f018457d2cad40000', NULL, NULL, 3, NULL);
INSERT INTO `report_table_item` VALUES ('4028b8818577607501857814a800003b', '2023-01-03 22:41:37.792000', '40288a8182a656740182a659f4d10001', NULL, NULL, '1', '40288a818457dbdc018457e44d900000', NULL, NULL, 0, NULL);
INSERT INTO `report_table_item` VALUES ('4028b8818577607501857814a800003c', '2023-01-03 22:41:37.792000', '40288a8182a656740182a659f4d10001', NULL, NULL, '1', '4028b88184ad070f0184ad179c190000', NULL, NULL, 1, NULL);
INSERT INTO `report_table_item` VALUES ('4028b8818577607501857814a801003d', '2023-01-03 22:41:37.792000', '40288a8182a656740182a659f4d10001', NULL, NULL, '1', '40288a818457ce4f018457d2cad40000', NULL, NULL, 2, NULL);
INSERT INTO `report_table_item` VALUES ('4028b8818577607501857814a801003e', '2023-01-03 22:41:37.793000', '40288a8182a656740182a659f4d10001', NULL, NULL, '1', NULL, '40288a818457dbdc018457e4d0030001', NULL, 3, NULL);
INSERT INTO `report_table_item` VALUES ('4028b8818577607501857814ba57003f', '2023-01-03 22:41:42.487000', '40288a8182a656740182a659f4d10001', NULL, NULL, '1', '40288a818457dbdc018457e44d900000', NULL, NULL, 0, NULL);
INSERT INTO `report_table_item` VALUES ('4028b8818577607501857814ba570040', '2023-01-03 22:41:42.487000', '40288a8182a656740182a659f4d10001', NULL, NULL, '1', '40288a818457ce4f018457d2cad40000', NULL, NULL, 1, NULL);
INSERT INTO `report_table_item` VALUES ('4028b8818577607501857814ba570041', '2023-01-03 22:41:42.487000', '40288a8182a656740182a659f4d10001', NULL, NULL, '1', '4028b88184ad070f0184ad179c190000', NULL, NULL, 2, NULL);
INSERT INTO `report_table_item` VALUES ('4028b8818577607501857814ba570042', '2023-01-03 22:41:42.487000', '40288a8182a656740182a659f4d10001', NULL, NULL, '1', NULL, '40288a818457dbdc018457e4d0030001', NULL, 3, NULL);
INSERT INTO `report_table_item` VALUES ('4028b88185776075018578161cb40043', '2023-01-03 22:43:13.204000', '40288a8182a656740182a659f4d10001', NULL, NULL, '1', '4028b88184ad070f0184ad179c190000', NULL, NULL, 0, NULL);
INSERT INTO `report_table_item` VALUES ('4028b88185776075018578161cb40044', '2023-01-03 22:43:13.204000', '40288a8182a656740182a659f4d10001', NULL, NULL, '1', '40288a818457dbdc018457e44d900000', NULL, NULL, 1, NULL);
INSERT INTO `report_table_item` VALUES ('4028b88185776075018578161cb40045', '2023-01-03 22:43:13.204000', '40288a8182a656740182a659f4d10001', NULL, NULL, '1', '40288a818457ce4f018457d2cad40000', NULL, NULL, 2, NULL);
INSERT INTO `report_table_item` VALUES ('4028b88185776075018578162e5e0046', '2023-01-03 22:43:17.726000', '40288a8182a656740182a659f4d10001', NULL, NULL, '1', '40288a818457dbdc018457e44d900000', NULL, '4028b88184efb2f70184f1d88d0f00a4', 0, NULL);
INSERT INTO `report_table_item` VALUES ('4028b88185776075018578162e5f0047', '2023-01-03 22:43:17.726000', '40288a8182a656740182a659f4d10001', NULL, NULL, '1', '4028b88184ad070f0184ad179c190000', NULL, '4028b88184efb2f70184f1d88d0f00a4', 1, NULL);
INSERT INTO `report_table_item` VALUES ('4028b88185776075018578162e5f0048', '2023-01-03 22:43:17.727000', '40288a8182a656740182a659f4d10001', NULL, NULL, '1', '40288a818457ce4f018457d2cad40000', NULL, '4028b88184efb2f70184f1d88d0f00a4', 2, NULL);
INSERT INTO `report_table_item` VALUES ('4028b88185776075018578163ee10049', '2023-01-03 22:43:21.953000', '40288a8182a656740182a659f4d10001', NULL, NULL, '1', '40288a818457dbdc018457e44d900000', NULL, '4028b88184efb2f70184f1d647ef0099', 0, NULL);
INSERT INTO `report_table_item` VALUES ('4028b88185776075018578163ee1004a', '2023-01-03 22:43:21.953000', '40288a8182a656740182a659f4d10001', NULL, NULL, '1', '40288a818457ce4f018457d2cad40000', NULL, '4028b88184efb2f70184f1d647ef0099', 1, NULL);
INSERT INTO `report_table_item` VALUES ('4028b88185776075018578163ee1004b', '2023-01-03 22:43:21.953000', '40288a8182a656740182a659f4d10001', NULL, NULL, '1', '4028b88184ad070f0184ad179c190000', NULL, '4028b88184efb2f70184f1d647ef0099', 2, NULL);
INSERT INTO `report_table_item` VALUES ('4028b881857b04b801857d6c85930077', '2023-01-04 23:35:42.227000', '40288a8182a656740182a659f4d10001', NULL, NULL, '1', '4028b88184ad070f0184ad179c190000', NULL, '4028b881856c601401856d8e036d002c', 0, NULL);
INSERT INTO `report_table_item` VALUES ('4028b881857b04b801857d6c85930078', '2023-01-04 23:35:42.227000', '40288a8182a656740182a659f4d10001', NULL, NULL, '1', '40288a818457dbdc018457e44d900000', NULL, '4028b881856c601401856d8e036d002c', 1, NULL);
INSERT INTO `report_table_item` VALUES ('4028b881857b04b801857d6c85930079', '2023-01-04 23:35:42.227000', '40288a8182a656740182a659f4d10001', NULL, NULL, '1', '40288a818457ce4f018457d2cad40000', NULL, '4028b881856c601401856d8e036d002c', 2, NULL);
INSERT INTO `report_table_item` VALUES ('4028b881857b04b801857d6c8593007a', '2023-01-04 23:35:42.227000', '40288a8182a656740182a659f4d10001', NULL, NULL, '1', NULL, '40288a818457dbdc018457e4d0030001', '4028b881856c601401856d8e036d002c', 3, NULL);

-- ----------------------------
-- Table structure for sys_area
-- ----------------------------
DROP TABLE IF EXISTS `sys_area`;
CREATE TABLE `sys_area`  (
  `id` varchar(50) CHARACTER SET utf8mb4 COLLATE utf8mb4_general_ci NOT NULL,
  `create_date` datetime(6) NULL DEFAULT NULL,
  `create_id` varchar(255) CHARACTER SET utf8mb4 COLLATE utf8mb4_general_ci NULL DEFAULT NULL,
  `modify_date` datetime(6) NULL DEFAULT NULL,
  `modify_id` varchar(255) CHARACTER SET utf8mb4 COLLATE utf8mb4_general_ci NULL DEFAULT NULL,
  `status` varchar(2) CHARACTER SET utf8mb4 COLLATE utf8mb4_general_ci NULL DEFAULT NULL,
  `level` varchar(255) CHARACTER SET utf8mb4 COLLATE utf8mb4_general_ci NULL DEFAULT NULL,
  `name` varchar(255) CHARACTER SET utf8mb4 COLLATE utf8mb4_general_ci NULL DEFAULT NULL,
  `areacode` varchar(255) CHARACTER SET utf8mb4 COLLATE utf8mb4_general_ci NULL DEFAULT NULL,
  `code` varchar(255) CHARACTER SET utf8mb4 COLLATE utf8mb4_general_ci NULL DEFAULT NULL,
  `pcode` varchar(255) CHARACTER SET utf8mb4 COLLATE utf8mb4_general_ci NULL DEFAULT NULL,
  PRIMARY KEY (`id`) USING BTREE
) ENGINE = InnoDB CHARACTER SET = utf8mb4 COLLATE = utf8mb4_general_ci ROW_FORMAT = DYNAMIC;

-- ----------------------------
-- Records of sys_area
-- ----------------------------
INSERT INTO `sys_area` VALUES ('4028b881857568ed0185758e3c63004e', '2023-01-03 10:55:33.983000', '40288a8182a656740182a659f4d10001', NULL, NULL, '1', '1', '湖北省', '420000', '001', NULL);
INSERT INTO `sys_area` VALUES ('4028b881857568ed0185758e782a004f', '2023-01-03 10:55:49.289000', '40288a8182a656740182a659f4d10001', NULL, NULL, '1', '1', '湖南省', '430000', '002', NULL);
INSERT INTO `sys_area` VALUES ('4028b881857568ed0185758ec90a0050', '2023-01-03 10:56:09.988000', '40288a8182a656740182a659f4d10001', NULL, NULL, '1', '2', '武汉市', '420100', '001_001', '001');
INSERT INTO `sys_area` VALUES ('4028b881857568ed0185758f0f970051', '2023-01-03 10:56:28.054000', '40288a8182a656740182a659f4d10001', NULL, NULL, '1', '2', '长沙市', '430100', '002_001', '002');
INSERT INTO `sys_area` VALUES ('4028b881857568ed0185758f5c3c0052', '2023-01-03 10:56:47.675000', '40288a8182a656740182a659f4d10001', NULL, NULL, '1', '3', '武昌区', '420106', '001_001_001', '001_001');

-- ----------------------------
-- Table structure for sys_dept
-- ----------------------------
DROP TABLE IF EXISTS `sys_dept`;
CREATE TABLE `sys_dept`  (
  `id` varchar(50) CHARACTER SET utf8mb4 COLLATE utf8mb4_general_ci NOT NULL,
  `create_date` datetime(6) NULL DEFAULT NULL,
  `modify_date` datetime(6) NULL DEFAULT NULL,
  `status` varchar(2) CHARACTER SET utf8mb4 COLLATE utf8mb4_general_ci NULL DEFAULT NULL,
  `name` varchar(255) CHARACTER SET utf8mb4 COLLATE utf8mb4_general_ci NULL DEFAULT NULL,
  `create_id` varchar(255) CHARACTER SET utf8mb4 COLLATE utf8mb4_general_ci NULL DEFAULT NULL,
  `modify_id` varchar(255) CHARACTER SET utf8mb4 COLLATE utf8mb4_general_ci NULL DEFAULT NULL,
  `sys_org_id` varchar(255) CHARACTER SET utf8mb4 COLLATE utf8mb4_general_ci NULL DEFAULT NULL,
  `pcode` varchar(255) CHARACTER SET utf8mb4 COLLATE utf8mb4_general_ci NULL DEFAULT NULL,
  `code` varchar(255) CHARACTER SET utf8mb4 COLLATE utf8mb4_general_ci NULL DEFAULT NULL,
  PRIMARY KEY (`id`) USING BTREE
) ENGINE = InnoDB CHARACTER SET = utf8mb4 COLLATE = utf8mb4_general_ci ROW_FORMAT = DYNAMIC;

-- ----------------------------
-- Records of sys_dept
-- ----------------------------
INSERT INTO `sys_dept` VALUES ('4028b8818575989b0185759e7f740000', '2023-01-03 11:13:19.725000', NULL, '1', '急诊科', '40288a8182a656740182a659f4d10001', NULL, '4028b881857568ed01857590c3c40053', NULL, '001');
INSERT INTO `sys_dept` VALUES ('4028b8818575989b0185759ee33d0001', '2023-01-03 11:13:45.276000', NULL, '1', '外科', '40288a8182a656740182a659f4d10001', NULL, '4028b881857568ed01857590c3c40053', NULL, '002');
INSERT INTO `sys_dept` VALUES ('4028b8818575989b0185759ef9ad0002', '2023-01-03 11:13:51.019000', NULL, '1', '内科', '40288a8182a656740182a659f4d10001', NULL, '4028b881857568ed01857590c3c40053', NULL, '003');
INSERT INTO `sys_dept` VALUES ('4028b8818575989b0185759fb4660004', '2023-01-03 11:14:38.817000', NULL, '1', '呼吸内科', '40288a8182a656740182a659f4d10001', NULL, '4028b881857568ed01857590c3c40053', '003', '003_001');
INSERT INTO `sys_dept` VALUES ('4028b8818575989b018575a15ffd0005', '2023-01-03 11:16:28.284000', NULL, '1', '协和内科', '4028b881857568ed01857593efa20065', NULL, '4028b881857568ed0185759124400054', NULL, '004');
INSERT INTO `sys_dept` VALUES ('4028b8818575989b018575a175a20006', '2023-01-03 11:16:33.824000', NULL, '1', '协和外科', '4028b881857568ed01857593efa20065', NULL, '4028b881857568ed0185759124400054', NULL, '005');
INSERT INTO `sys_dept` VALUES ('4028b8818575989b018575a18f830007', '2023-01-03 11:16:40.449000', NULL, '1', '协和行政科', '4028b881857568ed01857593efa20065', NULL, '4028b881857568ed0185759124400054', NULL, '006');
INSERT INTO `sys_dept` VALUES ('4028b8818575989b018575a1b4900008', '2023-01-03 11:16:49.935000', NULL, '1', '协和呼吸内科', '4028b881857568ed01857593efa20065', NULL, '4028b881857568ed0185759124400054', '004', '004_001');
INSERT INTO `sys_dept` VALUES ('4028b8818575989b01857640c6720049', '2023-01-03 14:10:34.737000', '2023-01-29 22:44:47.995000', '1', '呼吸内科ICU', '40288a8182a656740182a659f4d10001', '40288a8182a656740182a659f4d10001', '4028b881857568ed01857590c3c40053', '003_001', '003_001_001');

-- ----------------------------
-- Table structure for sys_dict
-- ----------------------------
DROP TABLE IF EXISTS `sys_dict`;
CREATE TABLE `sys_dict`  (
  `id` varchar(50) CHARACTER SET utf8mb4 COLLATE utf8mb4_general_ci NOT NULL,
  `create_date` datetime(6) NULL DEFAULT NULL,
  `create_id` varchar(255) CHARACTER SET utf8mb4 COLLATE utf8mb4_general_ci NULL DEFAULT NULL,
  `modify_date` datetime(6) NULL DEFAULT NULL,
  `modify_id` varchar(255) CHARACTER SET utf8mb4 COLLATE utf8mb4_general_ci NULL DEFAULT NULL,
  `status` varchar(2) CHARACTER SET utf8mb4 COLLATE utf8mb4_general_ci NULL DEFAULT NULL,
  `code` varchar(255) CHARACTER SET utf8mb4 COLLATE utf8mb4_general_ci NULL DEFAULT NULL,
  `edit` bit(1) NULL DEFAULT NULL,
  `sys` bit(1) NULL DEFAULT NULL,
  `title` varchar(255) CHARACTER SET utf8mb4 COLLATE utf8mb4_general_ci NULL DEFAULT NULL,
  `val` varchar(255) CHARACTER SET utf8mb4 COLLATE utf8mb4_general_ci NULL DEFAULT NULL,
  PRIMARY KEY (`id`) USING BTREE
) ENGINE = InnoDB CHARACTER SET = utf8mb4 COLLATE = utf8mb4_general_ci ROW_FORMAT = DYNAMIC;

-- ----------------------------
-- Records of sys_dict
-- ----------------------------
INSERT INTO `sys_dict` VALUES ('40288a8182a5aa3b0182a5d33bee0120', '2022-08-16 16:44:20.333000', '1', NULL, NULL, '1', 'ORG_TYPE', b'1', b'0', '事业单位', '1');
INSERT INTO `sys_dict` VALUES ('40288a8182a5aa3b0182a5d383420121', '2022-08-16 16:44:38.593000', '1', NULL, NULL, '1', 'ORG_TYPE', b'1', b'0', '外资企业', '2');
INSERT INTO `sys_dict` VALUES ('40288a8182a5aa3b0182a5d3ac5f0122', '2022-08-16 16:44:49.119000', '1', NULL, NULL, '1', 'ORG_TYPE', b'1', b'0', '私营企业', '3');
INSERT INTO `sys_dict` VALUES ('40288a8182a5aa3b0182a5d3e3270123', '2022-08-16 16:45:03.143000', '1', '2022-08-16 16:45:30.736000', '1', '1', 'ORG_TYPE', b'1', b'0', '上市公司', '4');
INSERT INTO `sys_dict` VALUES ('40288a8182a64a8d0182a64b70050000', '2022-08-16 18:55:37.967000', '1', NULL, NULL, '1', 'USER_TYPE', b'1', b'0', '员工', '1');
INSERT INTO `sys_dict` VALUES ('40288a8182a64a8d0182a64bb4580001', '2022-08-16 18:55:55.479000', '1', NULL, NULL, '1', 'USER_TYPE', b'1', b'0', '项目经理', '2');
INSERT INTO `sys_dict` VALUES ('40288a8182aa01ad0182aa0216020025', '2022-08-17 12:13:59.682000', '1', NULL, NULL, '1', 'PROJECT_STATE', b'1', b'0', '待启动', '1');
INSERT INTO `sys_dict` VALUES ('40288a8182aa01ad0182aa022d240026', '2022-08-17 12:14:05.604000', '1', NULL, NULL, '1', 'PROJECT_STATE', b'1', b'0', '进行中', '2');
INSERT INTO `sys_dict` VALUES ('40288a8182aa01ad0182aa024b9d0027', '2022-08-17 12:14:13.405000', '1', NULL, NULL, '1', 'PROJECT_STATE', b'1', b'0', '已完成', '3');
INSERT INTO `sys_dict` VALUES ('40288a8182f6d84b0182f7e4fc520002', '2022-09-01 15:12:35.408000', '1', '2022-09-01 15:13:04.513000', '1', '1', 'USER_TYPE', b'1', b'0', '老板', '3');
INSERT INTO `sys_dict` VALUES ('4028b881857b04b801857d10c3090012', '2023-01-04 21:55:28.649000', '40288a8182a656740182a659f4d10001', NULL, NULL, '1', 'ITEM_FUNC', b'0', b'1', '聚合方式', NULL);
INSERT INTO `sys_dict` VALUES ('4028b881857b04b801857d10c30a0013', '2023-01-04 21:55:28.649000', '40288a8182a656740182a659f4d10001', NULL, NULL, '1', 'ITEM_FUNC', b'0', b'1', '总数', 'count');
INSERT INTO `sys_dict` VALUES ('4028b881857b04b801857d10c30a0014', '2023-01-04 21:55:28.650000', '40288a8182a656740182a659f4d10001', NULL, NULL, '1', 'ITEM_FUNC', b'0', b'1', '人次', 'sum');
INSERT INTO `sys_dict` VALUES ('4028b881857b04b801857d10c30a0015', '2023-01-04 21:55:28.650000', '40288a8182a656740182a659f4d10001', NULL, NULL, '1', 'ITEM_FUNC', b'0', b'1', '平均', 'avg');
INSERT INTO `sys_dict` VALUES ('4028b881857b04b801857d10c30a0016', '2023-01-04 21:55:28.650000', '40288a8182a656740182a659f4d10001', NULL, NULL, '1', 'ITEM_FUNC', b'0', b'1', '最大/最近', 'max');
INSERT INTO `sys_dict` VALUES ('4028b881857b04b801857d10c30a0017', '2023-01-04 21:55:28.650000', '40288a8182a656740182a659f4d10001', NULL, NULL, '1', 'ITEM_FUNC', b'0', b'1', '最小/最先', 'min');
INSERT INTO `sys_dict` VALUES ('4028b881857b04b801857d10c30a0018', '2023-01-04 21:55:28.650000', '40288a8182a656740182a659f4d10001', NULL, NULL, '1', 'STATE', b'0', b'1', '业务状态', NULL);
INSERT INTO `sys_dict` VALUES ('4028b881857b04b801857d10c30a0019', '2023-01-04 21:55:28.650000', '40288a8182a656740182a659f4d10001', NULL, NULL, '1', 'STATE', b'0', b'1', '作废', '0');
INSERT INTO `sys_dict` VALUES ('4028b881857b04b801857d10c30a001a', '2023-01-04 21:55:28.650000', '40288a8182a656740182a659f4d10001', NULL, NULL, '1', 'STATE', b'0', b'1', '正常', '1');
INSERT INTO `sys_dict` VALUES ('4028b881857b04b801857d10c30a001b', '2023-01-04 21:55:28.650000', '40288a8182a656740182a659f4d10001', NULL, NULL, '1', 'STATE', b'0', b'1', '停用', '2');
INSERT INTO `sys_dict` VALUES ('4028b881857b04b801857d10c30a001c', '2023-01-04 21:55:28.650000', '40288a8182a656740182a659f4d10001', NULL, NULL, '1', 'TF', b'0', b'1', '是否', NULL);
INSERT INTO `sys_dict` VALUES ('4028b881857b04b801857d10c30a001d', '2023-01-04 21:55:28.650000', '40288a8182a656740182a659f4d10001', NULL, NULL, '1', 'TF', b'0', b'1', '是', 'true');
INSERT INTO `sys_dict` VALUES ('4028b881857b04b801857d10c30a001e', '2023-01-04 21:55:28.650000', '40288a8182a656740182a659f4d10001', NULL, NULL, '1', 'TF', b'0', b'1', '否', 'false');
INSERT INTO `sys_dict` VALUES ('4028b881857b04b801857d10c30a001f', '2023-01-04 21:55:28.650000', '40288a8182a656740182a659f4d10001', NULL, NULL, '1', 'STATUS', b'0', b'1', '数据状态', NULL);
INSERT INTO `sys_dict` VALUES ('4028b881857b04b801857d10c30a0020', '2023-01-04 21:55:28.650000', '40288a8182a656740182a659f4d10001', NULL, NULL, '1', 'STATUS', b'0', b'1', '删除', '0');
INSERT INTO `sys_dict` VALUES ('4028b881857b04b801857d10c30b0021', '2023-01-04 21:55:28.651000', '40288a8182a656740182a659f4d10001', NULL, NULL, '1', 'STATUS', b'0', b'1', '正常', '1');
INSERT INTO `sys_dict` VALUES ('4028b881857b04b801857d10c30b0022', '2023-01-04 21:55:28.651000', '40288a8182a656740182a659f4d10001', NULL, NULL, '1', 'FIELD_UISTATE', b'0', b'1', '资源类型', NULL);
INSERT INTO `sys_dict` VALUES ('4028b881857b04b801857d10c30b0023', '2023-01-04 21:55:28.651000', '40288a8182a656740182a659f4d10001', NULL, NULL, '1', 'FIELD_UISTATE', b'0', b'1', '显示', 'show');
INSERT INTO `sys_dict` VALUES ('4028b881857b04b801857d10c30c0024', '2023-01-04 21:55:28.651000', '40288a8182a656740182a659f4d10001', NULL, NULL, '1', 'FIELD_UISTATE', b'0', b'1', '隐藏', 'hide');
INSERT INTO `sys_dict` VALUES ('4028b881857b04b801857d10c30c0025', '2023-01-04 21:55:28.652000', '40288a8182a656740182a659f4d10001', NULL, NULL, '1', 'FIELD_UISTATE', b'0', b'1', '读写', 'write');
INSERT INTO `sys_dict` VALUES ('4028b881857b04b801857d10c30c0026', '2023-01-04 21:55:28.652000', '40288a8182a656740182a659f4d10001', NULL, NULL, '1', 'SYSRESOURCES_TYPE', b'0', b'1', '资源类型', NULL);
INSERT INTO `sys_dict` VALUES ('4028b881857b04b801857d10c30c0027', '2023-01-04 21:55:28.652000', '40288a8182a656740182a659f4d10001', NULL, NULL, '1', 'SYSRESOURCES_TYPE', b'0', b'1', '菜单', '1');
INSERT INTO `sys_dict` VALUES ('4028b881857b04b801857d10c30c0028', '2023-01-04 21:55:28.652000', '40288a8182a656740182a659f4d10001', NULL, NULL, '1', 'SYSRESOURCES_TYPE', b'0', b'1', '接口', '2');
INSERT INTO `sys_dict` VALUES ('4028b881857b04b801857d10c30c0029', '2023-01-04 21:55:28.652000', '40288a8182a656740182a659f4d10001', NULL, NULL, '1', 'DELETE_TYPE', b'0', b'1', '删除方式', NULL);
INSERT INTO `sys_dict` VALUES ('4028b881857b04b801857d10c30c002a', '2023-01-04 21:55:28.652000', '40288a8182a656740182a659f4d10001', NULL, NULL, '1', 'DELETE_TYPE', b'0', b'1', '禁止删除', 'unable');
INSERT INTO `sys_dict` VALUES ('4028b881857b04b801857d10c30c002b', '2023-01-04 21:55:28.652000', '40288a8182a656740182a659f4d10001', NULL, NULL, '1', 'DELETE_TYPE', b'0', b'1', '物理删除', 'delete');
INSERT INTO `sys_dict` VALUES ('4028b881857b04b801857d10c30c002c', '2023-01-04 21:55:28.652000', '40288a8182a656740182a659f4d10001', NULL, NULL, '1', 'DELETE_TYPE', b'0', b'1', '逻辑删除', 'remove');
INSERT INTO `sys_dict` VALUES ('4028b881857b04b801857d10c30c002d', '2023-01-04 21:55:28.652000', '40288a8182a656740182a659f4d10001', NULL, NULL, '1', 'DELETE_TYPE', b'0', b'1', '关联清除', 'clear');
INSERT INTO `sys_dict` VALUES ('4028b881857b04b801857d10c30c002e', '2023-01-04 21:55:28.652000', '40288a8182a656740182a659f4d10001', NULL, NULL, '1', 'DELETE_TYPE', b'0', b'1', '不关联操作', 'nothing');
INSERT INTO `sys_dict` VALUES ('4028b881857b04b801857d10c30c002f', '2023-01-04 21:55:28.652000', '40288a8182a656740182a659f4d10001', NULL, NULL, '1', 'ITEM_TYPE', b'0', b'1', '数据类型', NULL);
INSERT INTO `sys_dict` VALUES ('4028b881857b04b801857d10c30d0030', '2023-01-04 21:55:28.652000', '40288a8182a656740182a659f4d10001', NULL, NULL, '1', 'ITEM_TYPE', b'0', b'1', '基础数据类型', 'basic');
INSERT INTO `sys_dict` VALUES ('4028b881857b04b801857d10c30d0031', '2023-01-04 21:55:28.653000', '40288a8182a656740182a659f4d10001', NULL, NULL, '1', 'ITEM_TYPE', b'0', b'1', '集合', 'list');
INSERT INTO `sys_dict` VALUES ('4028b881857b04b801857d10c30d0032', '2023-01-04 21:55:28.653000', '40288a8182a656740182a659f4d10001', NULL, NULL, '1', 'ITEM_TYPE', b'0', b'1', '主键列表', 'IDS');
INSERT INTO `sys_dict` VALUES ('4028b881857b04b801857d10c30d0033', '2023-01-04 21:55:28.653000', '40288a8182a656740182a659f4d10001', NULL, NULL, '1', 'ITEM_TYPE', b'0', b'1', '实体类', 'entity');
INSERT INTO `sys_dict` VALUES ('4028b881857b04b801857d10c30d0034', '2023-01-04 21:55:28.653000', '40288a8182a656740182a659f4d10001', NULL, NULL, '1', 'ITEM_TYPE', b'0', b'1', 'VO对象', 'vo');
INSERT INTO `sys_dict` VALUES ('4028b881857b04b801857d10c30d0035', '2023-01-04 21:55:28.653000', '40288a8182a656740182a659f4d10001', NULL, NULL, '1', 'ITEM_TYPE', b'0', b'1', '提交对象', 'save');
INSERT INTO `sys_dict` VALUES ('4028b881857b04b801857d10c30d0036', '2023-01-04 21:55:28.653000', '40288a8182a656740182a659f4d10001', NULL, NULL, '1', 'ITEM_TYPE', b'0', b'1', '查询对象', 'req');
INSERT INTO `sys_dict` VALUES ('4028b881857b04b801857d10c30d0037', '2023-01-04 21:55:28.653000', '40288a8182a656740182a659f4d10001', NULL, NULL, '1', 'ITEM_TYPE', b'0', b'1', 'API对象', 'api');
INSERT INTO `sys_dict` VALUES ('4028b881857b04b801857d10c30d0038', '2023-01-04 21:55:28.653000', '40288a8182a656740182a659f4d10001', NULL, NULL, '1', 'ITEM_STATE', b'0', b'1', '业务状态', NULL);
INSERT INTO `sys_dict` VALUES ('4028b881857b04b801857d10c30d0039', '2023-01-04 21:55:28.653000', '40288a8182a656740182a659f4d10001', NULL, NULL, '1', 'ITEM_STATE', b'0', b'1', '正常', '1');
INSERT INTO `sys_dict` VALUES ('4028b881857b04b801857d10c30d003a', '2023-01-04 21:55:28.653000', '40288a8182a656740182a659f4d10001', NULL, NULL, '1', 'ITEM_STATE', b'0', b'1', '异常', '-1');
INSERT INTO `sys_dict` VALUES ('4028b881857b04b801857d10c30d003b', '2023-01-04 21:55:28.653000', '40288a8182a656740182a659f4d10001', NULL, NULL, '1', 'ITEM_STATE', b'0', b'1', '待处理', '0');
INSERT INTO `sys_dict` VALUES ('4028b881857b04b801857d10c30e003c', '2023-01-04 21:55:28.654000', '40288a8182a656740182a659f4d10001', NULL, NULL, '1', 'GROUPS', b'1', b'1', '分组字段', NULL);
INSERT INTO `sys_dict` VALUES ('4028b881857b04b801857d10c30f003d', '2023-01-04 21:55:28.655000', '40288a8182a656740182a659f4d10001', NULL, NULL, '1', 'GROUPS', b'1', b'1', '创建用户', 'createId');
INSERT INTO `sys_dict` VALUES ('4028b881857b04b801857d10c30f003e', '2023-01-04 21:55:28.655000', '40288a8182a656740182a659f4d10001', NULL, NULL, '1', 'GROUPS', b'1', b'1', '机构', 'sysOrgId');
INSERT INTO `sys_dict` VALUES ('4028b881857b04b801857d10c30f003f', '2023-01-04 21:55:28.655000', '40288a8182a656740182a659f4d10001', NULL, NULL, '1', 'GROUPS', b'1', b'1', '部门', 'sysDeptId');
INSERT INTO `sys_dict` VALUES ('4028b881857b04b801857d10c30f0040', '2023-01-04 21:55:28.655000', '40288a8182a656740182a659f4d10001', NULL, NULL, '1', 'GROUP_SCOPE', b'1', b'1', '数据维度', NULL);
INSERT INTO `sys_dict` VALUES ('4028b881857b04b801857d10c30f0041', '2023-01-04 21:55:28.655000', '40288a8182a656740182a659f4d10001', NULL, NULL, '1', 'GROUP_SCOPE', b'1', b'1', '查看本地区和下级地区数据', '6');
INSERT INTO `sys_dict` VALUES ('4028b881857b04b801857d10c30f0042', '2023-01-04 21:55:28.655000', '40288a8182a656740182a659f4d10001', NULL, NULL, '1', 'GROUP_SCOPE', b'1', b'1', '查看本地区数据', '5');
INSERT INTO `sys_dict` VALUES ('4028b881857b04b801857d10c30f0043', '2023-01-04 21:55:28.655000', '40288a8182a656740182a659f4d10001', NULL, NULL, '1', 'GROUP_SCOPE', b'1', b'1', '查看本机构和下级机构数据', '4');
INSERT INTO `sys_dict` VALUES ('4028b881857b04b801857d10c30f0044', '2023-01-04 21:55:28.655000', '40288a8182a656740182a659f4d10001', NULL, NULL, '1', 'GROUP_SCOPE', b'1', b'1', '查看本机构数据', '3');
INSERT INTO `sys_dict` VALUES ('4028b881857b04b801857d10c30f0045', '2023-01-04 21:55:28.655000', '40288a8182a656740182a659f4d10001', NULL, NULL, '1', 'GROUP_SCOPE', b'1', b'1', '查看本部门和下级部门数据', '2');
INSERT INTO `sys_dict` VALUES ('4028b881857b04b801857d10c30f0046', '2023-01-04 21:55:28.655000', '40288a8182a656740182a659f4d10001', NULL, NULL, '1', 'GROUP_SCOPE', b'1', b'1', '查看本部门数据', '1');
INSERT INTO `sys_dict` VALUES ('4028b881857b04b801857d10c30f0047', '2023-01-04 21:55:28.655000', '40288a8182a656740182a659f4d10001', NULL, NULL, '1', 'GROUP_SCOPE', b'1', b'1', '查看本人数据', '0');
INSERT INTO `sys_dict` VALUES ('4028b881857b04b801857d10c30f0048', '2023-01-04 21:55:28.655000', '40288a8182a656740182a659f4d10001', NULL, NULL, '1', 'ORG_TYPE', b'1', b'1', '机构分类', NULL);
INSERT INTO `sys_dict` VALUES ('4028b881857b04b801857d10c30f0049', '2023-01-04 21:55:28.655000', '40288a8182a656740182a659f4d10001', NULL, NULL, '1', 'AREA_LEVEL', b'1', b'1', '地区类型', NULL);
INSERT INTO `sys_dict` VALUES ('4028b881857b04b801857d10c30f004a', '2023-01-04 21:55:28.655000', '40288a8182a656740182a659f4d10001', NULL, NULL, '1', 'AREA_LEVEL', b'1', b'1', '省', '1');
INSERT INTO `sys_dict` VALUES ('4028b881857b04b801857d10c310004b', '2023-01-04 21:55:28.655000', '40288a8182a656740182a659f4d10001', NULL, NULL, '1', 'AREA_LEVEL', b'1', b'1', '市/州', '2');
INSERT INTO `sys_dict` VALUES ('4028b881857b04b801857d10c310004c', '2023-01-04 21:55:28.656000', '40288a8182a656740182a659f4d10001', NULL, NULL, '1', 'AREA_LEVEL', b'1', b'1', '县/区', '3');
INSERT INTO `sys_dict` VALUES ('4028b881857b04b801857d10c310004d', '2023-01-04 21:55:28.656000', '40288a8182a656740182a659f4d10001', NULL, NULL, '1', 'AREA_LEVEL', b'1', b'1', '乡镇/街', '4');
INSERT INTO `sys_dict` VALUES ('4028b881857b04b801857d10c310004e', '2023-01-04 21:55:28.656000', '40288a8182a656740182a659f4d10001', NULL, NULL, '1', 'AREA_LEVEL', b'1', b'1', '村/社区', '5');
INSERT INTO `sys_dict` VALUES ('4028b881857b04b801857d10c310004f', '2023-01-04 21:55:28.656000', '40288a8182a656740182a659f4d10001', NULL, NULL, '1', 'PROJECT_STATE', b'1', b'1', '项目阶段', NULL);
INSERT INTO `sys_dict` VALUES ('4028b881857b04b801857d10c3100050', '2023-01-04 21:55:28.656000', '40288a8182a656740182a659f4d10001', NULL, NULL, '1', 'USER_TYPE', b'1', b'1', '用户类型', NULL);

-- ----------------------------
-- Table structure for sys_file
-- ----------------------------
DROP TABLE IF EXISTS `sys_file`;
CREATE TABLE `sys_file`  (
  `id` varchar(50) CHARACTER SET utf8mb4 COLLATE utf8mb4_general_ci NOT NULL,
  `create_date` datetime(6) NULL DEFAULT NULL,
  `create_id` varchar(255) CHARACTER SET utf8mb4 COLLATE utf8mb4_general_ci NULL DEFAULT NULL,
  `modify_date` datetime(6) NULL DEFAULT NULL,
  `modify_id` varchar(255) CHARACTER SET utf8mb4 COLLATE utf8mb4_general_ci NULL DEFAULT NULL,
  `status` varchar(2) CHARACTER SET utf8mb4 COLLATE utf8mb4_general_ci NULL DEFAULT NULL,
  `file_name` varchar(255) CHARACTER SET utf8mb4 COLLATE utf8mb4_general_ci NULL DEFAULT NULL,
  `name` varchar(255) CHARACTER SET utf8mb4 COLLATE utf8mb4_general_ci NULL DEFAULT NULL,
  `path` varchar(255) CHARACTER SET utf8mb4 COLLATE utf8mb4_general_ci NULL DEFAULT NULL,
  `size` varchar(255) CHARACTER SET utf8mb4 COLLATE utf8mb4_general_ci NULL DEFAULT NULL,
  `used` bit(1) NULL DEFAULT NULL,
  `url` varchar(255) CHARACTER SET utf8mb4 COLLATE utf8mb4_general_ci NULL DEFAULT NULL,
  `view_mode` varchar(255) CHARACTER SET utf8mb4 COLLATE utf8mb4_general_ci NULL DEFAULT NULL,
  `project_id` varchar(255) CHARACTER SET utf8mb4 COLLATE utf8mb4_general_ci NULL DEFAULT NULL,
  PRIMARY KEY (`id`) USING BTREE
) ENGINE = InnoDB CHARACTER SET = utf8mb4 COLLATE = utf8mb4_general_ci ROW_FORMAT = DYNAMIC;

-- ----------------------------
-- Records of sys_file
-- ----------------------------
INSERT INTO `sys_file` VALUES ('ff80808185fd01c80185fd5e1edf000b', '2023-01-29 19:51:22.078000', NULL, NULL, NULL, '1', 'd3728e97-1e12-4975-813a-217d75ebf200.png', 'a.png', NULL, '698746kb', NULL, NULL, NULL, NULL);
INSERT INTO `sys_file` VALUES ('ff80808185fd651d0185fd660aea0000', '2023-01-29 20:00:01.254000', NULL, NULL, NULL, '1', '2cb5a770-c27d-4ed2-b2e5-a984c8b31134.png', 'a.png', NULL, '698746kb', NULL, NULL, NULL, NULL);
INSERT INTO `sys_file` VALUES ('ff80808185fd6ac50185fd6b24f40000', '2023-01-29 20:05:35.600000', NULL, NULL, NULL, '1', '56e475ae-7656-451a-a207-b5b2f8561283.png', 'a.png', NULL, '698746kb', NULL, NULL, NULL, NULL);
INSERT INTO `sys_file` VALUES ('ff80808185fdb04b0185fdb09c620000', '2023-01-29 21:21:28.158000', NULL, NULL, NULL, '1', '17f324ce-8037-46c1-b323-e232385fdf8f.png', 'bb.png', NULL, '698746kb', NULL, NULL, NULL, NULL);
INSERT INTO `sys_file` VALUES ('ff80808185fdef520185fdf0cdf90000', '2023-01-29 22:31:35.157000', NULL, NULL, NULL, '1', '627c045a-da09-4159-b5f3-31dfd4d16b00.png', 'c514d036-e32a-4ea6-8f30-d748c9e4b81d.png', NULL, '15473kb', NULL, NULL, NULL, NULL);
INSERT INTO `sys_file` VALUES ('ff80808185fdef520185fdfde05b0001', '2023-01-29 22:45:51.834000', NULL, NULL, NULL, '1', '90d3d060-e960-43b4-b867-625f722af8a7.png', 'c514d036-e32a-4ea6-8f30-d748c9e4b81d.png', NULL, '15473kb', NULL, NULL, NULL, NULL);
INSERT INTO `sys_file` VALUES ('ff80808185fdef520185fdfe571c0002', '2023-01-29 22:46:22.236000', NULL, NULL, NULL, '1', 'f34681c5-ad00-414f-8aff-b7f86a0a0a49.png', '3ba82f4b-05d9-4e6d-ab7d-1aa88b99b7b2.png', NULL, '127389kb', NULL, NULL, NULL, NULL);

-- ----------------------------
-- Table structure for sys_filter
-- ----------------------------
DROP TABLE IF EXISTS `sys_filter`;
CREATE TABLE `sys_filter`  (
  `id` varchar(50) CHARACTER SET utf8mb4 COLLATE utf8mb4_general_ci NOT NULL,
  `create_date` datetime(6) NULL DEFAULT NULL,
  `create_id` varchar(255) CHARACTER SET utf8mb4 COLLATE utf8mb4_general_ci NULL DEFAULT NULL,
  `modify_date` datetime(6) NULL DEFAULT NULL,
  `modify_id` varchar(255) CHARACTER SET utf8mb4 COLLATE utf8mb4_general_ci NULL DEFAULT NULL,
  `status` varchar(2) CHARACTER SET utf8mb4 COLLATE utf8mb4_general_ci NULL DEFAULT NULL,
  `busniess` bit(1) NULL DEFAULT NULL,
  `entity_name` varchar(255) CHARACTER SET utf8mb4 COLLATE utf8mb4_general_ci NULL DEFAULT NULL,
  `name` varchar(255) CHARACTER SET utf8mb4 COLLATE utf8mb4_general_ci NULL DEFAULT NULL,
  PRIMARY KEY (`id`) USING BTREE
) ENGINE = InnoDB CHARACTER SET = utf8mb4 COLLATE = utf8mb4_general_ci ROW_FORMAT = DYNAMIC;

-- ----------------------------
-- Records of sys_filter
-- ----------------------------
INSERT INTO `sys_filter` VALUES ('40288a8183d1d6c60183d1eb1aef001b', '2022-10-13 23:16:29.550000', '40288a8182a656740182a659f4d10001', NULL, NULL, '1', b'0', 'sysUser', '用户表');
INSERT INTO `sys_filter` VALUES ('40288a8183d1d6c60183d1eb1afc0021', '2022-10-13 23:16:29.564000', '40288a8182a656740182a659f4d10001', NULL, NULL, '1', b'1', 'project', '项目管理');
INSERT INTO `sys_filter` VALUES ('40288a8183d1d6c60183d1eb1b0b0029', '2022-10-13 23:16:29.579000', '40288a8182a656740182a659f4d10001', NULL, NULL, '1', b'0', 'sysOrg', '机构');
INSERT INTO `sys_filter` VALUES ('40288a8183d1d6c60183d1eb1b16002e', '2022-10-13 23:16:29.589000', '40288a8182a656740182a659f4d10001', NULL, NULL, '1', b'0', 'sysArea', '行政区划');
INSERT INTO `sys_filter` VALUES ('40288a8183d1d6c60183d1eb1b1c0031', '2022-10-13 23:16:29.596000', '40288a8182a656740182a659f4d10001', NULL, NULL, '1', b'0', 'sysDept', '科室部门');
INSERT INTO `sys_filter` VALUES ('40288a8183daa5370183daa62baa0000', '2022-10-15 15:57:46.785000', '40288a8182a656740182a659f4d10001', NULL, NULL, '1', b'1', 'customer', '客户');

-- ----------------------------
-- Table structure for sys_filter_detail
-- ----------------------------
DROP TABLE IF EXISTS `sys_filter_detail`;
CREATE TABLE `sys_filter_detail`  (
  `id` varchar(50) CHARACTER SET utf8mb4 COLLATE utf8mb4_general_ci NOT NULL,
  `create_date` datetime(6) NULL DEFAULT NULL,
  `create_id` varchar(255) CHARACTER SET utf8mb4 COLLATE utf8mb4_general_ci NULL DEFAULT NULL,
  `modify_date` datetime(6) NULL DEFAULT NULL,
  `modify_id` varchar(255) CHARACTER SET utf8mb4 COLLATE utf8mb4_general_ci NULL DEFAULT NULL,
  `status` varchar(2) CHARACTER SET utf8mb4 COLLATE utf8mb4_general_ci NULL DEFAULT NULL,
  `field_name` varchar(255) CHARACTER SET utf8mb4 COLLATE utf8mb4_general_ci NULL DEFAULT NULL,
  `name` varchar(255) CHARACTER SET utf8mb4 COLLATE utf8mb4_general_ci NULL DEFAULT NULL,
  `scope` int(11) NULL DEFAULT NULL,
  `sys_filter_id` varchar(255) CHARACTER SET utf8mb4 COLLATE utf8mb4_general_ci NULL DEFAULT NULL,
  `entity_name` varchar(255) CHARACTER SET utf8mb4 COLLATE utf8mb4_general_ci NULL DEFAULT NULL,
  `security_field` varchar(255) CHARACTER SET utf8mb4 COLLATE utf8mb4_general_ci NULL DEFAULT NULL,
  `entity_title` varchar(255) CHARACTER SET utf8mb4 COLLATE utf8mb4_general_ci NULL DEFAULT NULL,
  `field_key` varchar(255) CHARACTER SET utf8mb4 COLLATE utf8mb4_general_ci NULL DEFAULT NULL,
  `query_self` bit(1) NULL DEFAULT NULL,
  `query_sub` bit(1) NULL DEFAULT NULL,
  PRIMARY KEY (`id`) USING BTREE
) ENGINE = InnoDB CHARACTER SET = utf8mb4 COLLATE = utf8mb4_general_ci ROW_FORMAT = DYNAMIC;

-- ----------------------------
-- Records of sys_filter_detail
-- ----------------------------
INSERT INTO `sys_filter_detail` VALUES ('40288a8183d1d6c60183d1eb1aef001c', '2022-10-13 23:16:29.551000', '40288a8182a656740182a659f4d10001', NULL, NULL, '1', NULL, '查看本人数据', 0, '40288a8183d1d6c60183d1eb1aef001b', NULL, NULL, NULL, 'createId', b'1', b'0');
INSERT INTO `sys_filter_detail` VALUES ('40288a8183d1d6c60183d1eb1af0001d', '2022-10-13 23:16:29.551000', '40288a8182a656740182a659f4d10001', NULL, NULL, '1', NULL, '查看本机构数据', 3, '40288a8183d1d6c60183d1eb1aef001b', NULL, NULL, NULL, 'sysOrgId', b'0', b'0');
INSERT INTO `sys_filter_detail` VALUES ('40288a8183d1d6c60183d1eb1af0001e', '2022-10-13 23:16:29.552000', '40288a8182a656740182a659f4d10001', NULL, NULL, '1', NULL, '查看本机构和下级机构数据', 4, '40288a8183d1d6c60183d1eb1aef001b', NULL, NULL, NULL, 'sysOrgId', b'0', b'1');
INSERT INTO `sys_filter_detail` VALUES ('40288a8183d1d6c60183d1eb1af0001f', '2022-10-13 23:16:29.552000', '40288a8182a656740182a659f4d10001', NULL, NULL, '1', NULL, '查看本部门数据', 1, '40288a8183d1d6c60183d1eb1aef001b', NULL, NULL, NULL, 'sysDeptId', b'0', b'0');
INSERT INTO `sys_filter_detail` VALUES ('40288a8183d1d6c60183d1eb1af00020', '2022-10-13 23:16:29.552000', '40288a8182a656740182a659f4d10001', NULL, NULL, '1', NULL, '查看本部门和下级部门数据', 2, '40288a8183d1d6c60183d1eb1aef001b', NULL, NULL, NULL, 'sysDeptId', b'0', b'1');
INSERT INTO `sys_filter_detail` VALUES ('40288a8183d1d6c60183d1eb1afc0022', '2022-10-13 23:16:29.564000', '40288a8182a656740182a659f4d10001', NULL, NULL, '1', NULL, '查看本人数据', 0, '40288a8183d1d6c60183d1eb1afc0021', NULL, NULL, NULL, 'createId', b'0', b'0');
INSERT INTO `sys_filter_detail` VALUES ('40288a8183d1d6c60183d1eb1afd0023', '2022-10-13 23:16:29.564000', '40288a8182a656740182a659f4d10001', NULL, NULL, '1', NULL, '查看本机构数据', 3, '40288a8183d1d6c60183d1eb1afc0021', NULL, NULL, NULL, 'sysOrgId', b'0', b'0');
INSERT INTO `sys_filter_detail` VALUES ('40288a8183d1d6c60183d1eb1afd0024', '2022-10-13 23:16:29.565000', '40288a8182a656740182a659f4d10001', NULL, NULL, '1', NULL, '查看本机构和下级机构数据', 4, '40288a8183d1d6c60183d1eb1afc0021', NULL, NULL, NULL, 'sysOrgId', b'0', b'1');
INSERT INTO `sys_filter_detail` VALUES ('40288a8183d1d6c60183d1eb1afd0025', '2022-10-13 23:16:29.565000', '40288a8182a656740182a659f4d10001', NULL, NULL, '1', NULL, '查看本部门数据', 1, '40288a8183d1d6c60183d1eb1afc0021', NULL, NULL, NULL, 'sysDeptId', b'0', b'0');
INSERT INTO `sys_filter_detail` VALUES ('40288a8183d1d6c60183d1eb1afd0026', '2022-10-13 23:16:29.565000', '40288a8182a656740182a659f4d10001', NULL, NULL, '1', NULL, '查看本部门和下级部门数据', 2, '40288a8183d1d6c60183d1eb1afc0021', NULL, NULL, NULL, 'sysDeptId', b'0', b'1');
INSERT INTO `sys_filter_detail` VALUES ('40288a8183d1d6c60183d1eb1afd0027', '2022-10-13 23:16:29.565000', '40288a8182a656740182a659f4d10001', NULL, NULL, '1', NULL, '查看本地区数据', 5, '40288a8183d1d6c60183d1eb1afc0021', NULL, NULL, NULL, 'sysAreaId', b'0', b'0');
INSERT INTO `sys_filter_detail` VALUES ('40288a8183d1d6c60183d1eb1afd0028', '2022-10-13 23:16:29.565000', '40288a8182a656740182a659f4d10001', NULL, NULL, '1', NULL, '查看本地区和下级地区数据', 6, '40288a8183d1d6c60183d1eb1afc0021', NULL, NULL, NULL, 'sysAreaId', b'0', b'1');
INSERT INTO `sys_filter_detail` VALUES ('40288a8183d1d6c60183d1eb1b0b002a', '2022-10-13 23:16:29.579000', '40288a8182a656740182a659f4d10001', NULL, NULL, '1', NULL, '查看本机构数据', 3, '40288a8183d1d6c60183d1eb1b0b0029', NULL, NULL, NULL, 'sysOrgId', b'1', b'0');
INSERT INTO `sys_filter_detail` VALUES ('40288a8183d1d6c60183d1eb1b0b002b', '2022-10-13 23:16:29.579000', '40288a8182a656740182a659f4d10001', NULL, NULL, '1', NULL, '查看本机构和下级机构数据', 4, '40288a8183d1d6c60183d1eb1b0b0029', NULL, NULL, NULL, 'sysOrgId', b'1', b'1');
INSERT INTO `sys_filter_detail` VALUES ('40288a8183d1d6c60183d1eb1b0b002c', '2022-10-13 23:16:29.579000', '40288a8182a656740182a659f4d10001', NULL, NULL, '1', NULL, '查看本地区数据', 5, '40288a8183d1d6c60183d1eb1b0b0029', NULL, NULL, NULL, 'sysAreaId', b'0', b'0');
INSERT INTO `sys_filter_detail` VALUES ('40288a8183d1d6c60183d1eb1b0c002d', '2022-10-13 23:16:29.579000', '40288a8182a656740182a659f4d10001', NULL, NULL, '1', NULL, '查看本地区和下级地区数据', 6, '40288a8183d1d6c60183d1eb1b0b0029', NULL, NULL, NULL, 'sysAreaId', b'0', b'1');
INSERT INTO `sys_filter_detail` VALUES ('40288a8183d1d6c60183d1eb1b16002f', '2022-10-13 23:16:29.590000', '40288a8182a656740182a659f4d10001', NULL, NULL, '1', NULL, '查看本地区数据', 5, '40288a8183d1d6c60183d1eb1b16002e', NULL, NULL, NULL, 'sysAreaId', b'1', b'0');
INSERT INTO `sys_filter_detail` VALUES ('40288a8183d1d6c60183d1eb1b160030', '2022-10-13 23:16:29.590000', '40288a8182a656740182a659f4d10001', NULL, NULL, '1', NULL, '查看本地区和下级地区数据', 6, '40288a8183d1d6c60183d1eb1b16002e', NULL, NULL, NULL, 'sysAreaId', b'1', b'1');
INSERT INTO `sys_filter_detail` VALUES ('40288a8183d1d6c60183d1eb1b1c0032', '2022-10-13 23:16:29.596000', '40288a8182a656740182a659f4d10001', NULL, NULL, '1', NULL, '查看本机构数据', 3, '40288a8183d1d6c60183d1eb1b1c0031', NULL, NULL, NULL, 'sysOrgId', b'0', b'0');
INSERT INTO `sys_filter_detail` VALUES ('40288a8183d1d6c60183d1eb1b1c0033', '2022-10-13 23:16:29.596000', '40288a8182a656740182a659f4d10001', NULL, NULL, '1', NULL, '查看本机构和下级机构数据', 4, '40288a8183d1d6c60183d1eb1b1c0031', NULL, NULL, NULL, 'sysOrgId', b'0', b'1');
INSERT INTO `sys_filter_detail` VALUES ('40288a8183d1d6c60183d1eb1b1d0034', '2022-10-13 23:16:29.597000', '40288a8182a656740182a659f4d10001', NULL, NULL, '1', NULL, '查看本部门数据', 1, '40288a8183d1d6c60183d1eb1b1c0031', NULL, NULL, NULL, 'sysDeptId', b'1', b'0');
INSERT INTO `sys_filter_detail` VALUES ('40288a8183d1d6c60183d1eb1b1d0035', '2022-10-13 23:16:29.597000', '40288a8182a656740182a659f4d10001', NULL, NULL, '1', NULL, '查看本部门和下级部门数据', 2, '40288a8183d1d6c60183d1eb1b1c0031', NULL, NULL, NULL, 'sysDeptId', b'1', b'1');
INSERT INTO `sys_filter_detail` VALUES ('40288a8183daa5370183daa62bb60001', '2022-10-15 15:57:46.805000', '40288a8182a656740182a659f4d10001', NULL, NULL, '1', NULL, '查看本人数据', 0, '40288a8183daa5370183daa62baa0000', NULL, NULL, NULL, 'createId', b'0', b'0');
INSERT INTO `sys_filter_detail` VALUES ('40288a8183daa5370183daa62bb70002', '2022-10-15 15:57:46.807000', '40288a8182a656740182a659f4d10001', NULL, NULL, '1', NULL, '查看本机构数据', 3, '40288a8183daa5370183daa62baa0000', NULL, NULL, NULL, 'sysOrgId', b'0', b'0');
INSERT INTO `sys_filter_detail` VALUES ('40288a8183daa5370183daa62bb70003', '2022-10-15 15:57:46.807000', '40288a8182a656740182a659f4d10001', NULL, NULL, '1', NULL, '查看本机构和下级机构数据', 4, '40288a8183daa5370183daa62baa0000', NULL, NULL, NULL, 'sysOrgId', b'0', b'1');
INSERT INTO `sys_filter_detail` VALUES ('40288a8183daa5370183daa62bb70004', '2022-10-15 15:57:46.807000', '40288a8182a656740182a659f4d10001', NULL, NULL, '1', NULL, '查看本部门数据', 1, '40288a8183daa5370183daa62baa0000', NULL, NULL, NULL, 'sysDeptId', b'0', b'0');
INSERT INTO `sys_filter_detail` VALUES ('40288a8183daa5370183daa62bb80005', '2022-10-15 15:57:46.807000', '40288a8182a656740182a659f4d10001', NULL, NULL, '1', NULL, '查看本部门和下级部门数据', 2, '40288a8183daa5370183daa62baa0000', NULL, NULL, NULL, 'sysDeptId', b'0', b'1');
INSERT INTO `sys_filter_detail` VALUES ('40288a8183daa5370183daa62bb80006', '2022-10-15 15:57:46.808000', '40288a8182a656740182a659f4d10001', NULL, NULL, '1', NULL, '查看本地区数据', 5, '40288a8183daa5370183daa62baa0000', NULL, NULL, NULL, 'sysAreaId', b'0', b'0');
INSERT INTO `sys_filter_detail` VALUES ('40288a8183daa5370183daa62bb80007', '2022-10-15 15:57:46.808000', '40288a8182a656740182a659f4d10001', NULL, NULL, '1', NULL, '查看本地区和下级地区数据', 6, '40288a8183daa5370183daa62baa0000', NULL, NULL, NULL, 'sysAreaId', b'0', b'1');

-- ----------------------------
-- Table structure for sys_filter_group
-- ----------------------------
DROP TABLE IF EXISTS `sys_filter_group`;
CREATE TABLE `sys_filter_group`  (
  `id` varchar(50) CHARACTER SET utf8mb4 COLLATE utf8mb4_general_ci NOT NULL,
  `create_date` datetime(6) NULL DEFAULT NULL,
  `create_id` varchar(255) CHARACTER SET utf8mb4 COLLATE utf8mb4_general_ci NULL DEFAULT NULL,
  `modify_date` datetime(6) NULL DEFAULT NULL,
  `modify_id` varchar(255) CHARACTER SET utf8mb4 COLLATE utf8mb4_general_ci NULL DEFAULT NULL,
  `status` varchar(2) CHARACTER SET utf8mb4 COLLATE utf8mb4_general_ci NULL DEFAULT NULL,
  `sys_filter_detail_id` varchar(255) CHARACTER SET utf8mb4 COLLATE utf8mb4_general_ci NULL DEFAULT NULL,
  `sys_group_id` varchar(255) CHARACTER SET utf8mb4 COLLATE utf8mb4_general_ci NULL DEFAULT NULL,
  PRIMARY KEY (`id`) USING BTREE
) ENGINE = InnoDB CHARACTER SET = utf8mb4 COLLATE = utf8mb4_general_ci ROW_FORMAT = DYNAMIC;

-- ----------------------------
-- Records of sys_filter_group
-- ----------------------------
INSERT INTO `sys_filter_group` VALUES ('40288a8183d2092f0183d209ac810000', '2022-10-13 23:49:52.890000', '40288a8182a656740182a659f4d10001', NULL, NULL, '0', '40288a8183d1d6c60183d1eb1b1c0032', '40288a8183360b430183361553530037');
INSERT INTO `sys_filter_group` VALUES ('40288a8183d2092f0183d209ac970001', '2022-10-13 23:49:52.919000', '40288a8182a656740182a659f4d10001', NULL, NULL, '0', '40288a8183d1d6c60183d1eb1b16002f', '40288a8183360b430183361553530037');
INSERT INTO `sys_filter_group` VALUES ('40288a8183d2092f0183d209ac9c0002', '2022-10-13 23:49:52.924000', '40288a8182a656740182a659f4d10001', NULL, NULL, '0', '40288a8183d1d6c60183d1eb1b0b002a', '40288a8183360b430183361553530037');
INSERT INTO `sys_filter_group` VALUES ('40288a8183d2092f0183d209aca20003', '2022-10-13 23:49:52.929000', '40288a8182a656740182a659f4d10001', NULL, NULL, '0', '40288a8183d1d6c60183d1eb1afd0023', '40288a8183360b430183361553530037');
INSERT INTO `sys_filter_group` VALUES ('40288a8183d2092f0183d209aca80004', '2022-10-13 23:49:52.936000', '40288a8182a656740182a659f4d10001', NULL, NULL, '0', '40288a8183d1d6c60183d1eb1af0001d', '40288a8183360b430183361553530037');
INSERT INTO `sys_filter_group` VALUES ('40288a8183d2092f0183d20aaeec0005', '2022-10-13 23:50:59.052000', '40288a8182a656740182a659f4d10001', NULL, NULL, '0', '40288a8183d1d6c60183d1eb1b1d0034', '40288a8183360b430183361553530037');
INSERT INTO `sys_filter_group` VALUES ('40288a8183d2092f0183d20aaef90006', '2022-10-13 23:50:59.065000', '40288a8182a656740182a659f4d10001', NULL, NULL, '0', '40288a8183d1d6c60183d1eb1b0b002c', '40288a8183360b430183361553530037');
INSERT INTO `sys_filter_group` VALUES ('40288a8183d2092f0183d20aaeff0007', '2022-10-13 23:50:59.070000', '40288a8182a656740182a659f4d10001', NULL, NULL, '0', '40288a8183d1d6c60183d1eb1afd0027', '40288a8183360b430183361553530037');
INSERT INTO `sys_filter_group` VALUES ('40288a8183d2092f0183d20aaf050008', '2022-10-13 23:50:59.077000', '40288a8182a656740182a659f4d10001', NULL, NULL, '0', '40288a8183d1d6c60183d1eb1aef001c', '40288a8183360b430183361553530037');
INSERT INTO `sys_filter_group` VALUES ('40288a8183d20e660183d20e9ecc0000', '2022-10-13 23:55:17.065000', '40288a8182a656740182a659f4d10001', NULL, NULL, '0', '40288a8183d1d6c60183d1eb1b1c0033', '40288a8183360b430183361553530037');
INSERT INTO `sys_filter_group` VALUES ('40288a8183d20e660183d20e9ee10001', '2022-10-13 23:55:17.089000', '40288a8182a656740182a659f4d10001', NULL, NULL, '0', '40288a8183d1d6c60183d1eb1af0001e', '40288a8183360b430183361553530037');
INSERT INTO `sys_filter_group` VALUES ('40288a8183d20e660183d20f59030002', '2022-10-13 23:56:04.738000', '40288a8182a656740182a659f4d10001', NULL, NULL, '0', '40288a8183d1d6c60183d1eb1b1d0034', '40288a8183360b430183361553530037');
INSERT INTO `sys_filter_group` VALUES ('40288a8183d20e660183d20f59090003', '2022-10-13 23:56:04.745000', '40288a8182a656740182a659f4d10001', NULL, NULL, '0', '40288a8183d1d6c60183d1eb1b0b002a', '40288a8183360b430183361553530037');
INSERT INTO `sys_filter_group` VALUES ('40288a8183d20e660183d20f590d0004', '2022-10-13 23:56:04.748000', '40288a8182a656740182a659f4d10001', NULL, NULL, '0', '40288a8183d1d6c60183d1eb1afc0022', '40288a8183360b430183361553530037');
INSERT INTO `sys_filter_group` VALUES ('40288a8183d20e660183d20f59110005', '2022-10-13 23:56:04.752000', '40288a8182a656740182a659f4d10001', NULL, NULL, '0', '40288a8183d1d6c60183d1eb1aef001c', '40288a8183360b430183361553530037');
INSERT INTO `sys_filter_group` VALUES ('40288a8183d20e660183d2103b970006', '2022-10-13 23:57:02.743000', '40288a8182a656740182a659f4d10001', NULL, NULL, '0', '40288a8183d1d6c60183d1eb1b1c0032', '40288a8183360b430183361553530037');
INSERT INTO `sys_filter_group` VALUES ('40288a8183d20e660183d2103b9f0007', '2022-10-13 23:57:02.751000', '40288a8182a656740182a659f4d10001', NULL, NULL, '0', '40288a8183d1d6c60183d1eb1afd0023', '40288a8183360b430183361553530037');
INSERT INTO `sys_filter_group` VALUES ('40288a8183d20e660183d2103ba30008', '2022-10-13 23:57:02.754000', '40288a8182a656740182a659f4d10001', NULL, NULL, '0', '40288a8183d1d6c60183d1eb1af0001d', '40288a8183360b430183361553530037');
INSERT INTO `sys_filter_group` VALUES ('40288a8183d20e660183d210e3100009', '2022-10-13 23:57:45.616000', '40288a8182a656740182a659f4d10001', NULL, NULL, '0', '40288a8183d1d6c60183d1eb1b1c0033', '40288a8183360b430183361553530037');
INSERT INTO `sys_filter_group` VALUES ('40288a8183d20e660183d210e315000a', '2022-10-13 23:57:45.621000', '40288a8182a656740182a659f4d10001', NULL, NULL, '0', '40288a8183d1d6c60183d1eb1b0b002b', '40288a8183360b430183361553530037');
INSERT INTO `sys_filter_group` VALUES ('40288a8183d20e660183d210e319000b', '2022-10-13 23:57:45.625000', '40288a8182a656740182a659f4d10001', NULL, NULL, '0', '40288a8183d1d6c60183d1eb1afd0024', '40288a8183360b430183361553530037');
INSERT INTO `sys_filter_group` VALUES ('40288a8183d20e660183d210e31d000c', '2022-10-13 23:57:45.629000', '40288a8182a656740182a659f4d10001', NULL, NULL, '0', '40288a8183d1d6c60183d1eb1af0001e', '40288a8183360b430183361553530037');
INSERT INTO `sys_filter_group` VALUES ('40288a8183d448590183d448bf140000', '2022-10-14 10:18:00.847000', '40288a8182a656740182a659f4d10001', NULL, NULL, '0', '40288a8183d1d6c60183d1eb1af0001f', '40288a8183360b430183361553530037');
INSERT INTO `sys_filter_group` VALUES ('40288a8183d448590183d44907b00001', '2022-10-14 10:18:19.439000', '40288a8182a656740182a659f4d10001', NULL, NULL, '0', '40288a8183d1d6c60183d1eb1af00020', '40288a8183360b430183361553530037');
INSERT INTO `sys_filter_group` VALUES ('40288a8183d448590183d44938120002', '2022-10-14 10:18:31.826000', '40288a8182a656740182a659f4d10001', NULL, NULL, '0', '40288a8183d1d6c60183d1eb1aef001c', '40288a8183360b430183361553530037');
INSERT INTO `sys_filter_group` VALUES ('40288a8183d4527f0183d453abe70000', '2022-10-14 10:29:56.836000', '40288a8182a656740182a659f4d10001', NULL, NULL, '0', '40288a8183d1d6c60183d1eb1af0001d', '40288a8183360b430183361553530037');
INSERT INTO `sys_filter_group` VALUES ('40288a8183d4527f0183d453ee840001', '2022-10-14 10:30:13.892000', '40288a8182a656740182a659f4d10001', NULL, NULL, '0', '40288a8183d1d6c60183d1eb1af0001f', '40288a8183360b430183361553530037');
INSERT INTO `sys_filter_group` VALUES ('40288a8183d56f5a0183d57019f20000', '2022-10-14 15:40:37.228000', '40288a8182a656740182a659f4d10001', NULL, NULL, '0', '40288a8183d1d6c60183d1eb1af0001e', '40288a8183360b430183361553530037');
INSERT INTO `sys_filter_group` VALUES ('40288a8183d56f5a0183d570bed00001', '2022-10-14 15:41:19.440000', '40288a8182a656740182a659f4d10001', NULL, NULL, '0', '40288a8183d1d6c60183d1eb1af00020', '40288a8183360b430183361553530037');
INSERT INTO `sys_filter_group` VALUES ('40288a8183d56f5a0183d571510f0002', '2022-10-14 15:41:56.879000', '40288a8182a656740182a659f4d10001', NULL, NULL, '0', '40288a8183d1d6c60183d1eb1aef001c', '40288a8183360b430183361553530037');
INSERT INTO `sys_filter_group` VALUES ('40288a8183d56f5a0183d571fbf00003', '2022-10-14 15:42:40.624000', '40288a8182a656740182a659f4d10001', NULL, NULL, '0', '40288a8183d1d6c60183d1eb1af0001e', '40288a8183360b430183361553530037');
INSERT INTO `sys_filter_group` VALUES ('40288a8183d56f5a0183d5722f4e0004', '2022-10-14 15:42:53.773000', '40288a8182a656740182a659f4d10001', NULL, NULL, '0', '40288a8183d1d6c60183d1eb1af00020', '40288a8183360b430183361553530037');
INSERT INTO `sys_filter_group` VALUES ('40288a8183d56f5a0183d572626d0005', '2022-10-14 15:43:06.860000', '40288a8182a656740182a659f4d10001', NULL, NULL, '0', '40288a8183d1d6c60183d1eb1af0001d', '40288a8183360b430183361553530037');
INSERT INTO `sys_filter_group` VALUES ('40288a8183d595950183d5af69e00000', '2022-10-14 16:49:46.460000', '40288a8182a656740182a659f4d10001', NULL, NULL, '0', '40288a8183d1d6c60183d1eb1af0001f', '40288a8183360b430183361553530037');
INSERT INTO `sys_filter_group` VALUES ('40288a8183d595950183d5afc8960001', '2022-10-14 16:50:10.709000', '40288a8182a656740182a659f4d10001', NULL, NULL, '0', '40288a8183d1d6c60183d1eb1af0001d', '40288a8183360b430183361553530037');
INSERT INTO `sys_filter_group` VALUES ('40288a8183d614fe0183d616cd5e0000', '2022-10-14 18:42:42.138000', '40288a8182a656740182a659f4d10001', NULL, NULL, '0', '40288a8183d1d6c60183d1eb1af0001e', '40288a8183360b430183361553530037');
INSERT INTO `sys_filter_group` VALUES ('40288a8183d614fe0183d6174b920001', '2022-10-14 18:43:14.449000', '40288a8182a656740182a659f4d10001', NULL, NULL, '0', '40288a8183d1d6c60183d1eb1af0001f', '40288a8183360b430183361553530037');
INSERT INTO `sys_filter_group` VALUES ('40288a8183d614fe0183d6178d4b0002', '2022-10-14 18:43:31.275000', '40288a8182a656740182a659f4d10001', NULL, NULL, '0', '40288a8183d1d6c60183d1eb1af00020', '40288a8183360b430183361553530037');
INSERT INTO `sys_filter_group` VALUES ('40288a8183d614fe0183d617cf5a0003', '2022-10-14 18:43:48.186000', '40288a8182a656740182a659f4d10001', NULL, NULL, '0', '40288a8183d1d6c60183d1eb1aef001c', '40288a8183360b430183361553530037');
INSERT INTO `sys_filter_group` VALUES ('40288a8183d614fe0183d61803ac0004', '2022-10-14 18:44:01.580000', '40288a8182a656740182a659f4d10001', NULL, NULL, '0', '40288a8183d1d6c60183d1eb1af0001d', '40288a8183360b430183361553530037');
INSERT INTO `sys_filter_group` VALUES ('40288a8183d614fe0183d618c4050005', '2022-10-14 18:44:50.821000', '40288a8182a656740182a659f4d10001', NULL, NULL, '0', '40288a8183d1d6c60183d1eb1b160030', '40288a8183360b430183361553530037');
INSERT INTO `sys_filter_group` VALUES ('40288a8183d614fe0183d618c4090006', '2022-10-14 18:44:50.825000', '40288a8182a656740182a659f4d10001', NULL, NULL, '0', '40288a8183d1d6c60183d1eb1b0c002d', '40288a8183360b430183361553530037');
INSERT INTO `sys_filter_group` VALUES ('40288a8183d614fe0183d618c40c0007', '2022-10-14 18:44:50.827000', '40288a8182a656740182a659f4d10001', NULL, NULL, '0', '40288a8183d1d6c60183d1eb1afd0028', '40288a8183360b430183361553530037');
INSERT INTO `sys_filter_group` VALUES ('40288a8183d614fe0183d618c40f0008', '2022-10-14 18:44:50.830000', '40288a8182a656740182a659f4d10001', NULL, NULL, '0', '40288a8183d1d6c60183d1eb1af0001e', '40288a8183360b430183361553530037');
INSERT INTO `sys_filter_group` VALUES ('40288a8183d614fe0183d61b47020009', '2022-10-14 18:47:35.426000', '40288a8182a656740182a659f4d10001', NULL, NULL, '0', '40288a8183d1d6c60183d1eb1afd0023', '40288a8183360b430183361553530037');
INSERT INTO `sys_filter_group` VALUES ('40288a8183daa5370183daa844ce000c', '2022-10-15 16:00:04.301000', '40288a8182a656740182a659f4d10001', NULL, NULL, '0', '40288a8183daa5370183daa62bb80006', '40288a8183360b430183361553530037');
INSERT INTO `sys_filter_group` VALUES ('40288a818482ffa90184834d0cf80000', '2022-11-17 09:56:15.732000', '40288a8182a656740182a659f4d10001', NULL, NULL, '0', '40288a8183d1d6c60183d1eb1b16002f', '40288a8183360b430183361553530037');
INSERT INTO `sys_filter_group` VALUES ('40288a818482ffa90184834d0d030001', '2022-11-17 09:56:15.747000', '40288a8182a656740182a659f4d10001', NULL, NULL, '0', '40288a8183d1d6c60183d1eb1b0b002c', '40288a8183360b430183361553530037');
INSERT INTO `sys_filter_group` VALUES ('40288a818482ffa90184834d0d060002', '2022-11-17 09:56:15.750000', '40288a8182a656740182a659f4d10001', NULL, NULL, '0', '40288a8183d1d6c60183d1eb1afd0027', '40288a8183360b430183361553530037');
INSERT INTO `sys_filter_group` VALUES ('40288a818482ffa90184834d231e0003', '2022-11-17 09:56:21.406000', '40288a8182a656740182a659f4d10001', NULL, NULL, '1', '40288a8183d1d6c60183d1eb1b1d0034', '40288a8183360b430183361492090031');
INSERT INTO `sys_filter_group` VALUES ('40288a818482ffa90184834d23210004', '2022-11-17 09:56:21.409000', '40288a8182a656740182a659f4d10001', NULL, NULL, '1', '40288a8183d1d6c60183d1eb1b16002f', '40288a8183360b430183361492090031');
INSERT INTO `sys_filter_group` VALUES ('40288a818482ffa90184834d23240005', '2022-11-17 09:56:21.411000', '40288a8182a656740182a659f4d10001', NULL, NULL, '1', '40288a8183d1d6c60183d1eb1b0b002a', '40288a8183360b430183361492090031');
INSERT INTO `sys_filter_group` VALUES ('40288a818482ffa90184834d23260006', '2022-11-17 09:56:21.414000', '40288a8182a656740182a659f4d10001', NULL, NULL, '1', '40288a8183d1d6c60183d1eb1af0001f', '40288a8183360b430183361492090031');
INSERT INTO `sys_filter_group` VALUES ('40288a818482ffa90184834d357c0007', '2022-11-17 09:56:26.108000', '40288a8182a656740182a659f4d10001', NULL, NULL, '0', '40288a8183daa5370183daa62bb80005', 'group1');
INSERT INTO `sys_filter_group` VALUES ('40288a818482ffa90184834d357f0008', '2022-11-17 09:56:26.110000', '40288a8182a656740182a659f4d10001', NULL, NULL, '0', '40288a8183d1d6c60183d1eb1b1d0035', 'group1');
INSERT INTO `sys_filter_group` VALUES ('40288a818482ffa90184834d35810009', '2022-11-17 09:56:26.113000', '40288a8182a656740182a659f4d10001', NULL, NULL, '0', '40288a8183d1d6c60183d1eb1b16002f', 'group1');
INSERT INTO `sys_filter_group` VALUES ('40288a818482ffa90184834d3583000a', '2022-11-17 09:56:26.115000', '40288a8182a656740182a659f4d10001', NULL, NULL, '0', '40288a8183d1d6c60183d1eb1b0b002a', 'group1');
INSERT INTO `sys_filter_group` VALUES ('40288a818482ffa90184834d3586000b', '2022-11-17 09:56:26.117000', '40288a8182a656740182a659f4d10001', NULL, NULL, '0', '40288a8183d1d6c60183d1eb1afd0026', 'group1');
INSERT INTO `sys_filter_group` VALUES ('40288a818482ffa90184834d3588000c', '2022-11-17 09:56:26.120000', '40288a8182a656740182a659f4d10001', NULL, NULL, '0', '40288a8183d1d6c60183d1eb1af00020', 'group1');
INSERT INTO `sys_filter_group` VALUES ('40288a81848355d501848393fd680000', '2022-11-17 11:13:44.805000', '40288a8182a656740182a659f4d10001', NULL, NULL, '0', '40288a8183daa5370183daa62bb70002', '40288a8183360b430183361553530037');
INSERT INTO `sys_filter_group` VALUES ('4028b88184adc9130184adcb8cc70000', '2022-11-25 15:58:29.060000', '40288a8182a656740182a659f4d10001', NULL, NULL, '0', '40288a8183d1d6c60183d1eb1afc0022', '40288a8183360b430183361553530037');
INSERT INTO `sys_filter_group` VALUES ('4028b88184ae06240184ae08dda10000', '2022-11-25 17:05:27.454000', '40288a8182a656740182a659f4d10001', NULL, NULL, '0', '40288a8183daa5370183daa62bb70004', '40288a8183360b430183361553530037');
INSERT INTO `sys_filter_group` VALUES ('4028b88184ae06240184ae094c1c0001', '2022-11-25 17:05:55.740000', '40288a8182a656740182a659f4d10001', NULL, NULL, '0', '40288a8183d1d6c60183d1eb1afd0023', '40288a8183360b430183361553530037');
INSERT INTO `sys_filter_group` VALUES ('4028b8818560a2920185610da61e0000', '2022-12-30 11:22:42.580000', '40288a8182a656740182a659f4d10001', NULL, NULL, '0', '40288a8183daa5370183daa62bb80006', '40288a8183360b430183361553530037');
INSERT INTO `sys_filter_group` VALUES ('4028b8818560a2920185610dc7f30001', '2022-12-30 11:22:51.251000', '40288a8182a656740182a659f4d10001', NULL, NULL, '0', '40288a8183daa5370183daa62bb60001', '40288a8183360b430183361553530037');
INSERT INTO `sys_filter_group` VALUES ('4028b8818560a2920185612447b80002', '2022-12-30 11:47:25.752000', '40288a8182a656740182a659f4d10001', NULL, NULL, '0', '40288a8183daa5370183daa62bb80007', '40288a8183360b430183361553530037');
INSERT INTO `sys_filter_group` VALUES ('4028b8818560a2920185612447bb0003', '2022-12-30 11:47:25.755000', '40288a8182a656740182a659f4d10001', NULL, NULL, '0', '40288a8183d1d6c60183d1eb1b160030', '40288a8183360b430183361553530037');
INSERT INTO `sys_filter_group` VALUES ('4028b8818560a2920185612447bd0004', '2022-12-30 11:47:25.757000', '40288a8182a656740182a659f4d10001', NULL, NULL, '0', '40288a8183d1d6c60183d1eb1b0c002d', '40288a8183360b430183361553530037');
INSERT INTO `sys_filter_group` VALUES ('4028b8818560a2920185612447bf0005', '2022-12-30 11:47:25.759000', '40288a8182a656740182a659f4d10001', NULL, NULL, '0', '40288a8183d1d6c60183d1eb1afd0028', '40288a8183360b430183361553530037');
INSERT INTO `sys_filter_group` VALUES ('4028b881857029f8018570489fac0020', '2023-01-02 10:21:25.804000', '40288a8182a656740182a659f4d10001', NULL, NULL, '1', '40288a8183daa5370183daa62bb80007', 'group2');
INSERT INTO `sys_filter_group` VALUES ('4028b881857029f8018570489fae0021', '2023-01-02 10:21:25.806000', '40288a8182a656740182a659f4d10001', NULL, NULL, '1', '40288a8183d1d6c60183d1eb1b1c0033', 'group2');
INSERT INTO `sys_filter_group` VALUES ('4028b881857029f8018570489fb00022', '2023-01-02 10:21:25.808000', '40288a8182a656740182a659f4d10001', NULL, NULL, '1', '40288a8183d1d6c60183d1eb1b160030', 'group2');
INSERT INTO `sys_filter_group` VALUES ('4028b881857029f8018570489fb30023', '2023-01-02 10:21:25.811000', '40288a8182a656740182a659f4d10001', NULL, NULL, '1', '40288a8183d1d6c60183d1eb1b0c002d', 'group2');
INSERT INTO `sys_filter_group` VALUES ('4028b881857029f8018570489fb50024', '2023-01-02 10:21:25.813000', '40288a8182a656740182a659f4d10001', NULL, NULL, '1', '40288a8183d1d6c60183d1eb1afd0028', 'group2');
INSERT INTO `sys_filter_group` VALUES ('4028b881857029f8018570489fb70025', '2023-01-02 10:21:25.815000', '40288a8182a656740182a659f4d10001', NULL, NULL, '1', '40288a8183d1d6c60183d1eb1af0001e', 'group2');
INSERT INTO `sys_filter_group` VALUES ('4028b8818570497f01857057cc8e0000', '2023-01-02 10:38:00.331000', '40288a8182a656740182a659f4d10001', NULL, NULL, '1', '40288a8183daa5370183daa62bb80007', 'group1');
INSERT INTO `sys_filter_group` VALUES ('4028b8818570497f01857057ccae0001', '2023-01-02 10:38:00.366000', '40288a8182a656740182a659f4d10001', NULL, NULL, '1', '40288a8183d1d6c60183d1eb1b1c0033', 'group1');
INSERT INTO `sys_filter_group` VALUES ('4028b8818570497f01857057ccb10002', '2023-01-02 10:38:00.369000', '40288a8182a656740182a659f4d10001', NULL, NULL, '1', '40288a8183d1d6c60183d1eb1b160030', 'group1');
INSERT INTO `sys_filter_group` VALUES ('4028b8818570497f01857057ccb40003', '2023-01-02 10:38:00.371000', '40288a8182a656740182a659f4d10001', NULL, NULL, '1', '40288a8183d1d6c60183d1eb1b0c002d', 'group1');
INSERT INTO `sys_filter_group` VALUES ('4028b8818570497f01857057ccb70004', '2023-01-02 10:38:00.375000', '40288a8182a656740182a659f4d10001', NULL, NULL, '1', '40288a8183d1d6c60183d1eb1afd0028', 'group1');
INSERT INTO `sys_filter_group` VALUES ('4028b8818570497f01857057ccba0005', '2023-01-02 10:38:00.378000', '40288a8182a656740182a659f4d10001', NULL, NULL, '1', '40288a8183d1d6c60183d1eb1af0001e', 'group1');
INSERT INTO `sys_filter_group` VALUES ('4028b8818575989b01857625d2d5003f', '2023-01-03 13:41:08.437000', '40288a8182a656740182a659f4d10001', NULL, NULL, '0', '40288a8183daa5370183daa62bb70002', '40288a8183360b430183361553530037');
INSERT INTO `sys_filter_group` VALUES ('4028b8818575989b01857625d2d70040', '2023-01-03 13:41:08.439000', '40288a8182a656740182a659f4d10001', NULL, NULL, '0', '40288a8183d1d6c60183d1eb1b1c0032', '40288a8183360b430183361553530037');
INSERT INTO `sys_filter_group` VALUES ('4028b8818575989b01857625d2d90041', '2023-01-03 13:41:08.441000', '40288a8182a656740182a659f4d10001', NULL, NULL, '0', '40288a8183d1d6c60183d1eb1b16002f', '40288a8183360b430183361553530037');
INSERT INTO `sys_filter_group` VALUES ('4028b8818575989b01857625d2da0042', '2023-01-03 13:41:08.442000', '40288a8182a656740182a659f4d10001', NULL, NULL, '0', '40288a8183d1d6c60183d1eb1b0b002a', '40288a8183360b430183361553530037');
INSERT INTO `sys_filter_group` VALUES ('4028b8818575989b01857625d2dc0043', '2023-01-03 13:41:08.444000', '40288a8182a656740182a659f4d10001', NULL, NULL, '0', '40288a8183d1d6c60183d1eb1afd0023', '40288a8183360b430183361553530037');
INSERT INTO `sys_filter_group` VALUES ('4028b8818575989b01857625d2dd0044', '2023-01-03 13:41:08.445000', '40288a8182a656740182a659f4d10001', NULL, NULL, '0', '40288a8183d1d6c60183d1eb1af0001d', '40288a8183360b430183361553530037');
INSERT INTO `sys_filter_group` VALUES ('4028b8818575989b0185763388e40045', '2023-01-03 13:56:07.012000', '40288a8182a656740182a659f4d10001', NULL, NULL, '0', '40288a8183daa5370183daa62bb80005', '40288a8183360b430183361553530037');
INSERT INTO `sys_filter_group` VALUES ('4028b8818575989b0185763388e60046', '2023-01-03 13:56:07.014000', '40288a8182a656740182a659f4d10001', NULL, NULL, '0', '40288a8183d1d6c60183d1eb1b1d0035', '40288a8183360b430183361553530037');
INSERT INTO `sys_filter_group` VALUES ('4028b8818575989b0185763388e80047', '2023-01-03 13:56:07.016000', '40288a8182a656740182a659f4d10001', NULL, NULL, '0', '40288a8183d1d6c60183d1eb1afd0026', '40288a8183360b430183361553530037');
INSERT INTO `sys_filter_group` VALUES ('4028b8818575989b0185763388e90048', '2023-01-03 13:56:07.017000', '40288a8182a656740182a659f4d10001', NULL, NULL, '0', '40288a8183d1d6c60183d1eb1af00020', '40288a8183360b430183361553530037');
INSERT INTO `sys_filter_group` VALUES ('4028b8818575989b018576417035004a', '2023-01-03 14:11:18.197000', '40288a8182a656740182a659f4d10001', NULL, NULL, '0', '40288a8183daa5370183daa62bb70004', '40288a8183360b430183361553530037');
INSERT INTO `sys_filter_group` VALUES ('4028b8818575989b018576417037004b', '2023-01-03 14:11:18.199000', '40288a8182a656740182a659f4d10001', NULL, NULL, '0', '40288a8183d1d6c60183d1eb1b1d0034', '40288a8183360b430183361553530037');
INSERT INTO `sys_filter_group` VALUES ('4028b8818575989b01857641703a004c', '2023-01-03 14:11:18.202000', '40288a8182a656740182a659f4d10001', NULL, NULL, '0', '40288a8183d1d6c60183d1eb1afd0025', '40288a8183360b430183361553530037');
INSERT INTO `sys_filter_group` VALUES ('4028b8818575989b01857641703c004d', '2023-01-03 14:11:18.204000', '40288a8182a656740182a659f4d10001', NULL, NULL, '0', '40288a8183d1d6c60183d1eb1af0001f', '40288a8183360b430183361553530037');
INSERT INTO `sys_filter_group` VALUES ('4028b8818576b48b018576be4059001e', '2023-01-03 16:27:37.945000', '40288a8182a656740182a659f4d10001', NULL, NULL, '0', '40288a8183daa5370183daa62bb80007', '40288a8183360b430183361553530037');
INSERT INTO `sys_filter_group` VALUES ('4028b8818576b48b018576be405b001f', '2023-01-03 16:27:37.947000', '40288a8182a656740182a659f4d10001', NULL, NULL, '0', '40288a8183d1d6c60183d1eb1b1c0033', '40288a8183360b430183361553530037');
INSERT INTO `sys_filter_group` VALUES ('4028b8818576b48b018576be405d0020', '2023-01-03 16:27:37.949000', '40288a8182a656740182a659f4d10001', NULL, NULL, '1', '40288a8183d1d6c60183d1eb1b160030', '40288a8183360b430183361553530037');
INSERT INTO `sys_filter_group` VALUES ('4028b8818576b48b018576be40600021', '2023-01-03 16:27:37.952000', '40288a8182a656740182a659f4d10001', NULL, NULL, '1', '40288a8183d1d6c60183d1eb1b0c002d', '40288a8183360b430183361553530037');
INSERT INTO `sys_filter_group` VALUES ('4028b8818576b48b018576be40610022', '2023-01-03 16:27:37.953000', '40288a8182a656740182a659f4d10001', NULL, NULL, '1', '40288a8183d1d6c60183d1eb1afd0028', '40288a8183360b430183361553530037');
INSERT INTO `sys_filter_group` VALUES ('4028b8818576b48b018576be40630023', '2023-01-03 16:27:37.955000', '40288a8182a656740182a659f4d10001', NULL, NULL, '0', '40288a8183d1d6c60183d1eb1af0001e', '40288a8183360b430183361553530037');
INSERT INTO `sys_filter_group` VALUES ('4028b881857760750185783b4664004d', '2023-01-03 23:23:48.708000', '40288a8182a656740182a659f4d10001', NULL, NULL, '0', '40288a8183d1d6c60183d1eb1b1c0032', '40288a8183360b430183361553530037');
INSERT INTO `sys_filter_group` VALUES ('4028b881857760750185783bb7fb004e', '2023-01-03 23:24:17.787000', '40288a8182a656740182a659f4d10001', NULL, NULL, '0', '40288a8183d1d6c60183d1eb1b1d0035', '40288a8183360b430183361553530037');
INSERT INTO `sys_filter_group` VALUES ('4028b881857760750185783c2848004f', '2023-01-03 23:24:46.535000', '40288a8182a656740182a659f4d10001', NULL, NULL, '1', '40288a8183daa5370183daa62bb70002', '40288a8183360b430183361553530037');
INSERT INTO `sys_filter_group` VALUES ('4028b881857760750185783c63270050', '2023-01-03 23:25:01.607000', '40288a8182a656740182a659f4d10001', NULL, NULL, '1', '40288a8183d1d6c60183d1eb1b1c0032', '40288a8183360b430183361553530037');
INSERT INTO `sys_filter_group` VALUES ('4028b881857b04b801857c0d7a0a0000', '2023-01-04 17:12:16.120000', '40288a8182a656740182a659f4d10001', NULL, NULL, '1', '40288a8183d1d6c60183d1eb1af0001d', '40288a8183360b430183361553530037');

-- ----------------------------
-- Table structure for sys_group
-- ----------------------------
DROP TABLE IF EXISTS `sys_group`;
CREATE TABLE `sys_group`  (
  `id` varchar(50) CHARACTER SET utf8mb4 COLLATE utf8mb4_general_ci NOT NULL,
  `create_date` datetime(6) NULL DEFAULT NULL,
  `modify_date` datetime(6) NULL DEFAULT NULL,
  `status` varchar(2) CHARACTER SET utf8mb4 COLLATE utf8mb4_general_ci NULL DEFAULT NULL,
  `name` varchar(255) CHARACTER SET utf8mb4 COLLATE utf8mb4_general_ci NULL DEFAULT NULL,
  `remark` varchar(255) CHARACTER SET utf8mb4 COLLATE utf8mb4_general_ci NULL DEFAULT NULL,
  `create_id` varchar(255) CHARACTER SET utf8mb4 COLLATE utf8mb4_general_ci NULL DEFAULT NULL,
  `modify_id` varchar(255) CHARACTER SET utf8mb4 COLLATE utf8mb4_general_ci NULL DEFAULT NULL,
  `scope` int(11) NULL DEFAULT NULL,
  PRIMARY KEY (`id`) USING BTREE
) ENGINE = InnoDB CHARACTER SET = utf8mb4 COLLATE = utf8mb4_general_ci ROW_FORMAT = DYNAMIC;

-- ----------------------------
-- Records of sys_group
-- ----------------------------
INSERT INTO `sys_group` VALUES ('40288a8183360b430183361492090031', '2022-09-13 17:01:01.321000', '2022-11-17 09:56:21.402000', '1', '管理员', '管理系统基础数据', NULL, '40288a8182a656740182a659f4d10001', 1);
INSERT INTO `sys_group` VALUES ('40288a8183360b430183361553530037', '2022-09-13 17:01:50.803000', '2023-01-04 17:12:16.098000', '1', '运维人员', '所有操作权限和最大的数据权限', NULL, '40288a8182a656740182a659f4d10001', 6);
INSERT INTO `sys_group` VALUES ('group1', NULL, '2023-01-02 10:38:00.306000', '1', '集团领导', '查看机构和下级机构的数据', NULL, '40288a8182a656740182a659f4d10001', 6);
INSERT INTO `sys_group` VALUES ('group2', NULL, '2023-01-02 10:21:25.801000', '1', '员工', '查看本人数据', NULL, '40288a8182a656740182a659f4d10001', 6);

-- ----------------------------
-- Table structure for sys_org
-- ----------------------------
DROP TABLE IF EXISTS `sys_org`;
CREATE TABLE `sys_org`  (
  `id` varchar(50) CHARACTER SET utf8mb4 COLLATE utf8mb4_general_ci NOT NULL,
  `create_date` datetime(6) NULL DEFAULT NULL,
  `create_id` varchar(255) CHARACTER SET utf8mb4 COLLATE utf8mb4_general_ci NULL DEFAULT NULL,
  `modify_date` datetime(6) NULL DEFAULT NULL,
  `modify_id` varchar(255) CHARACTER SET utf8mb4 COLLATE utf8mb4_general_ci NULL DEFAULT NULL,
  `status` varchar(2) CHARACTER SET utf8mb4 COLLATE utf8mb4_general_ci NULL DEFAULT NULL,
  `enable_date` datetime(6) NULL DEFAULT NULL,
  `name` varchar(255) CHARACTER SET utf8mb4 COLLATE utf8mb4_general_ci NULL DEFAULT NULL,
  `sys_area_id` varchar(255) CHARACTER SET utf8mb4 COLLATE utf8mb4_general_ci NULL DEFAULT NULL,
  `type` varchar(255) CHARACTER SET utf8mb4 COLLATE utf8mb4_general_ci NULL DEFAULT NULL,
  `orgcode` varchar(255) CHARACTER SET utf8mb4 COLLATE utf8mb4_general_ci NULL DEFAULT NULL,
  `code` varchar(255) CHARACTER SET utf8mb4 COLLATE utf8mb4_general_ci NULL DEFAULT NULL,
  `pcode` varchar(255) CHARACTER SET utf8mb4 COLLATE utf8mb4_general_ci NULL DEFAULT NULL,
  PRIMARY KEY (`id`) USING BTREE
) ENGINE = InnoDB CHARACTER SET = utf8mb4 COLLATE = utf8mb4_general_ci ROW_FORMAT = DYNAMIC;

-- ----------------------------
-- Records of sys_org
-- ----------------------------
INSERT INTO `sys_org` VALUES ('4028b881857568ed01857590c3c40053', '2023-01-03 10:58:19.715000', '40288a8182a656740182a659f4d10001', NULL, NULL, '1', NULL, '湖北省卫健委', '4028b881857568ed0185758e3c63004e', '1', '420000001', '001', NULL);
INSERT INTO `sys_org` VALUES ('4028b881857568ed0185759124400054', '2023-01-03 10:58:44.414000', '40288a8182a656740182a659f4d10001', '2023-01-04 21:50:23.118000', '40288a8182a656740182a659f4d10001', '1', '2023-01-11 00:00:00.000000', '武汉协和医院', '4028b881857568ed0185758ec90a0050', '1', '420100001', '001_001', '001');

-- ----------------------------
-- Table structure for sys_reources
-- ----------------------------
DROP TABLE IF EXISTS `sys_reources`;
CREATE TABLE `sys_reources`  (
  `id` varchar(50) CHARACTER SET utf8mb4 COLLATE utf8mb4_general_ci NOT NULL,
  `create_date` datetime(6) NULL DEFAULT NULL,
  `modify_date` datetime(6) NULL DEFAULT NULL,
  `status` varchar(2) CHARACTER SET utf8mb4 COLLATE utf8mb4_general_ci NULL DEFAULT NULL,
  `resources_code` varchar(255) CHARACTER SET utf8mb4 COLLATE utf8mb4_general_ci NULL DEFAULT NULL,
  `icon` varchar(255) CHARACTER SET utf8mb4 COLLATE utf8mb4_general_ci NULL DEFAULT NULL,
  `name` varchar(255) CHARACTER SET utf8mb4 COLLATE utf8mb4_general_ci NULL DEFAULT NULL,
  `resources_pcode` varchar(255) CHARACTER SET utf8mb4 COLLATE utf8mb4_general_ci NULL DEFAULT NULL,
  `request_type` varchar(255) CHARACTER SET utf8mb4 COLLATE utf8mb4_general_ci NULL DEFAULT NULL,
  `sys_role_id` varchar(255) CHARACTER SET utf8mb4 COLLATE utf8mb4_general_ci NULL DEFAULT NULL,
  `resources_type` varchar(255) CHARACTER SET utf8mb4 COLLATE utf8mb4_general_ci NULL DEFAULT NULL,
  `url` varchar(255) CHARACTER SET utf8mb4 COLLATE utf8mb4_general_ci NULL DEFAULT NULL,
  `create_id` varchar(255) CHARACTER SET utf8mb4 COLLATE utf8mb4_general_ci NULL DEFAULT NULL,
  `modify_id` varchar(255) CHARACTER SET utf8mb4 COLLATE utf8mb4_general_ci NULL DEFAULT NULL,
  `menu_code` varchar(255) CHARACTER SET utf8mb4 COLLATE utf8mb4_general_ci NULL DEFAULT NULL,
  PRIMARY KEY (`id`) USING BTREE
) ENGINE = InnoDB CHARACTER SET = utf8mb4 COLLATE = utf8mb4_general_ci ROW_FORMAT = DYNAMIC;

-- ----------------------------
-- Records of sys_reources
-- ----------------------------
INSERT INTO `sys_reources` VALUES ('40288a8183cad4800183cb0656860006', '2022-10-12 15:08:53.766000', NULL, '1', 'sysResources', NULL, '权限资源', NULL, NULL, NULL, '1', NULL, '40288a8182a656740182a659f4d10001', NULL, NULL);
INSERT INTO `sys_reources` VALUES ('40288a8183cad4800183cb07e7010007', '2022-10-12 15:10:36.288000', '2022-10-12 22:49:57.935000', '1', 'sysResources:page', NULL, '资源查询', NULL, NULL, '40288a8182f310a10182f3a3a5690000', '2', '/sysResources/page', '40288a8182a656740182a659f4d10001', '40288a8182a656740182a659f4d10001', 'sysResources');
INSERT INTO `sys_reources` VALUES ('40288a8183cb08720183cb0a6d500000', '2022-10-12 15:13:21.737000', '2022-12-08 15:50:44.901000', '1', 'sysResources:save', 'IconSetting', '保存', 'sysResources:page', NULL, '40288a8182f310a10182f3a3a5690000', '2', '/sysResources/save', '40288a8182a656740182a659f4d10001', '40288a8182a656740182a659f4d10001', 'sysResources');
INSERT INTO `sys_reources` VALUES ('40288a8183cb669c0183cb6e9f920000', '2022-10-12 17:02:48.203000', '2022-10-12 22:49:57.929000', '1', 'sysResources:save:import', NULL, '导入', 'sysResources:page', NULL, '40288a8182f310a10182f3a3a5690000', '2', '/sysResources/save/import', '40288a8182a656740182a659f4d10001', '40288a8182a656740182a659f4d10001', 'sysResources');
INSERT INTO `sys_reources` VALUES ('40288a8183cb6ee90183cb7872410000', '2022-10-12 17:13:31.962000', NULL, '1', 'sysRole', NULL, '用户角色', NULL, NULL, NULL, '1', NULL, '40288a8182a656740182a659f4d10001', NULL, NULL);
INSERT INTO `sys_reources` VALUES ('40288a8183cb7e110183cb7f21020000', '2022-10-12 17:20:49.917000', '2022-11-17 09:15:58.236000', '1', 'sysRole:save:roleDto', NULL, '保存', 'sysRole:page', NULL, 'role2', '2', '/sysRole/save/roleDto', '40288a8182a656740182a659f4d10001', '40288a8182a656740182a659f4d10001', 'sysRole');
INSERT INTO `sys_reources` VALUES ('40288a8183cb7e110183cb8013680001', '2022-10-12 17:21:51.976000', '2022-11-17 09:15:58.228000', '1', 'sysRole:page', NULL, '查询', NULL, NULL, 'role2', '2', '/sysRole/page', '40288a8182a656740182a659f4d10001', '40288a8182a656740182a659f4d10001', 'sysRole');
INSERT INTO `sys_reources` VALUES ('40288a8183cb7e110183cb8045ef0002', '2022-10-12 17:22:04.911000', '2022-11-17 09:15:58.221000', '1', 'sysRole:remove', NULL, '删除', 'sysRole:page', NULL, 'role2', '2', '/sysRole/remove', '40288a8182a656740182a659f4d10001', '40288a8182a656740182a659f4d10001', 'sysRole');
INSERT INTO `sys_reources` VALUES ('40288a8183cb82760183cb87b1e70000', '2022-10-12 17:30:11.290000', '2022-12-08 15:49:25.966000', '1', 'sysArea', 'IconExpand', '行政区划', NULL, NULL, NULL, '1', NULL, '40288a8182a656740182a659f4d10001', '40288a8182a656740182a659f4d10001', NULL);
INSERT INTO `sys_reources` VALUES ('40288a8183cb82760183cb87d6dd0001', '2022-10-12 17:30:20.765000', '2022-11-17 09:15:58.214000', '1', 'sysArea:remove', NULL, '删除', 'sysArea:page', NULL, 'role2', '2', '/sysArea/remove', '40288a8182a656740182a659f4d10001', '40288a8182a656740182a659f4d10001', 'sysArea');
INSERT INTO `sys_reources` VALUES ('40288a8183cb82760183cb8819e80002', '2022-10-12 17:30:37.927000', '2022-12-29 22:05:00.019000', '1', 'sysArea:page', NULL, '查询', NULL, NULL, 'role1', '2', '/sysArea/page', '40288a8182a656740182a659f4d10001', '40288a8182a656740182a659f4d10001', 'sysArea');
INSERT INTO `sys_reources` VALUES ('40288a8183cb82760183cb88339d0003', '2022-10-12 17:30:44.509000', '2022-11-17 09:15:58.206000', '1', 'sysArea:save', NULL, '保存', 'sysArea:page', NULL, 'role2', '2', '/sysArea/save', '40288a8182a656740182a659f4d10001', '40288a8182a656740182a659f4d10001', 'sysArea');
INSERT INTO `sys_reources` VALUES ('40288a8183cb89660183cb8b92480000', '2022-10-12 17:34:25.343000', NULL, '1', 'sysGroup', NULL, '权限组', NULL, NULL, NULL, '1', NULL, '40288a8182a656740182a659f4d10001', NULL, NULL);
INSERT INTO `sys_reources` VALUES ('40288a8183cb89660183cb8bb3b30001', '2022-10-12 17:34:33.907000', '2022-11-17 09:15:58.198000', '1', 'sysGroup:page', NULL, '查询', NULL, NULL, 'role2', '2', '/sysGroup/page', '40288a8182a656740182a659f4d10001', '40288a8182a656740182a659f4d10001', 'sysGroup');
INSERT INTO `sys_reources` VALUES ('40288a8183cb89660183cb8c1dc40002', '2022-10-12 17:35:01.059000', '2022-11-17 09:15:58.245000', '1', 'sysGroup:save:groupDto', NULL, '保存', 'sysGroup:page', NULL, 'role2', '2', '/sysGroup/save/groupDto', '40288a8182a656740182a659f4d10001', '40288a8182a656740182a659f4d10001', 'sysGroup');
INSERT INTO `sys_reources` VALUES ('40288a8183cb89660183cb8c47620003', '2022-10-12 17:35:11.714000', '2022-11-17 09:15:58.192000', '1', 'sysGroup:remove', NULL, '删除', 'sysGroup:page', NULL, 'role2', '2', '/sysGroup/remove', '40288a8182a656740182a659f4d10001', '40288a8182a656740182a659f4d10001', 'sysGroup');
INSERT INTO `sys_reources` VALUES ('40288a8183cb89660183cb8c85170004', '2022-10-12 17:35:27.511000', NULL, '0', 'sysGroup:save', NULL, '保存', NULL, NULL, NULL, '2', '/sysGroup/save', '40288a8182a656740182a659f4d10001', NULL, 'sysGroup');
INSERT INTO `sys_reources` VALUES ('40288a8183cb89660183cbc364470005', '2022-10-12 18:35:23.591000', '2022-10-12 22:49:57.925000', '1', 'sysResources:remove', NULL, '删除', 'sysResources:page', NULL, '40288a8182f310a10182f3a3a5690000', '2', '/sysResources/remove', '40288a8182a656740182a659f4d10001', '40288a8182a656740182a659f4d10001', 'sysResources');
INSERT INTO `sys_reources` VALUES ('40288a8183cb89660183cbc608b60006', '2022-10-12 18:38:16.757000', '2022-11-17 09:15:58.186000', '1', 'sysGroup:save:groupFilterDto', NULL, '数据权限', 'sysGroup:page', NULL, 'role2', '2', '/sysGroup/save/groupFilterDto', '40288a8182a656740182a659f4d10001', '40288a8182a656740182a659f4d10001', 'sysGroup');
INSERT INTO `sys_reources` VALUES ('40288a8183cb89660183cc5600fc0007', '2022-10-12 21:15:31.945000', '2022-12-29 22:05:00.013000', '1', 'project:page', NULL, '查询', NULL, NULL, 'role1', '2', '/project/page', '40288a8182a656740182a659f4d10001', '40288a8182a656740182a659f4d10001', 'project');
INSERT INTO `sys_reources` VALUES ('40288a8183cb89660183cc5601030008', '2022-10-12 21:15:31.945000', '2022-12-29 22:05:00.015000', '1', 'project:remove', NULL, '删除', 'project:page', NULL, 'role1', '2', '/project/remove', '40288a8182a656740182a659f4d10001', '40288a8182a656740182a659f4d10001', 'project');
INSERT INTO `sys_reources` VALUES ('40288a8183cb89660183cc5601100009', '2022-10-12 21:15:31.945000', NULL, '1', 'project', NULL, '项目管理', NULL, NULL, NULL, '1', NULL, '40288a8182a656740182a659f4d10001', NULL, NULL);
INSERT INTO `sys_reources` VALUES ('40288a8183cb89660183cc560119000a', '2022-10-12 21:15:31.945000', '2022-12-29 22:05:00.017000', '1', 'project:save', NULL, '保存', 'project:page', NULL, 'role1', '2', '/project/save', '40288a8182a656740182a659f4d10001', '40288a8182a656740182a659f4d10001', 'project');
INSERT INTO `sys_reources` VALUES ('40288a8183cb89660183cc683df7000c', '2022-10-12 21:35:27.223000', '2022-11-17 09:15:58.179000', '1', 'sysOrg:save', NULL, '保存', 'sysOrg:page', NULL, 'role2', '2', '/sysOrg/save', '40288a8182a656740182a659f4d10001', '40288a8182a656740182a659f4d10001', 'sysOrg');
INSERT INTO `sys_reources` VALUES ('40288a8183cb89660183cc683df9000d', '2022-10-12 21:35:27.224000', NULL, '1', 'sysOrg', NULL, '机构', NULL, NULL, NULL, '1', NULL, '40288a8182a656740182a659f4d10001', NULL, NULL);
INSERT INTO `sys_reources` VALUES ('40288a8183cb89660183cc683df9000e', '2022-10-12 21:35:27.224000', '2022-11-17 09:15:58.173000', '1', 'sysOrg:remove', NULL, '删除', 'sysOrg:page', NULL, 'role2', '2', '/sysOrg/remove', '40288a8182a656740182a659f4d10001', '40288a8182a656740182a659f4d10001', 'sysOrg');
INSERT INTO `sys_reources` VALUES ('40288a8183cb89660183cc683df9000f', '2022-10-12 21:35:27.224000', '2022-12-29 22:05:00.011000', '1', 'sysOrg:page', NULL, '查询', NULL, NULL, 'role1', '2', '/sysOrg/page', '40288a8182a656740182a659f4d10001', '40288a8182a656740182a659f4d10001', 'sysOrg');
INSERT INTO `sys_reources` VALUES ('40288a8183cb89660183cc69dcd50010', '2022-10-12 21:37:13.429000', NULL, '1', 'sysDept', NULL, '科室部门', NULL, NULL, NULL, '1', NULL, '40288a8182a656740182a659f4d10001', NULL, NULL);
INSERT INTO `sys_reources` VALUES ('40288a8183cb89660183cc69dcd70011', '2022-10-12 21:37:13.430000', '2022-11-17 09:15:58.167000', '1', 'sysDept:save', NULL, '保存', 'sysDept:page', NULL, 'role2', '2', '/sysDept/save', '40288a8182a656740182a659f4d10001', '40288a8182a656740182a659f4d10001', 'sysDept');
INSERT INTO `sys_reources` VALUES ('40288a8183cb89660183cc69dcd70012', '2022-10-12 21:37:13.430000', '2022-12-29 22:05:00.021000', '1', 'sysDept:page', NULL, '查询', NULL, NULL, 'role1', '2', '/sysDept/page', '40288a8182a656740182a659f4d10001', '40288a8182a656740182a659f4d10001', 'sysDept');
INSERT INTO `sys_reources` VALUES ('40288a8183cb89660183cc69fcdd0013', '2022-10-12 21:37:21.629000', '2022-11-17 09:15:58.160000', '1', 'sysDept:remove', NULL, '删除', 'sysDept:page', NULL, 'role2', '2', '/sysDept/remove', '40288a8182a656740182a659f4d10001', '40288a8182a656740182a659f4d10001', 'sysDept');
INSERT INTO `sys_reources` VALUES ('40288a8183cb89660183cc6d0d780014', '2022-10-12 21:40:42.488000', '2022-12-29 22:05:00.009000', '1', 'sysUser:page', NULL, '查询', NULL, NULL, 'role1', '2', '/sysUser/page', '40288a8182a656740182a659f4d10001', '40288a8182a656740182a659f4d10001', 'sysUser');
INSERT INTO `sys_reources` VALUES ('40288a8183cb89660183cc6d0d7b0015', '2022-10-12 21:40:42.490000', NULL, '1', 'sysUser', NULL, '用户表', NULL, NULL, NULL, '1', NULL, '40288a8182a656740182a659f4d10001', NULL, NULL);
INSERT INTO `sys_reources` VALUES ('40288a8183cb89660183cc6d5e410016', '2022-10-12 21:41:03.169000', '2022-12-07 22:18:53.583000', '1', 'sysUser:save', 'IconStar', '保存', NULL, NULL, 'role2', '2', '/sysUser/save', '40288a8182a656740182a659f4d10001', '40288a8182a656740182a659f4d10001', 'sysUser');
INSERT INTO `sys_reources` VALUES ('40288a8183cb89660183cc6d5e430017', '2022-10-12 21:41:03.171000', '2022-12-28 08:35:13.364000', '1', 'sysUser:remove', 'IconDelete', '删除', 'sysDict:page', NULL, 'role2', '2', '/sysUser/remove', '40288a8182a656740182a659f4d10001', '40288a8182a656740182a659f4d10001', 'sysUser');
INSERT INTO `sys_reources` VALUES ('40288a8183cb89660183cc70b9700018', '2022-10-12 21:44:43.119000', '2022-11-17 09:15:58.129000', '1', 'sysDict:save', NULL, '保存', 'sysDict:page', NULL, 'role2', '2', '/sysDict/save', '40288a8182a656740182a659f4d10001', '40288a8182a656740182a659f4d10001', 'sysDict');
INSERT INTO `sys_reources` VALUES ('40288a8183cb89660183cc70b9700019', '2022-10-12 21:44:43.119000', NULL, '1', 'sysDict', NULL, '字典表', NULL, NULL, NULL, '1', NULL, '40288a8182a656740182a659f4d10001', NULL, NULL);
INSERT INTO `sys_reources` VALUES ('40288a8183cb89660183cc70b972001a', '2022-10-12 21:44:43.122000', '2022-12-29 22:05:00.007000', '1', 'sysDict:page', NULL, '查询', NULL, NULL, 'role1', '2', '/sysDict/page', '40288a8182a656740182a659f4d10001', '40288a8182a656740182a659f4d10001', 'sysDict');
INSERT INTO `sys_reources` VALUES ('40288a8183cb89660183cc70efed001b', '2022-10-12 21:44:57.069000', '2022-10-12 22:49:57.922000', '1', 'sysDict:sync', NULL, '同步', 'sysDict:page', NULL, '40288a8182f310a10182f3a3a5690000', '2', '/sysDict/sync', '40288a8182a656740182a659f4d10001', '40288a8182a656740182a659f4d10001', 'sysDict');
INSERT INTO `sys_reources` VALUES ('40288a8183cb89660183cc70eff0001c', '2022-10-12 21:44:57.072000', '2022-11-17 09:15:58.095000', '1', 'sysDict:remove', NULL, '删除', 'sysDict:page', NULL, 'role2', '2', '/sysDict/remove', '40288a8182a656740182a659f4d10001', '40288a8182a656740182a659f4d10001', 'sysDict');
INSERT INTO `sys_reources` VALUES ('40288a8183cc91b90183cc9564a30000', '2022-10-12 22:24:46.237000', '2022-10-12 22:26:26.558000', '1', 'form', NULL, '表单设计', NULL, NULL, NULL, '1', NULL, '40288a8182a656740182a659f4d10001', '40288a8182a656740182a659f4d10001', NULL);
INSERT INTO `sys_reources` VALUES ('40288a8183cc91b90183cc9564a30001', '2022-10-12 22:24:46.237000', '2022-10-12 22:49:57.919000', '1', 'form:save:formDto', NULL, '表单保存', NULL, NULL, '40288a8182f310a10182f3a3a5690000', '2', '/form/save/formDto', '40288a8182a656740182a659f4d10001', '40288a8182a656740182a659f4d10001', 'form');
INSERT INTO `sys_reources` VALUES ('40288a8183cc91b90183cc9868ff0002', '2022-10-12 22:28:03.967000', '2022-10-12 22:49:57.916000', '1', 'formEvent:save:formEventDto', NULL, '事件保存', 'form:save:formDto', NULL, '40288a8182f310a10182f3a3a5690000', '2', '/formEvent/save/formEventDto', '40288a8182a656740182a659f4d10001', '40288a8182a656740182a659f4d10001', 'form');
INSERT INTO `sys_reources` VALUES ('40288a8183cc91b90183cca3188f0005', '2022-10-12 22:39:44.271000', '2022-10-12 22:49:57.913000', '1', 'sysFilter:initData', NULL, '同步', 'sysFilterDetail:page', NULL, '40288a8182f310a10182f3a3a5690000', '2', '/sysFilter/initData', '40288a8182a656740182a659f4d10001', '40288a8182a656740182a659f4d10001', 'sysFilterDetail');
INSERT INTO `sys_reources` VALUES ('40288a8183cc91b90183cca9dc260008', '2022-10-12 22:47:07.545000', '2022-10-12 22:49:57.905000', '1', 'sysFilterDetail:remove', NULL, '删除', 'sysFilterDetail:page', NULL, '40288a8182f310a10182f3a3a5690000', '2', '/sysFilterDetail/remove', '40288a8182a656740182a659f4d10001', '40288a8182a656740182a659f4d10001', 'sysFilterDetail');
INSERT INTO `sys_reources` VALUES ('40288a8183cc91b90183cca9dc260009', '2022-10-12 22:47:07.546000', '2022-10-12 22:47:19.123000', '1', 'sysFilterDetail', NULL, '查询配置', NULL, NULL, NULL, '1', NULL, '40288a8182a656740182a659f4d10001', '40288a8182a656740182a659f4d10001', NULL);
INSERT INTO `sys_reources` VALUES ('40288a8183cc91b90183cca9dc33000a', '2022-10-12 22:47:07.545000', '2022-10-12 22:49:57.908000', '1', 'sysFilterDetail:page', NULL, '查询', NULL, NULL, '40288a8182f310a10182f3a3a5690000', '2', '/sysFilterDetail/page', '40288a8182a656740182a659f4d10001', '40288a8182a656740182a659f4d10001', 'sysFilterDetail');
INSERT INTO `sys_reources` VALUES ('40288a8183daa5370183daa70e800008', '2022-10-15 15:58:44.863000', NULL, '1', 'customer', NULL, '客户', NULL, NULL, NULL, '1', NULL, '40288a8182a656740182a659f4d10001', NULL, NULL);
INSERT INTO `sys_reources` VALUES ('40288a8183daa5370183daa70e800009', '2022-10-15 15:58:44.863000', '2022-12-29 22:05:00.001000', '1', 'customer:save', NULL, '保存', 'customer:page', NULL, 'role1', '2', '/customer/save', '40288a8182a656740182a659f4d10001', '40288a8182a656740182a659f4d10001', 'customer');
INSERT INTO `sys_reources` VALUES ('40288a8183daa5370183daa70e80000a', '2022-10-15 15:58:44.863000', '2022-12-29 22:05:00.005000', '1', 'customer:remove', NULL, '删除', 'customer:page', NULL, 'role1', '2', '/customer/remove', '40288a8182a656740182a659f4d10001', '40288a8182a656740182a659f4d10001', 'customer');
INSERT INTO `sys_reources` VALUES ('40288a8183daa5370183daa70e80000b', '2022-10-15 15:58:44.864000', '2022-12-29 22:04:59.999000', '1', 'customer:page', NULL, '查询', NULL, NULL, 'role1', '2', '/customer/page', '40288a8182a656740182a659f4d10001', '40288a8182a656740182a659f4d10001', 'customer');
INSERT INTO `sys_reources` VALUES ('40288a8183df88f80183df8d70bb0000', '2022-10-16 14:48:52.150000', '2022-10-16 14:49:32.347000', '1', 'formEvent:remove', NULL, '删除', 'formEvent:save:formEventDto', NULL, '40288a8182f310a10182f3a3a5690000', '2', '/formEvent/remove', '40288a8182a656740182a659f4d10001', '40288a8182a656740182a659f4d10001', 'formEvent');
INSERT INTO `sys_reources` VALUES ('40288a81842194ff0184219719c10000', '2022-10-29 10:34:21.495000', '2022-10-29 10:35:08.975000', '1', 'formItem:page', NULL, '查询', NULL, NULL, '40288a8182f310a10182f3a3a5690000', '2', '/formItem/page', '40288a8182a656740182a659f4d10001', '40288a8182a656740182a659f4d10001', 'formItem');
INSERT INTO `sys_reources` VALUES ('40288a81842194ff0184219719c10001', '2022-10-29 10:34:21.495000', '2022-10-29 10:34:41.507000', '1', 'formItem', NULL, '数据项目', NULL, NULL, NULL, '1', NULL, '40288a8182a656740182a659f4d10001', '40288a8182a656740182a659f4d10001', NULL);
INSERT INTO `sys_reources` VALUES ('40288a81842194ff0184219719c10002', '2022-10-29 10:34:21.503000', '2022-10-29 10:35:00.284000', '1', 'formItem:save', NULL, '保存', NULL, NULL, '40288a8182f310a10182f3a3a5690000', '2', '/formItem/save', '40288a8182a656740182a659f4d10001', '40288a8182a656740182a659f4d10001', 'formItem');
INSERT INTO `sys_reources` VALUES ('40288a81842194ff0184219719c10003', '2022-10-29 10:34:21.495000', '2022-10-29 10:37:06.548000', '1', 'formItem:remove', NULL, '删除', 'formItem:page', NULL, '40288a8182f310a10182f3a3a5690000', '2', '/formItem/remove', '40288a8182a656740182a659f4d10001', '40288a8182a656740182a659f4d10001', 'formItem');
INSERT INTO `sys_reources` VALUES ('40288a8184419a01018441f4d121005a', '2022-11-04 17:24:34.208000', '2022-11-04 17:25:05.717000', '1', 'formCondition:page', NULL, '查询', NULL, NULL, '40288a8182f310a10182f3a3a5690000', '2', '/formCondition/page', '40288a8182a656740182a659f4d10001', '40288a8182a656740182a659f4d10001', 'formCondition');
INSERT INTO `sys_reources` VALUES ('40288a8184419a01018441f4d129005b', '2022-11-04 17:24:34.217000', '2022-11-04 17:24:45.860000', '1', 'formCondition', NULL, '查询过滤条件', NULL, NULL, NULL, '1', NULL, '40288a8182a656740182a659f4d10001', '40288a8182a656740182a659f4d10001', NULL);
INSERT INTO `sys_reources` VALUES ('40288a8184419a01018441f4d129005c', '2022-11-04 17:24:34.217000', '2022-11-04 17:25:20.176000', '1', 'formCondition:remove', NULL, '删除', 'formCondition:page', NULL, '40288a8182f310a10182f3a3a5690000', '2', '/formCondition/remove', '40288a8182a656740182a659f4d10001', '40288a8182a656740182a659f4d10001', 'formCondition');
INSERT INTO `sys_reources` VALUES ('40288a8184419a01018441f4d13d005d', '2022-11-04 17:24:34.237000', '2022-11-04 17:25:38.081000', '1', 'formCondition:save', NULL, '保存', 'formCondition:page', NULL, '40288a8182f310a10182f3a3a5690000', '2', '/formCondition/save', '40288a8182a656740182a659f4d10001', '40288a8182a656740182a659f4d10001', 'formCondition');
INSERT INTO `sys_reources` VALUES ('40288a8184419a01018442101328005e', '2022-11-04 17:54:20.583000', NULL, '1', 'reportItem', NULL, '报表统计项', NULL, NULL, NULL, '1', NULL, '40288a8182a656740182a659f4d10001', NULL, NULL);
INSERT INTO `sys_reources` VALUES ('40288a8184419a01018442101328005f', '2022-11-04 17:54:20.583000', '2022-11-04 17:55:07.642000', '1', 'reportItem:page', NULL, '查询', NULL, NULL, '40288a8182f310a10182f3a3a5690000', '2', '/reportItem/page', '40288a8182a656740182a659f4d10001', '40288a8182a656740182a659f4d10001', 'reportItem');
INSERT INTO `sys_reources` VALUES ('40288a8184419a010184421013290060', '2022-11-04 17:54:20.585000', '2022-11-04 17:54:45.141000', '1', 'reportItem:save', NULL, '保存', 'reportItem:page', NULL, '40288a8182f310a10182f3a3a5690000', '2', '/reportItem/save', '40288a8182a656740182a659f4d10001', '40288a8182a656740182a659f4d10001', 'reportItem');
INSERT INTO `sys_reources` VALUES ('40288a8184419a010184421013290061', '2022-11-04 17:54:20.585000', '2022-11-04 17:54:59.957000', '1', 'reportItem:remove', NULL, '删除', 'reportItem:page', NULL, '40288a8182f310a10182f3a3a5690000', '2', '/reportItem/remove', '40288a8182a656740182a659f4d10001', '40288a8182a656740182a659f4d10001', 'reportItem');
INSERT INTO `sys_reources` VALUES ('4028b88184aee3c20184aeea40860003', '2022-11-25 21:11:38.374000', '2022-11-25 21:13:18.186000', '1', 'reportKpi:save', NULL, '保存', 'reportKpi:list', NULL, '40288a8182f310a10182f3a3a5690000', '2', '/reportKpi/save', '40288a8182a656740182a659f4d10001', '40288a8182a656740182a659f4d10001', 'reportKpi');
INSERT INTO `sys_reources` VALUES ('4028b88184aee3c20184aeea40860004', '2022-11-25 21:11:38.374000', '2023-01-03 16:20:10.728000', '1', 'reportKpi:detail', 'IconSearch', '明细', 'reportKpi:list', NULL, '40288a8182f310a10182f3a3a5690000', '2', '/reportKpi/detail', '40288a8182a656740182a659f4d10001', '40288a8182a656740182a659f4d10001', 'reportKpi');
INSERT INTO `sys_reources` VALUES ('4028b88184aee3c20184aeea40880005', '2022-11-25 21:11:38.376000', '2022-11-25 21:12:51.285000', '1', 'reportKpi:list', NULL, '查询', NULL, NULL, '40288a8182f310a10182f3a3a5690000', '2', '/reportKpi/list', '40288a8182a656740182a659f4d10001', '40288a8182a656740182a659f4d10001', 'reportKpi');
INSERT INTO `sys_reources` VALUES ('4028b88184aee3c20184aeea408e0006', '2022-11-25 21:11:38.382000', NULL, '1', 'reportKpi', NULL, '关键指标', NULL, NULL, NULL, '1', NULL, '40288a8182a656740182a659f4d10001', NULL, NULL);
INSERT INTO `sys_reources` VALUES ('4028b88184aee3c20184aeea5bc60007', '2022-11-25 21:11:45.349000', '2022-12-07 21:13:02.588000', '1', 'reportKpi:remove', 'IconExpand', '删除', 'reportKpi:list', NULL, '40288a8182f310a10182f3a3a5690000', '2', '/reportKpi/remove', '40288a8182a656740182a659f4d10001', '40288a8182a656740182a659f4d10001', 'reportKpi');
INSERT INTO `sys_reources` VALUES ('4028b88185babe200185bb38de73001c', '2023-01-16 23:35:44.498000', '2023-01-16 23:47:25.048000', '1', 'oaNews:remove', 'IconDelete', '删除', 'oaNews:page', NULL, 'role1', '2', '/oaNews/remove', '40288a8182a656740182a659f4d10001', '40288a8182a656740182a659f4d10001', 'oaNews');
INSERT INTO `sys_reources` VALUES ('4028b88185babe200185bb38de83001d', '2023-01-16 23:35:44.515000', '2023-01-16 23:47:38.256000', '1', 'oaNews:save', 'IconImage', '保存', 'oaNews:page', NULL, 'role1', '2', '/oaNews/save', '40288a8182a656740182a659f4d10001', '40288a8182a656740182a659f4d10001', 'oaNews');
INSERT INTO `sys_reources` VALUES ('4028b88185babe200185bb38de88001e', '2023-01-16 23:35:44.520000', '2023-01-16 23:36:03.189000', '1', 'oaNews', 'IconStar', '新闻管理', NULL, NULL, NULL, '1', NULL, '40288a8182a656740182a659f4d10001', '40288a8182a656740182a659f4d10001', NULL);
INSERT INTO `sys_reources` VALUES ('4028b88185babe200185bb38de99001f', '2023-01-16 23:35:44.537000', NULL, '0', 'oaNews:detail', NULL, '明细', NULL, NULL, NULL, '2', '/oaNews/detail', '40288a8182a656740182a659f4d10001', NULL, 'oaNews');
INSERT INTO `sys_reources` VALUES ('4028b88185bb3c1a0185bb42a5330000', '2023-01-16 23:46:25.200000', '2023-01-16 23:46:45.561000', '1', 'oaNews:page', NULL, '查询', NULL, NULL, 'role1', '2', '/oaNews/page', '40288a8182a656740182a659f4d10001', '40288a8182a656740182a659f4d10001', 'oaNews');

-- ----------------------------
-- Table structure for sys_role
-- ----------------------------
DROP TABLE IF EXISTS `sys_role`;
CREATE TABLE `sys_role`  (
  `id` varchar(50) CHARACTER SET utf8mb4 COLLATE utf8mb4_general_ci NOT NULL,
  `create_date` datetime(6) NULL DEFAULT NULL,
  `modify_date` datetime(6) NULL DEFAULT NULL,
  `status` varchar(2) CHARACTER SET utf8mb4 COLLATE utf8mb4_general_ci NULL DEFAULT NULL,
  `name` varchar(255) CHARACTER SET utf8mb4 COLLATE utf8mb4_general_ci NULL DEFAULT NULL,
  `remark` varchar(255) CHARACTER SET utf8mb4 COLLATE utf8mb4_general_ci NULL DEFAULT NULL,
  `create_id` varchar(255) CHARACTER SET utf8mb4 COLLATE utf8mb4_general_ci NULL DEFAULT NULL,
  `modify_id` varchar(255) CHARACTER SET utf8mb4 COLLATE utf8mb4_general_ci NULL DEFAULT NULL,
  PRIMARY KEY (`id`) USING BTREE
) ENGINE = InnoDB CHARACTER SET = utf8mb4 COLLATE = utf8mb4_general_ci ROW_FORMAT = DYNAMIC;

-- ----------------------------
-- Records of sys_role
-- ----------------------------
INSERT INTO `sys_role` VALUES ('40288a8182f310a10182f3a3a5690000', '2022-08-31 19:22:44.454000', '2022-10-12 22:49:57.892000', '1', '配置管理', '开发运维使用', NULL, '40288a8182a656740182a659f4d10001');
INSERT INTO `sys_role` VALUES ('40288a8183ac169d0183ac19dd150005', '2022-10-06 15:01:59.701000', '2022-10-06 15:02:08.540000', '0', '测试角色', '描述介绍', '40288a8182a656740182a659f4d10001', '40288a8182a656740182a659f4d10001');
INSERT INTO `sys_role` VALUES ('role1', '2022-08-15 15:49:16.310000', '2022-12-29 22:04:59.997000', '1', '业务数据管理', '一般用户使用', NULL, '40288a8182a656740182a659f4d10001');
INSERT INTO `sys_role` VALUES ('role2', '2022-08-15 15:49:35.681000', '2022-11-17 09:15:58.071000', '1', '基础数据管理', '系统管理员使用', NULL, '40288a8182a656740182a659f4d10001');

-- ----------------------------
-- Table structure for sys_role_group
-- ----------------------------
DROP TABLE IF EXISTS `sys_role_group`;
CREATE TABLE `sys_role_group`  (
  `id` varchar(50) CHARACTER SET utf8mb4 COLLATE utf8mb4_general_ci NOT NULL,
  `create_date` datetime(6) NULL DEFAULT NULL,
  `modify_date` datetime(6) NULL DEFAULT NULL,
  `status` varchar(2) CHARACTER SET utf8mb4 COLLATE utf8mb4_general_ci NULL DEFAULT NULL,
  `sys_group_id` varchar(255) CHARACTER SET utf8mb4 COLLATE utf8mb4_general_ci NULL DEFAULT NULL,
  `sys_role_id` varchar(255) CHARACTER SET utf8mb4 COLLATE utf8mb4_general_ci NULL DEFAULT NULL,
  `create_id` varchar(255) CHARACTER SET utf8mb4 COLLATE utf8mb4_general_ci NULL DEFAULT NULL,
  `modify_id` varchar(255) CHARACTER SET utf8mb4 COLLATE utf8mb4_general_ci NULL DEFAULT NULL,
  PRIMARY KEY (`id`) USING BTREE
) ENGINE = InnoDB CHARACTER SET = utf8mb4 COLLATE = utf8mb4_general_ci ROW_FORMAT = DYNAMIC;

-- ----------------------------
-- Records of sys_role_group
-- ----------------------------
INSERT INTO `sys_role_group` VALUES ('1', NULL, NULL, '1', 'group1', 'role1', '1', NULL);
INSERT INTO `sys_role_group` VALUES ('3', NULL, NULL, '1', 'group2', 'role1', '1', NULL);
INSERT INTO `sys_role_group` VALUES ('4', NULL, NULL, '0', 'group2', 'role2', '1', NULL);
INSERT INTO `sys_role_group` VALUES ('40288a8182f310a10182f3a45a200001', '2022-08-31 19:23:30.718000', NULL, '0', 'group2', '40288a8182f310a10182f3a3a5690000', '1', NULL);
INSERT INTO `sys_role_group` VALUES ('40288a8183360b430183361492140033', '2022-09-13 17:01:01.332000', NULL, '1', '40288a8183360b430183361492090031', 'role2', '1', NULL);
INSERT INTO `sys_role_group` VALUES ('40288a8183360b430183361553550038', '2022-09-13 17:01:50.805000', NULL, '1', '40288a8183360b430183361553530037', '40288a8182f310a10182f3a3a5690000', '1', NULL);
INSERT INTO `sys_role_group` VALUES ('40288a8183360b4301833615535b0039', '2022-09-13 17:01:50.811000', NULL, '1', '40288a8183360b430183361553530037', 'role2', '1', NULL);
INSERT INTO `sys_role_group` VALUES ('40288a8183360b43018336155360003a', '2022-09-13 17:01:50.815000', NULL, '1', '40288a8183360b430183361553530037', 'role1', '1', NULL);
INSERT INTO `sys_role_group` VALUES ('4028b881857029f80185704823ac001c', '2023-01-02 10:20:54.060000', NULL, '1', 'group1', '40288a8182f310a10182f3a3a5690000', '40288a8182a656740182a659f4d10001', NULL);
INSERT INTO `sys_role_group` VALUES ('4028b881857029f80185704823ae001d', '2023-01-02 10:20:54.062000', NULL, '1', 'group1', 'role2', '40288a8182a656740182a659f4d10001', NULL);
INSERT INTO `sys_role_group` VALUES ('4028b881857029f8018570489f8b001e', '2023-01-02 10:21:25.771000', NULL, '1', 'group2', '40288a8182f310a10182f3a3a5690000', '40288a8182a656740182a659f4d10001', NULL);
INSERT INTO `sys_role_group` VALUES ('4028b881857029f8018570489f8d001f', '2023-01-02 10:21:25.772000', NULL, '1', 'group2', 'role2', '40288a8182a656740182a659f4d10001', NULL);

-- ----------------------------
-- Table structure for sys_user
-- ----------------------------
DROP TABLE IF EXISTS `sys_user`;
CREATE TABLE `sys_user`  (
  `id` varchar(50) CHARACTER SET utf8mb4 COLLATE utf8mb4_general_ci NOT NULL,
  `create_date` datetime(6) NULL DEFAULT NULL,
  `modify_date` datetime(6) NULL DEFAULT NULL,
  `status` varchar(2) CHARACTER SET utf8mb4 COLLATE utf8mb4_general_ci NULL DEFAULT NULL,
  `idno` varchar(255) CHARACTER SET utf8mb4 COLLATE utf8mb4_general_ci NULL DEFAULT NULL,
  `name` varchar(255) CHARACTER SET utf8mb4 COLLATE utf8mb4_general_ci NULL DEFAULT NULL,
  `password` varchar(255) CHARACTER SET utf8mb4 COLLATE utf8mb4_general_ci NULL DEFAULT NULL,
  `state` varchar(255) CHARACTER SET utf8mb4 COLLATE utf8mb4_general_ci NULL DEFAULT NULL,
  `sys_group_id` varchar(255) CHARACTER SET utf8mb4 COLLATE utf8mb4_general_ci NULL DEFAULT NULL,
  `tel` varchar(255) CHARACTER SET utf8mb4 COLLATE utf8mb4_general_ci NULL DEFAULT NULL,
  `username` varchar(255) CHARACTER SET utf8mb4 COLLATE utf8mb4_general_ci NULL DEFAULT NULL,
  `usetype` varchar(255) CHARACTER SET utf8mb4 COLLATE utf8mb4_general_ci NULL DEFAULT NULL,
  `create_id` varchar(255) CHARACTER SET utf8mb4 COLLATE utf8mb4_general_ci NULL DEFAULT NULL,
  `modify_id` varchar(255) CHARACTER SET utf8mb4 COLLATE utf8mb4_general_ci NULL DEFAULT NULL,
  `sys_org_id` varchar(255) CHARACTER SET utf8mb4 COLLATE utf8mb4_general_ci NULL DEFAULT NULL,
  `login_num` int(11) NULL DEFAULT NULL,
  `sys_dept_id` varchar(255) CHARACTER SET utf8mb4 COLLATE utf8mb4_general_ci NULL DEFAULT NULL,
  `lij` varchar(255) CHARACTER SET utf8mb4 COLLATE utf8mb4_general_ci NULL DEFAULT NULL,
  `source` text CHARACTER SET utf8mb4 COLLATE utf8mb4_general_ci NULL,
  `avatar` varchar(255) CHARACTER SET utf8mb4 COLLATE utf8mb4_general_ci NULL DEFAULT NULL,
  PRIMARY KEY (`id`) USING BTREE
) ENGINE = InnoDB CHARACTER SET = utf8mb4 COLLATE = utf8mb4_general_ci ROW_FORMAT = DYNAMIC;

-- ----------------------------
-- Records of sys_user
-- ----------------------------
INSERT INTO `sys_user` VALUES ('40288a8182a656740182a659f4d10001', '2022-08-16 19:11:29.489000', '2023-01-29 23:07:15.191000', '1', '', 'VIP', '{F4T9t2BE3HCvD9khLCxL/nyib/AdM1WqR/tMx5eJJ2k=}f0afa783ba7607063606fdb43c2e55fb', '1', '40288a8183360b430183361553530037', '13871501111', 'manage', '2', '40288a8182a656740182a659f4d10001', '40288a8182a656740182a659f4d10001', '4028b881857568ed01857590c3c40053', 20005, '4028b8818575989b0185759fb4660004', NULL, NULL, 'ff80808185fdef520185fdfe571c0002');
INSERT INTO `sys_user` VALUES ('4028b881857568ed01857593efa20065', '2023-01-03 11:01:47.554000', '2023-01-03 13:23:44.855000', '1', NULL, '管理员', '{F4T9t2BE3HCvD9khLCxL/nyib/AdM1WqR/tMx5eJJ2k=}f0afa783ba7607063606fdb43c2e55fb', NULL, '40288a8183360b430183361553530037', NULL, 'admin', '1', '40288a8182a656740182a659f4d10001', '4028b881857568ed01857593efa20065', '4028b881857568ed0185759124400054', 20, '4028b8818575989b018575a1b4900008', NULL, NULL, '4028b881857568ed01857593e5a20064');

SET FOREIGN_KEY_CHECKS = 1;
